{"type":"FeatureCollection","name":"Proposed Project Infrastructure","source":"https://services-ap1.arcgis.com/oOhFjgN0cUEZBHqy/arcgis/rest/services/PR25_BDY_ProjectBoundaries/FeatureServer/0","geometryType":"esriGeometryPolygon","features":[{"type":"Feature","id":1,"geometry":{"type":"Polygon","coordinates":[[[116.772530349883,-20.626591495282],[116.77253012364,-20.6265938940389],[116.772529457906,-20.6265962199293],[116.772528373904,-20.6265984006931],[116.772526903404,-20.6266003713131],[116.772525092569,-20.6266020713089],[116.772522994264,-20.6266034501486],[116.772520674781,-20.6266044645468],[116.772518203271,-20.6266050847757],[116.77251565463,-20.6266052910547],[116.772513106612,-20.6266050780647],[116.772510636955,-20.6266044513296],[116.772508319535,-20.6266034308258],[116.772506226295,-20.6266020464669],[116.772504420518,-20.626600341709],[116.77250295588,-20.6265983672241],[116.772501878362,-20.6265961836142],[116.772501219542,-20.6265938559798],[116.772501000428,-20.6265914566364],[116.772501226671,-20.6265890578796],[116.772501892404,-20.6265867328929],[116.772502976407,-20.6265845521293],[116.772504446906,-20.6265825815095],[116.772506257743,-20.6265808806103],[116.772508355086,-20.6265795026731],[116.772510675531,-20.6265784873727],[116.772513147039,-20.6265778680476],[116.77251569568,-20.6265776608649],[116.772518243696,-20.6265778747585],[116.772520713355,-20.6265785005899],[116.772523029813,-20.6265795219958],[116.772525124014,-20.6265809054522],[116.772526929789,-20.6265826111136],[116.772528394428,-20.6265845855982],[116.772529471946,-20.626586769208],[116.772530130768,-20.6265890959387],[116.772530349883,-20.626591495282]]]},"properties":{"OBJECTID":1,"Layer":"FLARE STACK","RefName":" ","Area_ha":0.0007306411729936399,"Shape__Area":7.305908203125,"Shape__Length":9.594209863871498}},{"type":"Feature","id":2,"geometry":{"type":"Polygon","coordinates":[[[116.771103252186,-20.6269086665794],[116.771775129351,-20.626909555464],[116.771771088416,-20.6296203458687],[116.771099199355,-20.629619456857],[116.771103252186,-20.6269086665794]]]},"properties":{"OBJECTID":2,"Layer":"75,000 TON STORAGE BUILDING","RefName":" ","Area_ha":2.1,"Shape__Area":21000,"Shape__Length":740}},{"type":"Feature","id":3,"geometry":{"type":"Polygon","coordinates":[[[116.771584842481,-20.6297739879317],[116.771783799594,-20.629774250897],[116.771783711422,-20.6298333976223],[116.771584754232,-20.6298331346563],[116.771584842481,-20.6297739879317]]]},"properties":{"OBJECTID":3,"Layer":"STORAGE SUBSTN","RefName":" ","Area_ha":0.013567992416278051,"Shape__Area":135.6796875,"Shape__Length":54.54759999923408}},{"type":"Feature","id":4,"geometry":{"type":"Polygon","coordinates":[[[116.771150352281,-20.6297241233761],[116.771296952813,-20.6297243175313],[116.771296820272,-20.6298130380685],[116.771150219656,-20.6298128439124],[116.771150352281,-20.6297241233761]]]},"properties":{"OBJECTID":4,"Layer":"STORAGE SUBSTN","RefName":" ","Area_ha":0.0149963405255338,"Shape__Area":149.96337890625,"Shape__Length":50.18400000222027}},{"type":"Feature","id":5,"geometry":{"type":"Polygon","coordinates":[[[116.771474338714,-20.6301454809526],[116.771354963775,-20.6301453229838],[116.771355078616,-20.6300684323362],[116.771474453495,-20.6300685903043],[116.771474338714,-20.6301454809526]]]},"properties":{"OBJECTID":5,"Layer":"GATE HOUSE","RefName":" ","Area_ha":0.010583055685906168,"Shape__Area":105.83056640625,"Shape__Length":41.89259999990463}},{"type":"Feature","id":6,"geometry":{"type":"Polygon","coordinates":[[[116.772055839773,-20.629920505089],[116.772818159934,-20.6299215093456],[116.772817824931,-20.6301472530977],[116.772055503645,-20.630146248829],[116.772055839773,-20.629920505089]]]},"properties":{"OBJECTID":6,"Layer":"CONTROL ROOM","RefName":" ","Area_ha":0.19841664536803436,"Shape__Area":1984.16650390625,"Shape__Length":208.8082000017166}},{"type":"Feature","id":7,"geometry":{"type":"Polygon","coordinates":[[[116.77297818948,-20.6300449425546],[116.772978321047,-20.629956222913],[116.773523882795,-20.6299569390487],[116.773523751544,-20.6300456586937],[116.77297818948,-20.6300449425546]]]},"properties":{"OBJECTID":7,"Layer":"UREA/AMMONIA SUBSTN","RefName":" ","Area_ha":0.055806979410656356,"Shape__Area":558.06982421875,"Shape__Length":133.31420000083745}},{"type":"Feature","id":8,"geometry":{"type":"Polygon","coordinates":[[[116.773057732131,-20.6300726492966],[116.773480777826,-20.6300732045688],[116.773480680097,-20.6301392520672],[116.77305763422,-20.630138696793],[116.773057732131,-20.6300726492966]]]},"properties":{"OBJECTID":8,"Layer":"UREA/AMMONIA SUBSTN","RefName":" ","Area_ha":0.03221574193478181,"Shape__Area":322.1572265625,"Shape__Length":102.76759999990463}},{"type":"Feature","id":9,"geometry":{"type":"Polygon","coordinates":[[[116.774608971405,-20.6297897892573],[116.774608438755,-20.6301515704409],[116.773837740786,-20.6301505631073],[116.773838275257,-20.6297887819428],[116.774608971405,-20.6297897892573]],[[116.773934477868,-20.6298796002455],[116.773934211475,-20.6300599979169],[116.774510141189,-20.6300607506808],[116.774510406904,-20.6298803530023],[116.773934477868,-20.6298796002455]]]},"properties":{"OBJECTID":9,"Layer":"CLEAN STORM WATER POND","RefName":" ","Area_ha":0.2016891228031449,"Shape__Area":2016.89111328125,"Shape__Length":400.59739999845624}},{"type":"Feature","id":10,"geometry":{"type":"Polygon","coordinates":[[[116.773934477868,-20.6298796002455],[116.774510406904,-20.6298803530023],[116.774510141189,-20.6300607506808],[116.773934211475,-20.6300599979169],[116.773934477868,-20.6298796002455]]]},"properties":{"OBJECTID":10,"Layer":"CLEAN STORM WATER POND","RefName":" ","Area_ha":0.11979119145493135,"Shape__Area":1197.912109375,"Shape__Length":159.93359999917448}},{"type":"Feature","id":11,"geometry":{"type":"Polygon","coordinates":[[[116.773985342086,-20.6294725378319],[116.774178015723,-20.6294727898152],[116.774177749621,-20.6296531884017],[116.773985075757,-20.6296529364161],[116.773985342086,-20.6294725378319]]]},"properties":{"OBJECTID":11,"Layer":"CPI","RefName":" ","Area_ha":0.04007573907441737,"Shape__Area":400.75732421875,"Shape__Length":80.07599999941885}},{"type":"Feature","id":12,"geometry":{"type":"Polygon","coordinates":[[[116.774609504043,-20.6294280080584],[116.774609104929,-20.6296990970511],[116.774321141707,-20.6296987210817],[116.774321541331,-20.6294276320943],[116.774609504043,-20.6294280080584]],[[116.774369642176,-20.6294730402157],[116.7743693763,-20.6296534388047],[116.774561003941,-20.6296536889963],[116.774561269592,-20.629473290405],[116.774369642176,-20.6294730402157]]]},"properties":{"OBJECTID":12,"Layer":"CONTAMINATED STORM WATER POND","RefName":" ","Area_ha":0.050148474095027123,"Shape__Area":501.48486328125,"Shape__Length":199.86240000091493}},{"type":"Feature","id":13,"geometry":{"type":"Polygon","coordinates":[[[116.774369642176,-20.6294730402157],[116.774561269592,-20.629473290405],[116.774561003941,-20.6296536889963],[116.7743693763,-20.6296534388047],[116.774369642176,-20.6294730402157]]]},"properties":{"OBJECTID":13,"Layer":"CONTAMINATED STORM WATER POND","RefName":" ","Area_ha":0.03985812602593711,"Shape__Area":398.5810546875,"Shape__Length":79.85800000093877}},{"type":"Feature","id":14,"geometry":{"type":"Polygon","coordinates":[[[116.775723734876,-20.6300938752382],[116.775603313711,-20.6300937188473],[116.775603884467,-20.6297043354622],[116.775724305325,-20.6297044918499],[116.775723734876,-20.6300938752382]]]},"properties":{"OBJECTID":14,"Layer":"AIR SEPARATION UNIT","RefName":" ","Area_ha":0.05406354503523134,"Shape__Area":540.63525390625,"Shape__Length":111.27700000070035}},{"type":"Feature","id":15,"geometry":{"type":"Polygon","coordinates":[[[116.775745324657,-20.6296522730663],[116.775921767615,-20.6296525020349],[116.775921717115,-20.6296870040759],[116.775745274117,-20.6296867751069],[116.775745324657,-20.6296522730663]]]},"properties":{"OBJECTID":15,"Layer":"AIR SEPARATION UNIT","RefName":" ","Area_ha":0.007018989975478599,"Shape__Area":70.18994140625,"Shape__Length":44.4015999995172}},{"type":"Feature","id":16,"geometry":{"type":"Polygon","coordinates":[[[116.775964943154,-20.6298447850893],[116.775965168201,-20.6296910037389],[116.776040561891,-20.6296911015029],[116.77604033692,-20.6298448828541],[116.775964943154,-20.6298447850893]]]},"properties":{"OBJECTID":16,"Layer":"AIR SEPARATION UNIT","RefName":" ","Area_ha":0.013367927023540987,"Shape__Area":133.67919921875,"Shape__Length":49.747199999168515}},{"type":"Feature","id":17,"geometry":{"type":"Polygon","coordinates":[[[116.775927928415,-20.6300941402323],[116.775807506289,-20.6300939839825],[116.775808076524,-20.629704600592],[116.775928498345,-20.6297047568385],[116.775927928415,-20.6300941402323]]]},"properties":{"OBJECTID":17,"Layer":"AIR SEPARATION UNIT","RefName":" ","Area_ha":0.05406397596049932,"Shape__Area":540.6396484375,"Shape__Length":111.27720000036061}},{"type":"Feature","id":18,"geometry":{"type":"Polygon","coordinates":[[[116.77578320052,-20.629530085217],[116.775783359334,-20.6294216490679],[116.776052474634,-20.629421998162],[116.776052316011,-20.6295304343131],[116.77578320052,-20.629530085217]]]},"properties":{"OBJECTID":18,"Layer":"SUBSTATION","RefName":" ","Area_ha":0.033646401875900366,"Shape__Area":336.46435546875,"Shape__Length":80.0760000012815}},{"type":"Feature","id":19,"geometry":{"type":"Polygon","coordinates":[[[116.775633426525,-20.6288378715167],[116.775748611752,-20.6288380210819],[116.775748281088,-20.6290637649079],[116.775633095692,-20.629063615341],[116.775633426525,-20.6288378715167]]]},"properties":{"OBJECTID":19,"Layer":null,"RefName":" ","Area_ha":0.029980609140621402,"Shape__Area":299.80615234375,"Shape__Length":73.9666000008583}},{"type":"Feature","id":20,"geometry":{"type":"Polygon","coordinates":[[[116.775806032101,-20.6289554035068],[116.775921217418,-20.6289555529577],[116.775921058705,-20.6290639891137],[116.775805873307,-20.6290638396619],[116.775806032101,-20.6289554035068]]]},"properties":{"OBJECTID":20,"Layer":"POWER GENERATION","RefName":" ","Area_ha":0.014401200025196704,"Shape__Area":144.01171875,"Shape__Length":48.002000000327826}},{"type":"Feature","id":21,"geometry":{"type":"Polygon","coordinates":[[[116.77659124806,-20.62905006976],[116.776591377526,-20.6289613500861],[116.776906566164,-20.6289617574223],[116.776906436881,-20.6290504770982],[116.77659124806,-20.62905006976]]]},"properties":{"OBJECTID":21,"Layer":null,"RefName":" ","Area_ha":0.03224169574520345,"Shape__Area":322.4169921875,"Shape__Length":85.31240000016987}},{"type":"Feature","id":22,"geometry":{"type":"Polygon","coordinates":[[[116.776554864725,-20.6288676529845],[116.777015604796,-20.6288682483262],[116.777015487062,-20.6289490823122],[116.776554746747,-20.6289484869679],[116.776554864725,-20.6288676529845]]]},"properties":{"OBJECTID":22,"Layer":null,"RefName":" ","Area_ha":0.042941539705460316,"Shape__Area":429.41552734375,"Shape__Length":113.89540000073612}},{"type":"Feature","id":23,"geometry":{"type":"Polygon","coordinates":[[[116.777137763493,-20.629112880032],[116.777138079193,-20.6288960086055],[116.777200907267,-20.6288960896486],[116.777200591656,-20.6291129610761],[116.777137763493,-20.629112880032]]]},"properties":{"OBJECTID":23,"Layer":"U&O & 33kV SUBSTATION & RIE","RefName":" ","Area_ha":0.015710269112420946,"Shape__Area":157.1025390625,"Shape__Length":61.09320000000298}},{"type":"Feature","id":24,"geometry":{"type":"Polygon","coordinates":[[[116.776929019984,-20.6286433780923],[116.77692913058,-20.6285674732261],[116.777145887303,-20.6285677529868],[116.777145776815,-20.6286436578541],[116.776929019984,-20.6286433780923]]]},"properties":{"OBJECTID":24,"Layer":null,"RefName":" ","Area_ha":0.018970145480811832,"Shape__Area":189.70166015625,"Shape__Length":61.9660000000149}},{"type":"Feature","id":25,"geometry":{"type":"Polygon","coordinates":[[[116.777342348574,-20.6288430392016],[116.777344385739,-20.6274422449302],[116.777622921182,-20.6274426036912],[116.777620886565,-20.6288433979891],[116.777342348574,-20.6288430392016]]]},"properties":{"OBJECTID":25,"Layer":"SEAWATER COOLING TOWER","RefName":" ","Area_ha":0.44986937670268573,"Shape__Area":4498.69384765625,"Shape__Length":368.08699999935925}},{"type":"Feature","id":26,"geometry":{"type":"Polygon","coordinates":[[[116.776644211747,-20.6271988386507],[116.776720651384,-20.6271989374606],[116.77672051913,-20.6272896288025],[116.776644079447,-20.6272895299922],[116.776644211747,-20.6271988386507]]]},"properties":{"OBJECTID":26,"Layer":null,"RefName":" ","Area_ha":0.007993127512900332,"Shape__Area":79.93115234375,"Shape__Length":36.001199999824166}},{"type":"Feature","id":27,"geometry":{"type":"Polygon","coordinates":[[[116.776669144461,-20.6273349086041],[116.776720453002,-20.6273349749249],[116.77672038256,-20.6273832785207],[116.776669074003,-20.6273832121997],[116.776669144461,-20.6273349086041]]]},"properties":{"OBJECTID":27,"Layer":null,"RefName":" ","Area_ha":0.0028575973915364004,"Shape__Area":28.57568359375,"Shape__Length":21.382599998265505}},{"type":"Feature","id":28,"geometry":{"type":"Polygon","coordinates":[[[116.77709018787,-20.6265478122755],[116.777608513217,-20.6265484802714],[116.777607961973,-20.6269280056054],[116.776744084905,-20.6269268913934],[116.77674463829,-20.6265473660817],[116.77709018787,-20.6265478122755]]]},"properties":{"OBJECTID":28,"Layer":null,"RefName":" ","Area_ha":0.3780295205744684,"Shape__Area":3780.29541015625,"Shape__Length":264.010399999097}},{"type":"Feature","id":29,"geometry":{"type":"Polygon","coordinates":[[[116.777090740387,-20.6261682860345],[116.777609064449,-20.6261689540171],[116.777608513217,-20.6265484802714],[116.77709018787,-20.6265478122755],[116.777090740387,-20.6261682860345]]]},"properties":{"OBJECTID":29,"Layer":"DESALINATION PLANT","RefName":" ","Area_ha":0.22681842037344296,"Shape__Area":2268.18408203125,"Shape__Length":192.0077999997884}},{"type":"Feature","id":30,"geometry":{"type":"Polygon","coordinates":[[[116.777250081839,-20.6260452686483],[116.777250253924,-20.6259269751008],[116.777587425778,-20.6259274094874],[116.777587253952,-20.6260457030377],[116.777250081839,-20.6260452686483]]]},"properties":{"OBJECTID":30,"Layer":"WASTE WATER TREATMENT PLANT","RefName":" ","Area_ha":0.045988386315971644,"Shape__Area":459.88330078125,"Shape__Length":96.44019999913871}},{"type":"Feature","id":31,"geometry":{"type":"Polygon","coordinates":[[[116.777364527409,-20.6258324875592],[116.777364703704,-20.6257112365334],[116.7775929742,-20.625711530538],[116.777592798085,-20.6258327815656],[116.777364527409,-20.6258324875592]]]},"properties":{"OBJECTID":31,"Layer":"SALT STORAGE","RefName":" ","Area_ha":0.03191329164883917,"Shape__Area":319.13330078125,"Shape__Length":74.40279999934137}},{"type":"Feature","id":32,"geometry":{"type":"Polygon","coordinates":[[[116.773809383147,-20.6287901466107],[116.7738701168,-20.6287902261225],[116.773869796473,-20.629007097503],[116.773809062734,-20.6290070179902],[116.773809383147,-20.6287901466107]]]},"properties":{"OBJECTID":32,"Layer":"RIE","RefName":" ","Area_ha":0.015186569474406511,"Shape__Area":151.865234375,"Shape__Length":60.65679999999702}},{"type":"Feature","id":33,"geometry":{"type":"Polygon","coordinates":[[[116.774136076322,-20.6287994455938],[116.774251261508,-20.6287995961571],[116.774251020214,-20.6289632357471],[116.774135834905,-20.6289630851826],[116.774136076322,-20.6287994455938]]]},"properties":{"OBJECTID":33,"Layer":"AMMONIA UNIT","RefName":" ","Area_ha":0.02173266548984085,"Shape__Area":217.32666015625,"Shape__Length":60.22059999965131}},{"type":"Feature","id":34,"geometry":{"type":"Polygon","coordinates":[[[116.77436648592,-20.6287731311966],[116.774396852265,-20.6287731708566],[116.774396625653,-20.6289269522066],[116.774366259279,-20.6289269125463],[116.77436648592,-20.6287731311966]]]},"properties":{"OBJECTID":34,"Layer":null,"RefName":" ","Area_ha":0.005384237756565951,"Shape__Area":53.8427734375,"Shape__Length":40.36500000022352}},{"type":"Feature","id":35,"geometry":{"type":"Polygon","coordinates":[[[116.774604954101,-20.6289627120854],[116.774604900401,-20.6289991866781],[116.774547307252,-20.6289991115226],[116.774547360965,-20.6289626369301],[116.774604954101,-20.6289627120854]],[[116.774575674553,-20.6289865903287],[116.774576645792,-20.6289866711128],[116.774577617265,-20.6289865928638],[116.774578559216,-20.6289863564466],[116.774579443798,-20.6289859690535],[116.774580243158,-20.6289854442022],[116.774580933278,-20.6289847954153],[116.77458149397,-20.6289840443529],[116.774581906965,-20.628983213581],[116.774582160708,-20.6289823265783],[116.77458224748,-20.6289814122497],[116.774582163401,-20.6289804976981],[116.774581912269,-20.6289796109402],[116.774581501723,-20.6289787790937],[116.774580943246,-20.6289780256673],[116.774580255037,-20.6289773759854],[116.774579457228,-20.6289768481463],[116.774578573788,-20.6289764593497],[116.774577632538,-20.628976220475],[116.774576661299,-20.6289761396909],[116.774575689826,-20.6289762179399],[116.774574747875,-20.6289764543571],[116.774573863294,-20.6289768408466],[116.774573063933,-20.6289773666015],[116.774572373815,-20.6289780144847],[116.774571813121,-20.6289787664507],[116.774571400127,-20.6289795972225],[116.774571146384,-20.6289804833217],[116.774571059612,-20.6289813976502],[116.774571143691,-20.6289823122018],[116.774571394822,-20.6289831998634],[116.774571805368,-20.6289840317099],[116.774572363847,-20.6289847842327],[116.774573052053,-20.6289854348182],[116.774573849864,-20.6289859617537],[116.774574733302,-20.628986351454],[116.774575674553,-20.6289865903287]]]},"properties":{"OBJECTID":35,"Layer":null,"RefName":" ","Area_ha":0.0023159257849383057,"Shape__Area":23.158447265625,"Shape__Length":23.73082588756296}},{"type":"Feature","id":36,"geometry":{"type":"Polygon","coordinates":[[[116.774604954101,-20.6289627120854],[116.774547360965,-20.6289626369301],[116.774547440807,-20.6289084193086],[116.774662626078,-20.6289085695983],[116.774662546277,-20.6289627872203],[116.774604954101,-20.6289627120854]],[[116.774637860726,-20.6289552343663],[116.774641329907,-20.6289543642086],[116.774644585859,-20.6289529398667],[116.774647529654,-20.6289510054879],[116.774650071942,-20.6289486187859],[116.774652135829,-20.628945852852],[116.774653656881,-20.6289427916368],[116.774654591769,-20.6289395281544],[116.774654909631,-20.6289361617605],[116.774654601681,-20.6289327936466],[116.774653676403,-20.6289295286413],[116.774652164369,-20.6289264634695],[116.774650108633,-20.6289236921615],[116.774647573381,-20.6289212988358],[116.774644635294,-20.6289193558803],[116.774641383548,-20.6289179230488],[116.774637916943,-20.6289170438429],[116.774634341023,-20.6289167446046],[116.774630764236,-20.6289170345115],[116.774627295056,-20.628917904669],[116.774624039104,-20.6289193290106],[116.774621095308,-20.6289212642926],[116.77461855302,-20.6289236509941],[116.774616490093,-20.6289264169289],[116.77461496808,-20.6289294781426],[116.774614034153,-20.6289327407224],[116.774613716288,-20.6289361080198],[116.774614024238,-20.6289394752301],[116.774614948555,-20.628942741138],[116.774616461548,-20.6289458063114],[116.774618516324,-20.6289485776185],[116.774621051576,-20.6289509709446],[116.774623989665,-20.6289529129969],[116.774627241411,-20.6289543458288],[116.774630708016,-20.6289552250349],[116.774634283938,-20.6289555242732],[116.774637860726,-20.6289552343663]],[[116.774578270643,-20.6289444055995],[116.774579786791,-20.6289440244521],[116.774581209228,-20.6289434028252],[116.774582495699,-20.6289425569284],[116.774583606807,-20.6289415147218],[116.774584507957,-20.6289403059792],[116.774585173175,-20.6289389686176],[116.774585581287,-20.6289375423679],[116.77458571975,-20.62893607149],[116.774585585619,-20.6289346002564],[116.774585181708,-20.628933172947],[116.774584520431,-20.6289318338546],[116.774583622845,-20.6289306227647],[116.774582514811,-20.6289295767588],[116.774581230835,-20.6289287284114],[116.774579810235,-20.628928102171],[116.774578295215,-20.6289277179718],[116.77457673279,-20.6289275867184],[116.774575169984,-20.6289277138936],[116.774573653838,-20.6289280941374],[116.774572231399,-20.6289287166678],[116.774570944931,-20.628929561661],[116.77456983382,-20.628930604771],[116.774568932671,-20.6289318135136],[116.774568267453,-20.6289331508751],[116.774567859341,-20.6289345771248],[116.774567720878,-20.6289360480027],[116.774567855009,-20.6289375192363],[116.774568258919,-20.6289389465457],[116.774568920196,-20.6289402856382],[116.774569817782,-20.6289414967281],[116.774570925818,-20.6289425418305],[116.774572209792,-20.6289433910816],[116.774573630393,-20.6289440164185],[116.774575145413,-20.6289444015213],[116.774576707839,-20.6289445318712],[116.774578270643,-20.6289444055995]]]},"properties":{"OBJECTID":36,"Layer":null,"RefName":" ","Area_ha":0.0054865016906074015,"Shape__Area":54.86572265625,"Shape__Length":55.35078921959419}},{"type":"Feature","id":37,"geometry":{"type":"Polygon","coordinates":[[[116.774884379994,-20.6290715128015],[116.774884778609,-20.6288004228804],[116.775057555918,-20.628800647947],[116.77505715761,-20.6290717378714],[116.774884379994,-20.6290715128015]]]},"properties":{"OBJECTID":37,"Layer":null,"RefName":" ","Area_ha":0.054004260085704164,"Shape__Area":540.04248046875,"Shape__Length":96.0038000009954}},{"type":"Feature","id":38,"geometry":{"type":"Polygon","coordinates":[[[116.775287990457,-20.6287565883843],[116.775287592558,-20.6290276774108],[116.77511481499,-20.6290274525718],[116.775115213194,-20.6287563635486],[116.775287990457,-20.6287565883843]],[[116.7751902493,-20.6290016238008],[116.775200716987,-20.6290024994561],[116.775211187204,-20.6290016510478],[116.77522134125,-20.6289991034619],[116.775230871859,-20.6289949349119],[116.775239488974,-20.6289892724277],[116.775246929349,-20.6289822864473],[116.775252969027,-20.6289741899287],[116.775257423358,-20.6289652302178],[116.775260157566,-20.6289556773154],[116.775261087719,-20.6289458229747],[116.775260186501,-20.6289359662515],[116.775257480349,-20.6289264071749],[116.775253052344,-20.6289174350043],[116.775247036462,-20.6289093237046],[116.775239616631,-20.6289023183899],[116.775231016182,-20.6288966326],[116.775221497856,-20.628892439264],[116.775211351337,-20.6288898652624],[116.775200883659,-20.6288889896078],[116.775190413449,-20.6288898380156],[116.77518025941,-20.6288923855997],[116.775170728806,-20.6288965541471],[116.775162112652,-20.6289022175327],[116.775154671317,-20.6289092035083],[116.775148631638,-20.6289172991199],[116.775144177301,-20.6289262597316],[116.775141443087,-20.6289358117286],[116.775140512927,-20.6289456660685],[116.775141414137,-20.6289555227923],[116.775144120281,-20.6289650827742],[116.775148548282,-20.6289740540439],[116.775154564161,-20.6289821662506],[116.775161984951,-20.6289891715701],[116.775170584444,-20.6289948564586],[116.775180102775,-20.6289990497974],[116.7751902493,-20.6290016238008]]]},"properties":{"OBJECTID":38,"Layer":null,"RefName":" ","Area_ha":0.041673013317664334,"Shape__Area":416.729736328125,"Shape__Length":135.4182307151105}},{"type":"Feature","id":39,"geometry":{"type":"Polygon","coordinates":[[[116.775969306572,-20.6290098330592],[116.776007003249,-20.6290098819429],[116.776006923923,-20.6290641004728],[116.775969227232,-20.629064051589],[116.775969306572,-20.6290098330592]]]},"properties":{"OBJECTID":39,"Layer":null,"RefName":" ","Area_ha":0.0023565578218428442,"Shape__Area":23.56494140625,"Shape__Length":19.855399999767542}},{"type":"Feature","id":40,"geometry":{"type":"Polygon","coordinates":[[[116.775546262783,-20.6290092839072],[116.775585006642,-20.6290093342435],[116.775584927166,-20.6290635527719],[116.775546183293,-20.6290635024354],[116.775546262783,-20.6290092839072]]]},"properties":{"OBJECTID":40,"Layer":null,"RefName":" ","Area_ha":0.002422021094848339,"Shape__Area":24.22021484375,"Shape__Length":20.073599999770522}},{"type":"Feature","id":41,"geometry":{"type":"Polygon","coordinates":[[[116.775979063469,-20.6287821298006],[116.776017808232,-20.6287821800406],[116.776017676991,-20.6288718864408],[116.775978932205,-20.6288718362005],[116.775979063469,-20.6287821298006]]]},"properties":{"OBJECTID":41,"Layer":null,"RefName":" ","Area_ha":0.004007415382176464,"Shape__Area":40.07373046875,"Shape__Length":27.928600000217557}},{"type":"Feature","id":42,"geometry":{"type":"Polygon","coordinates":[[[116.776056552035,-20.6287822302708],[116.776094248656,-20.6287822791349],[116.77609411746,-20.6288719855356],[116.776056420817,-20.6288719366712],[116.776056552035,-20.6287822302708]]]},"properties":{"OBJECTID":42,"Layer":null,"RefName":" ","Area_ha":0.0038990048974203097,"Shape__Area":38.98974609375,"Shape__Length":27.710199998691678}},{"type":"Feature","id":43,"geometry":{"type":"Polygon","coordinates":[[[116.776906436881,-20.6290504770982],[116.77659124806,-20.62905006976],[116.776591377526,-20.6289613500861],[116.776906566164,-20.6289617574223],[116.776906436881,-20.6290504770982]]]},"properties":{"OBJECTID":43,"Layer":null,"RefName":" ","Area_ha":0.03224169574520345,"Shape__Area":322.4169921875,"Shape__Length":85.31240000016987}},{"type":"Feature","id":44,"geometry":{"type":"Polygon","coordinates":[[[116.777015487062,-20.6289490823122],[116.776554746747,-20.6289484869679],[116.776554864725,-20.6288676529845],[116.777015604796,-20.6288682483262],[116.777015487062,-20.6289490823122]]]},"properties":{"OBJECTID":44,"Layer":null,"RefName":" ","Area_ha":0.042941539705460316,"Shape__Area":429.41552734375,"Shape__Length":113.89540000073612}},{"type":"Feature","id":45,"geometry":{"type":"Polygon","coordinates":[[[116.775135905004,-20.6282142095676],[116.775586171286,-20.6282147950727],[116.775585535507,-20.628648538812],[116.775135267949,-20.6286479532935],[116.775135905004,-20.6282142095676]]]},"properties":{"OBJECTID":45,"Layer":null,"RefName":" ","Area_ha":0.22518123307118176,"Shape__Area":2251.8125,"Shape__Length":189.82560000009835}},{"type":"Feature","id":46,"geometry":{"type":"Polygon","coordinates":[[[116.775634195082,-20.6283134355584],[116.775749379914,-20.6283135851194],[116.775748982841,-20.6285846750719],[116.775633797805,-20.6285845255088],[116.775634195082,-20.6283134355584]]]},"properties":{"OBJECTID":46,"Layer":null,"RefName":" ","Area_ha":0.03600294006003487,"Shape__Area":360.029296875,"Shape__Length":84.00339999981225}},{"type":"Feature","id":47,"geometry":{"type":"Polygon","coordinates":[[[116.776015423839,-20.6282646416663],[116.776092911183,-20.6282647421165],[116.776092726649,-20.6283909213143],[116.776015239241,-20.6283908208634],[116.776015423839,-20.6282646416663]]]},"properties":{"OBJECTID":47,"Layer":null,"RefName":" ","Area_ha":0.01127321792941256,"Shape__Area":112.73193359375,"Shape__Length":44.07419999875128}},{"type":"Feature","id":48,"geometry":{"type":"Polygon","coordinates":[[[116.776066415482,-20.6284815796106],[116.776094688372,-20.628481616258],[116.77609460908,-20.6285358338879],[116.77606633618,-20.6285357972405],[116.776066415482,-20.6284815796106]]]},"properties":{"OBJECTID":48,"Layer":null,"RefName":" ","Area_ha":0.001767418912025992,"Shape__Area":17.673828125,"Shape__Length":17.89159999974072}},{"type":"Feature","id":49,"geometry":{"type":"Polygon","coordinates":[[[116.776013944003,-20.6285603740696],[116.77605268775,-20.6285604243],[116.776052582487,-20.6286323867679],[116.776013838721,-20.6286323365372],[116.776013944003,-20.6285603740696]]]},"properties":{"OBJECTID":49,"Layer":null,"RefName":" ","Area_ha":0.0032146686001881713,"Shape__Area":32.14599609375,"Shape__Length":24.001000000163913}},{"type":"Feature","id":50,"geometry":{"type":"Polygon","coordinates":[[[116.774021624474,-20.6283024621307],[116.77447293912,-20.6283030519108],[116.774472539788,-20.6285741409363],[116.774021224343,-20.6285735511477],[116.774021624474,-20.6283024621307]]]},"properties":{"OBJECTID":50,"Layer":null,"RefName":" ","Area_ha":0.1410654722091212,"Shape__Area":1410.654296875,"Shape__Length":154.04239999875426}},{"type":"Feature","id":51,"geometry":{"type":"Polygon","coordinates":[[[116.774550426475,-20.6283031530531],[116.774943101072,-20.6283036650668],[116.774942702572,-20.628574754101],[116.774550027281,-20.62857424208],[116.774550426475,-20.6283031530531]]]},"properties":{"OBJECTID":51,"Layer":null,"RefName":" ","Area_ha":0.12273660017664927,"Shape__Area":1227.3662109375,"Shape__Length":141.82359999977052}},{"type":"Feature","id":52,"geometry":{"type":"Polygon","coordinates":[[[116.776193552158,-20.6274693450228],[116.776193024758,-20.6278301414222],[116.77542233743,-20.6278291412644],[116.775422866646,-20.6274683448841],[116.776193552158,-20.6274693450228]],[[116.775470968171,-20.6275137536113],[116.775470570621,-20.6277848435838],[116.776142827128,-20.6277857160054],[116.776143223487,-20.6275146260205],[116.775470968171,-20.6275137536113]]]},"properties":{"OBJECTID":52,"Layer":"BRINE EVAP POND","RefName":" ","Area_ha":0.1104798042551458,"Shape__Area":1104.7978515625,"Shape__Length":440.52659999765456}},{"type":"Feature","id":53,"geometry":{"type":"Polygon","coordinates":[[[116.775470968171,-20.6275137536113],[116.776143223487,-20.6275146260205],[116.776142827128,-20.6277857160054],[116.775470570621,-20.6277848435838],[116.775470968171,-20.6275137536113]]]},"properties":{"OBJECTID":53,"Layer":"BRINE EVAP POND","RefName":" ","Area_ha":0.21012570468987882,"Shape__Area":2101.2568359375,"Shape__Length":200.08059999905527}},{"type":"Feature","id":54,"geometry":{"type":"Polygon","coordinates":[[[116.772772016132,-20.62855712602],[116.772600286305,-20.6285569000485],[116.77260057182,-20.6283646724725],[116.772986963449,-20.6283651806633],[116.772986678419,-20.6285574082444],[116.772772016132,-20.62855712602]],[[116.772912084066,-20.6285222451551],[116.772923980867,-20.6285192608463],[116.772935147171,-20.6285143771157],[116.772945242013,-20.6285077426092],[116.772953960828,-20.6284995575255],[116.77296103641,-20.6284900727142],[116.772966255252,-20.6284795743356],[116.772969458504,-20.6284683829585],[116.772970548722,-20.6284568373045],[116.77296949275,-20.62844528883],[116.772966322702,-20.628434089077],[116.77296113502,-20.6284235770215],[116.7729540876,-20.6284140736486],[116.772945393101,-20.6284058656781],[116.772935317984,-20.6283992046606],[116.77292416622,-20.6283942915942],[116.772912278327,-20.6283912760201],[116.772900014108,-20.6283902496746],[116.772887746892,-20.6283912437708],[116.772875850099,-20.6283942280774],[116.772864683803,-20.6283991118043],[116.772854588965,-20.6284057463062],[116.772845871109,-20.6284139313861],[116.772838794564,-20.6284234161915],[116.772833575716,-20.6284339145663],[116.772830372454,-20.6284451059409],[116.772829282226,-20.6284566515938],[116.772830338187,-20.6284682000691],[116.772833508226,-20.6284793998245],[116.772838695901,-20.6284899118836],[116.772845743318,-20.6284994152612],[116.772854437816,-20.6285076232366],[116.772864512937,-20.6285142842588],[116.772875664708,-20.6285191973291],[116.77288755261,-20.6285222129057],[116.772899816839,-20.6285232392521],[116.772912084066,-20.6285222451551]],[[116.772702806,-20.6285171356704],[116.772713824228,-20.6285143716016],[116.772724166463,-20.62850984824],[116.772733515753,-20.6285037034191],[116.772741590592,-20.6284961229101],[116.772748143958,-20.6284873377095],[116.772752977728,-20.6284776150221],[116.77275594461,-20.6284672492273],[116.772756954871,-20.6284565564667],[116.772755976356,-20.62844586109],[116.772753040257,-20.62843548753],[116.772748235371,-20.6284257521631],[116.772741708115,-20.6284169497548],[116.772733655816,-20.6284093489332],[116.772724324812,-20.6284031786328],[116.772713996056,-20.6283986280751],[116.772702986086,-20.6283958350234],[116.77269162784,-20.6283948848538],[116.772680265857,-20.6283958051278],[116.772669247637,-20.6283985691945],[116.772658906368,-20.6284030925542],[116.77264955612,-20.6284092382735],[116.772641481283,-20.6284168178747],[116.772634927914,-20.6284256030712],[116.772630094138,-20.6284353257554],[116.772627127248,-20.628445691548],[116.772626117938,-20.628456384309],[116.772627095484,-20.6284670796851],[116.772630031575,-20.6284774532471],[116.772634836455,-20.6284871886172],[116.772641363708,-20.6284959910295],[116.772649416006,-20.6285035927588],[116.772658747973,-20.6285097621609],[116.772669075776,-20.6285143127207],[116.772680085753,-20.6285171057746],[116.772691444968,-20.6285180559462],[116.772702806,-20.6285171356704]]]},"properties":{"OBJECTID":54,"Layer":"UREA UNIT 1","RefName":" ","Area_ha":0.05419311356405209,"Shape__Area":541.930419921875,"Shape__Length":212.00751644237198}},{"type":"Feature","id":55,"geometry":{"type":"Polygon","coordinates":[[[116.772772016132,-20.62855712602],[116.772771820078,-20.628689221033],[116.772600090103,-20.6286889950598],[116.772600286305,-20.6285569000485],[116.772772016132,-20.62855712602]],[[116.772684449283,-20.6286553720404],[116.772691240249,-20.6286559403039],[116.772698031916,-20.6286553899129],[116.772704618854,-20.6286537377656],[116.772710801341,-20.6286510342008],[116.772716391129,-20.6286473602946],[116.77272121816,-20.6286428287733],[116.772725135374,-20.6286375767904],[116.772728025434,-20.6286317641285],[116.772729798813,-20.6286255677752],[116.772730402441,-20.6286191756094],[116.772729817793,-20.6286127818802],[116.772728062818,-20.628606580885],[116.772725190027,-20.6286007606414],[116.772721288422,-20.6285954983716],[116.772716474867,-20.6285909541665],[116.772710896011,-20.6285872655657],[116.772704721578,-20.6285845457424],[116.772698139575,-20.6285828762679],[116.772691349572,-20.628582308006],[116.772684556949,-20.6285828583955],[116.772677970014,-20.628584510542],[116.772671788489,-20.628587214107],[116.772666198702,-20.6285908880117],[116.772661371671,-20.6285954195315],[116.772657453496,-20.6286006715118],[116.772654564394,-20.6286064841737],[116.772652790052,-20.6286126805249],[116.772652186421,-20.6286190726905],[116.772652771065,-20.6286254664199],[116.772654526998,-20.6286316674171],[116.772657398827,-20.6286374876606],[116.77266130139,-20.628642749933],[116.772666114945,-20.6286472941397],[116.772671693802,-20.6286509827419],[116.772677867277,-20.628653702565],[116.772684449283,-20.6286553720404]]]},"properties":{"OBJECTID":55,"Layer":"UREA UNIT 1","RefName":" ","Area_ha":0.020966462547228473,"Shape__Area":209.665771484375,"Shape__Length":90.58870785401888}},{"type":"Feature","id":56,"geometry":{"type":"Polygon","coordinates":[[[116.77269207939,-20.6280907458969],[116.773152816041,-20.6280913515181],[116.773152494709,-20.6283082229053],[116.772691757406,-20.6283076172772],[116.77269207939,-20.6280907458969]]]},"properties":{"OBJECTID":56,"Layer":null,"RefName":" ","Area_ha":0.1152086401584987,"Shape__Area":1152.08642578125,"Shape__Length":144.00539999827743}},{"type":"Feature","id":57,"geometry":{"type":"Polygon","coordinates":[[[116.772327812116,-20.627999573824],[116.77251943766,-20.627999826261],[116.772519216495,-20.6281486793876],[116.772327590764,-20.6281484269485],[116.772327812116,-20.627999573824]]]},"properties":{"OBJECTID":57,"Layer":null,"RefName":" ","Area_ha":0.03288831942872406,"Shape__Area":328.88330078125,"Shape__Length":72.87579999864101}},{"type":"Feature","id":58,"geometry":{"type":"Polygon","coordinates":[[[116.772447681674,-20.6283703861059],[116.772247679197,-20.6283701225417],[116.772212077045,-20.6283700756007],[116.77221236011,-20.6281798205777],[116.772538017856,-20.6281802496759],[116.772537735196,-20.6283705047032],[116.772447681674,-20.6283703861059]]]},"properties":{"OBJECTID":58,"Layer":null,"RefName":" ","Area_ha":0.07143768515887769,"Shape__Area":714.376953125,"Shape__Length":109.96780000068247}},{"type":"Feature","id":59,"geometry":{"type":"Polygon","coordinates":[[[116.772247679197,-20.6283701225417],[116.772447681674,-20.6283703861059],[116.772447104397,-20.6287587836419],[116.772247101413,-20.6287585200723],[116.772247679197,-20.6283701225417]]]},"properties":{"OBJECTID":59,"Layer":null,"RefName":" ","Area_ha":0.08956557861997493,"Shape__Area":895.6552734375,"Shape__Length":127.64140000008047}},{"type":"Feature","id":60,"geometry":{"type":"Polygon","coordinates":[[[116.773409790916,-20.6285106458989],[116.773472618815,-20.6285107282966],[116.77347233731,-20.6287009842326],[116.773409509333,-20.6287009018341],[116.773409790916,-20.6285106458989]]]},"properties":{"OBJECTID":60,"Layer":"RIE","RefName":" ","Area_ha":0.013782233177270101,"Shape__Area":137.822265625,"Shape__Length":55.20219999924302}},{"type":"Feature","id":61,"geometry":{"type":"Polygon","coordinates":[[[116.772770550083,-20.6295448783851],[116.772598819148,-20.6295446524017],[116.77259910468,-20.6293524248478],[116.772985498802,-20.629352933065],[116.772985213755,-20.6295451606242],[116.772770550083,-20.6295448783851]],[[116.772910618923,-20.6295099975338],[116.772922515802,-20.6295070132261],[116.772933682177,-20.6295021294968],[116.772943777086,-20.6294954940882],[116.772952495957,-20.6294873099097],[116.772959571587,-20.6294778241963],[116.772964790462,-20.6294673267228],[116.772967993737,-20.6294561344436],[116.772969083961,-20.6294445896947],[116.772968027984,-20.6294330412214],[116.772964857916,-20.6294218414694],[116.772959670201,-20.6294113294149],[116.772952622736,-20.6294018260425],[116.772943928182,-20.6293936180724],[116.772933853001,-20.6293869570549],[116.772922701165,-20.6293820439883],[116.772910813196,-20.6293790284137],[116.772898548898,-20.6293780020675],[116.772886281602,-20.6293789961628],[116.772874384733,-20.6293819804682],[116.772863218364,-20.6293868641937],[116.77285312346,-20.6293934986942],[116.772844405548,-20.6294016837726],[116.772837328956,-20.6294111685764],[116.772832110073,-20.6294216669497],[116.77282890679,-20.6294328583227],[116.772827816554,-20.6294444039743],[116.772828872523,-20.6294559515447],[116.77283204258,-20.6294671522027],[116.772837230289,-20.6294776633574],[116.772844277749,-20.6294871676379],[116.772852972304,-20.6294953747094],[116.772863047488,-20.6295020366351],[116.77287419933,-20.6295069497056],[116.772886087309,-20.6295099652827],[116.772898351617,-20.6295109916299],[116.772910618923,-20.6295099975338]],[[116.772701339509,-20.6295048871317],[116.772712357808,-20.629502123064],[116.772722700109,-20.6294976006071],[116.772732049461,-20.629491454884],[116.772740124351,-20.6294838752801],[116.77274667776,-20.6294750900809],[116.772751511563,-20.6294653664913],[116.772754478464,-20.6294550016015],[116.772755488733,-20.6294443088422],[116.772754510212,-20.6294336134667],[116.772751574095,-20.6294232399077],[116.772746769179,-20.6294135045415],[116.772740241881,-20.6294047021338],[116.772732189532,-20.6293971004089],[116.772722858468,-20.6293909310122],[116.772712529644,-20.6293863804543],[116.772701519604,-20.6293835874021],[116.772690161285,-20.6293826372319],[116.772678799229,-20.6293835575049],[116.772667780938,-20.6293863215706],[116.772657439601,-20.6293908449291],[116.772648089293,-20.6293969897435],[116.772640014402,-20.6294045702468],[116.772633460991,-20.6294133554419],[116.772628627183,-20.6294230781246],[116.772625660273,-20.6294334439159],[116.772624650955,-20.6294441366756],[116.772625628507,-20.6294548320505],[116.772628564617,-20.6294652047079],[116.772633369526,-20.6294749409808],[116.772639896821,-20.6294837433925],[116.772647949171,-20.629491344218],[116.772657281197,-20.6294975145236],[116.772667609067,-20.6295020641799],[116.772678619115,-20.6295048572343],[116.772689978402,-20.6295058083102],[116.772701339509,-20.6295048871317]]]},"properties":{"OBJECTID":61,"Layer":"UREA UNIT 2","RefName":" ","Area_ha":0.054193204006918065,"Shape__Area":541.930908203125,"Shape__Length":212.00738725403266}},{"type":"Feature","id":62,"geometry":{"type":"Polygon","coordinates":[[[116.772770550083,-20.6295448783851],[116.772770354019,-20.6296769724793],[116.772598622935,-20.6296767464944],[116.772598819148,-20.6295446524017],[116.772770550083,-20.6295448783851]],[[116.772682982662,-20.6296431243882],[116.772689773671,-20.6296436926521],[116.772696565382,-20.6296431422616],[116.772703152362,-20.629641490115],[116.772709334891,-20.6296387856473],[116.772714924714,-20.6296351126455],[116.772719751776,-20.6296305811251],[116.772723669016,-20.629625329143],[116.772726559095,-20.629619516482],[116.772728332486,-20.6296133201296],[116.772728936119,-20.6296069279645],[116.772728351468,-20.629600534236],[116.772726596483,-20.6295943323378],[116.772723723672,-20.6295885129982],[116.772719822043,-20.6295832507288],[116.772715008457,-20.6295787065238],[116.772709429565,-20.6295750179231],[116.772703255093,-20.6295722980997],[116.772696673047,-20.6295706286249],[116.772689883001,-20.6295700603626],[116.772683090333,-20.6295706107516],[116.772676503356,-20.6295722628975],[116.772670321791,-20.6295749664617],[116.772664731967,-20.6295786403657],[116.772659904905,-20.6295831718846],[116.772655986705,-20.629588423864],[116.772653097584,-20.6295942356215],[116.772651323229,-20.6296004328754],[116.772650719594,-20.6296068250402],[116.772651304242,-20.629613218769],[116.772653060185,-20.6296194197656],[116.772655932032,-20.6296252400086],[116.77265983462,-20.6296305022807],[116.772664648206,-20.6296350464872],[116.7726702271,-20.6296387341857],[116.772676400613,-20.6296414549126],[116.772682982662,-20.6296431243882]]]},"properties":{"OBJECTID":62,"Layer":"UREA UNIT 2","RefName":" ","Area_ha":0.02096629104805068,"Shape__Area":209.66357421875,"Shape__Length":90.58848959524215}},{"type":"Feature","id":63,"geometry":{"type":"Polygon","coordinates":[[[116.772690612861,-20.6290784983098],[116.773151352485,-20.6290791039625],[116.773151031134,-20.629295975325],[116.772690290858,-20.6292953696653],[116.772690612861,-20.6290784983098]]]},"properties":{"OBJECTID":63,"Layer":null,"RefName":" ","Area_ha":0.11520864016296921,"Shape__Area":1152.08642578125,"Shape__Length":144.00540000014007}},{"type":"Feature","id":64,"geometry":{"type":"Polygon","coordinates":[[[116.772326343244,-20.6289873262222],[116.772517970025,-20.6289875786724],[116.772517748846,-20.6291364317819],[116.772326121879,-20.6291361793297],[116.772326343244,-20.6289873262222]]]},"properties":{"OBJECTID":64,"Layer":null,"RefName":" ","Area_ha":0.032888319430583395,"Shape__Area":328.8828125,"Shape__Length":72.87580000050366}},{"type":"Feature","id":65,"geometry":{"type":"Polygon","coordinates":[[[116.772446213547,-20.6293581384699],[116.77224620978,-20.629357874892],[116.772210607397,-20.6293578279486],[116.77221089048,-20.6291675720438],[116.772536550328,-20.6291680011643],[116.77253626765,-20.6293582570735],[116.772446213547,-20.6293581384699]]]},"properties":{"OBJECTID":65,"Layer":null,"RefName":" ","Area_ha":0.07143802444430135,"Shape__Area":714.3798828125,"Shape__Length":109.96800000034273}},{"type":"Feature","id":66,"geometry":{"type":"Polygon","coordinates":[[[116.77224620978,-20.629357874892],[116.772446213547,-20.6293581384699],[116.772445636236,-20.6297465359615],[116.772245631962,-20.6297462723782],[116.77224620978,-20.629357874892]]]},"properties":{"OBJECTID":66,"Layer":null,"RefName":" ","Area_ha":0.08956557861997493,"Shape__Area":895.65625,"Shape__Length":127.64140000008047}},{"type":"Feature","id":67,"geometry":{"type":"Polygon","coordinates":[[[116.773408328985,-20.6294983983131],[116.77347115729,-20.629498480715],[116.773470875768,-20.6296887366292],[116.773408047385,-20.6296886542265],[116.773408328985,-20.6294983983131]]]},"properties":{"OBJECTID":67,"Layer":"RIE","RefName":" ","Area_ha":0.013782233177270101,"Shape__Area":137.822265625,"Shape__Length":55.20219999924302}},{"type":"Feature","id":68,"geometry":{"type":"Polygon","coordinates":[[[116.772793908439,-20.6272115617601],[116.772793170945,-20.6277085400826],[116.772169281705,-20.6277077184224],[116.772170021225,-20.6272107401215],[116.772793908439,-20.6272115617601]],[[116.772399737756,-20.6275963148086],[116.772433121315,-20.6275991093413],[116.772466513052,-20.6275964027696],[116.772498898294,-20.6275882795991],[116.772529292849,-20.6275749852168],[116.772556773715,-20.6275569241244],[116.772580505984,-20.6275346446122],[116.772599767816,-20.6275088243341],[116.772613974471,-20.6274802477492],[116.772622693698,-20.6274497826483],[116.772625661132,-20.6274183548728],[116.772622787054,-20.6273869194089],[116.772614158353,-20.6273564314745],[116.772600036652,-20.6273278166982],[116.772580851621,-20.6273019458099],[116.772557185672,-20.6272796048021],[116.77252975863,-20.6272614714161],[116.772499403764,-20.6272480970391],[116.772467042865,-20.6272398876958],[116.772433659381,-20.6272370940738],[116.772400267724,-20.6272397997364],[116.772367882549,-20.627247923793],[116.772337487086,-20.6272612181466],[116.772310006248,-20.627279279205],[116.772286274941,-20.6273015577784],[116.772267012123,-20.6273273780206],[116.772252806377,-20.6273559554818],[116.772244086122,-20.6273864205626],[116.77224111861,-20.6274178483309],[116.77224399261,-20.6274492838003],[116.772252622202,-20.6274797717535],[116.772266742894,-20.6275083856523],[116.772285928856,-20.6275342565758],[116.772309593843,-20.6275565985225],[116.772337020912,-20.6275747319431],[116.772367376787,-20.6275881063499],[116.772399737756,-20.6275963148086]]]},"properties":{"OBJECTID":68,"Layer":"AMMONIA STORAGE","RefName":" ","Area_ha":0.2320744283959828,"Shape__Area":2320.744384765625,"Shape__Length":365.7043138173632}},{"type":"Feature","id":69,"geometry":{"type":"Polygon","coordinates":[[[116.77656244849,-20.6294108295354],[116.776656691394,-20.6294109514092],[116.776656370689,-20.6296307802885],[116.77656212765,-20.6296306584134],[116.77656244849,-20.6294108295354]]]},"properties":{"OBJECTID":69,"Layer":"SUBSTATION","RefName":" ","Area_ha":0.023886886451131302,"Shape__Area":238.8681640625,"Shape__Length":68.29359999857843}},{"type":"Feature","id":70,"geometry":{"type":"Polygon","coordinates":[[[116.776477227259,-20.6296867379551],[116.776477630261,-20.6294107198056],[116.776547788846,-20.6294108105732],[116.77654738597,-20.6296868287239],[116.776477227259,-20.6296867379551]]]},"properties":{"OBJECTID":70,"Layer":"SUBSTATION","RefName":" ","Area_ha":0.022327731805862776,"Shape__Area":223.27734375,"Shape__Length":75.7120000012219}},{"type":"Feature","id":71,"geometry":{"type":"Polygon","coordinates":[[[116.776804495998,-20.6293027060822],[116.776879890461,-20.6293028034794],[116.776879838741,-20.6293382913483],[116.77680444426,-20.629338193951],[116.776804495998,-20.6293027060822]]]},"properties":{"OBJECTID":71,"Layer":"DIESEL GENSETS","RefName":" ","Area_ha":0.003084933426185521,"Shape__Area":30.849609375,"Shape__Length":23.564600000157952}},{"type":"Feature","id":72,"geometry":{"type":"Polygon","coordinates":[[[116.776804391085,-20.6293746676439],[116.776879785583,-20.6293747650415],[116.776879732425,-20.6294112396381],[116.776804337908,-20.6294111422403],[116.776804391085,-20.6293746676439]]]},"properties":{"OBJECTID":72,"Layer":"DIESEL GENSETS","RefName":" ","Area_ha":0.003170708934049825,"Shape__Area":31.70654296875,"Shape__Length":23.782999999821186}},{"type":"Feature","id":73,"geometry":{"type":"Polygon","coordinates":[[[116.776784460389,-20.6301169364455],[116.77678459119,-20.6300272300535],[116.777311304868,-20.6300279098728],[116.777311174376,-20.630117616268],[116.776784460389,-20.6301169364455]]]},"properties":{"OBJECTID":73,"Layer":null,"RefName":" ","Area_ha":0.05447815447253084,"Shape__Area":544.78173828125,"Shape__Length":129.6052000001073}},{"type":"Feature","id":74,"geometry":{"type":"Polygon","coordinates":[[[116.777401899774,-20.6296563873458],[116.777069955652,-20.6296559592794],[116.777070041781,-20.6295968125312],[116.777401985775,-20.6295972405963],[116.777401899774,-20.6296563873458]]]},"properties":{"OBJECTID":74,"Layer":"POWER PLANT","RefName":" ","Area_ha":0.02263712522238946,"Shape__Area":226.37158203125,"Shape__Length":82.25779999792576}},{"type":"Feature","id":75,"geometry":{"type":"Polygon","coordinates":[[[116.776992448931,-20.6296686740734],[116.776800821238,-20.6296684265788],[116.776800918969,-20.6296013932374],[116.776992546578,-20.6296016407311],[116.776992448931,-20.6296686740734]]]},"properties":{"OBJECTID":75,"Layer":"POWER PLANT","RefName":" ","Area_ha":0.014810664324189043,"Shape__Area":148.10693359375,"Shape__Length":54.765999998897314}},{"type":"Feature","id":76,"geometry":{"type":"Polygon","coordinates":[[[116.777000403304,-20.629958504578],[116.776853803451,-20.6299583152623],[116.776853919839,-20.629878467111],[116.777000519617,-20.6298786564259],[116.777000403304,-20.629958504578]]]},"properties":{"OBJECTID":76,"Layer":null,"RefName":" ","Area_ha":0.013496557010388889,"Shape__Area":134.9658203125,"Shape__Length":48.21999999880791}},{"type":"Feature","id":77,"geometry":{"type":"Polygon","coordinates":[[[116.777186756675,-20.629985361453],[116.777117645014,-20.6299852722937],[116.777117702423,-20.6299458402261],[116.777186814066,-20.6299459293852],[116.777186756675,-20.629985361453]]]},"properties":{"OBJECTID":77,"Layer":null,"RefName":" ","Area_ha":0.003142138917024122,"Shape__Area":31.4208984375,"Shape__Length":23.128399999812245}},{"type":"Feature","id":78,"geometry":{"type":"Polygon","coordinates":[[[116.77711789761,-20.6298117744478],[116.777187009192,-20.6298118636062],[116.777186950367,-20.6298522805953],[116.777117838767,-20.6298521914367],[116.77711789761,-20.6298117744478]]]},"properties":{"OBJECTID":78,"Layer":null,"RefName":" ","Area_ha":0.003220622186473404,"Shape__Area":32.20654296875,"Shape__Length":23.346399998292327}},{"type":"Feature","id":79,"geometry":{"type":"Polygon","coordinates":[[[116.7774969369,-20.6298300070605],[116.777546152862,-20.6298300704471],[116.777545993861,-20.6299394924285],[116.777496777864,-20.6299394290415],[116.7774969369,-20.6298300070605]]]},"properties":{"OBJECTID":79,"Layer":null,"RefName":" ","Area_ha":0.006209197400539017,"Shape__Area":62.091796875,"Shape__Length":34.47420000098646}},{"type":"Feature","id":80,"geometry":{"type":"Polygon","coordinates":[[[116.777497131753,-20.6296959412769],[116.777546347672,-20.6296960046631],[116.777546188673,-20.6298054257426],[116.777496972719,-20.629805362356],[116.777497131753,-20.6296959412769]]]},"properties":{"OBJECTID":80,"Layer":null,"RefName":" ","Area_ha":0.006209146125626115,"Shape__Area":62.091796875,"Shape__Length":34.4740000013262}},{"type":"Feature","id":92,"geometry":{"type":"Polygon","coordinates":[[[116.769487048557,-20.635579428109],[116.772947983068,-20.635584012899],[116.772945889015,-20.6369954335227],[116.772756140219,-20.6373009903153],[116.769484461935,-20.6372966559079],[116.769487048557,-20.635579428109]]]},"properties":{"OBJECTID":92,"Layer":"LAYDOWN AREA (6.82ha)","RefName":" ","Area_ha":6.818835706513361,"Shape__Area":68188.35693359375,"Shape__Length":1086.8123350046053}},{"type":"Feature","id":93,"geometry":{"type":"Polygon","coordinates":[[[116.769147862293,-20.6355119416533],[116.769257200047,-20.6355751588907],[116.769212361177,-20.6356438808331],[116.769103024352,-20.6355806635688],[116.769147862293,-20.6355119416533]]]},"properties":{"OBJECTID":93,"Layer":"CONSTRUCTION CONSTRUCTION\r\nGATE HOUSE","RefName":" ","Area_ha":0.01193116888058891,"Shape__Area":119.31201171875,"Shape__Length":44.5861384851407}},{"type":"Feature","id":94,"geometry":{"type":"Polygon","coordinates":[[[116.776591580206,-20.6267175264495],[116.77656742334,-20.6267194849342],[116.776543273241,-20.6267174639744],[116.776519862167,-20.6267115259622],[116.776497903005,-20.6267018516361],[116.776478061448,-20.6266887337207],[116.776460940645,-20.626672571484],[116.776447061062,-20.6266538562548],[116.776436845153,-20.626633156944],[116.776430602022,-20.6266111010501],[116.776428521693,-20.6265883601934],[116.776430668425,-20.6265656239032],[116.776436975936,-20.626543585154],[116.776447252245,-20.6265229114565],[116.776461186409,-20.6265042322163],[116.776478354317,-20.6264881143438],[116.776498234069,-20.6264750478173],[116.776520221355,-20.6264654303412],[116.776543649636,-20.6264595529151],[116.776567805501,-20.626457594432],[116.776591956519,-20.6264596153893],[116.776615366599,-20.6264655533904],[116.776637326694,-20.6264752277027],[116.776657168237,-20.6264883456001],[116.776674289041,-20.6265045078176],[116.776688168638,-20.6265232230292],[116.776698384573,-20.6265439232292],[116.776704627741,-20.6265659782103],[116.77670670811,-20.6265887199677],[116.77670456142,-20.626611455358],[116.776698253943,-20.6266334950208],[116.776687977661,-20.6266541678295],[116.776674043511,-20.6266728470879],[116.776656875603,-20.6266889649794],[116.776636995836,-20.6267020315238],[116.776615007563,-20.626711649013],[116.776591580206,-20.6267175264495]]]},"properties":{"OBJECTID":94,"Layer":null,"RefName":" ","Area_ha":0.06564029643143253,"Shape__Area":656.402099609375,"Shape__Length":90.93737298334898}},{"type":"Feature","id":95,"geometry":{"type":"Polygon","coordinates":[[[116.776115433823,-20.6269446531389],[116.776099028436,-20.6269459836621],[116.776082627003,-20.6269446106208],[116.77606672761,-20.6269405780334],[116.776051812872,-20.6269340076081],[116.776038337457,-20.6269250987262],[116.776026710816,-20.6269141220949],[116.776017283755,-20.6269014115974],[116.776010345578,-20.6268873534459],[116.776006105861,-20.6268723744112],[116.776004693516,-20.6268569291708],[116.776006151045,-20.6268414885548],[116.77601043457,-20.6268265205707],[116.776017413848,-20.6268124804632],[116.776026878053,-20.6267997944573],[116.776038536753,-20.6267888480128],[116.776052038166,-20.6267799741014],[116.776066972051,-20.6267734423669],[116.776082883162,-20.6267694501072],[116.776099288529,-20.626768120489],[116.776115689945,-20.626769492625],[116.776131589321,-20.6267735261113],[116.776146504046,-20.6267800965297],[116.776159979455,-20.6267890054033],[116.776171606097,-20.6267999820258],[116.776181032204,-20.6268126925138],[116.776187971354,-20.6268267506599],[116.776192211087,-20.6268417296904],[116.776193623452,-20.6268571740259],[116.776192165941,-20.6268726155472],[116.776187882432,-20.6268875835359],[116.776180902206,-20.6269016236491],[116.776171438967,-20.6269143096646],[116.776159780267,-20.6269252561178],[116.776146278847,-20.6269341300374],[116.77613134495,-20.6269406617785],[116.776115433823,-20.6269446531389]]]},"properties":{"OBJECTID":95,"Layer":null,"RefName":" ","Area_ha":0.030276256640669977,"Shape__Area":302.7626953125,"Shape__Length":61.760133537464284}},{"type":"Feature","id":96,"geometry":{"type":"Polygon","coordinates":[[[116.776452847462,-20.6269460117417],[116.776444578534,-20.6269466823553],[116.776436311595,-20.626945990344],[116.776428298089,-20.6269439577194],[116.776420781721,-20.6269406462417],[116.776413989824,-20.6269361565047],[116.776408129521,-20.6269306243163],[116.776403378136,-20.6269242179756],[116.776399881277,-20.6269171319449],[116.77639774421,-20.6269095823206],[116.776397031869,-20.6269017977973],[116.776397766944,-20.6268940151474],[116.776399926053,-20.6268864710836],[116.776403443592,-20.6268793950349],[116.776408213669,-20.6268730010171],[116.776414090104,-20.6268674840185],[116.776420895086,-20.6268630109745],[116.776428421092,-20.6268597189636],[116.7764364405,-20.6268577070869],[116.776444709423,-20.6268570364736],[116.776452976357,-20.6268577284845],[116.776460989859,-20.6268597611079],[116.776468506224,-20.6268630725838],[116.776475298118,-20.6268675632223],[116.776481159381,-20.6268730954097],[116.776485909808,-20.6268795017471],[116.776489406671,-20.6268865868726],[116.776491543742,-20.6268941364958],[116.776492256088,-20.6269019210187],[116.776491521018,-20.626909703669],[116.776489361913,-20.6269172477341],[116.776485844376,-20.6269243246881],[116.77648107526,-20.6269307187092],[116.776475197865,-20.6269362357088],[116.776468392883,-20.6269407078513],[116.776460866873,-20.6269439998639],[116.776452847462,-20.6269460117417]]]},"properties":{"OBJECTID":96,"Layer":null,"RefName":" ","Area_ha":0.007691103246071273,"Shape__Area":76.910400390625,"Shape__Length":31.128017231080637}},{"type":"Feature","id":97,"geometry":{"type":"Polygon","coordinates":[[[116.776581176323,-20.6269492978746],[116.776572322792,-20.6269500156291],[116.776563472349,-20.6269492749784],[116.776554891792,-20.6269470988577],[116.77654684402,-20.626943552666],[116.776539572669,-20.6269387451506],[116.776533297327,-20.6269328220748],[116.776528210658,-20.6269259626007],[116.776524466888,-20.6269183765629],[116.776522178941,-20.6269102936215],[116.776521416526,-20.6269019587422],[116.776522203267,-20.6268936267704],[116.776524514801,-20.6268855488751],[116.776528280701,-20.6268779725513],[116.77653338737,-20.626871127166],[116.776539679976,-20.626865219443],[116.776546965328,-20.6268604307557],[116.776555023414,-20.6268569062989],[116.776563610284,-20.6268547523816],[116.77657246285,-20.6268540346262],[116.776581314248,-20.6268547752776],[116.77658989384,-20.6268569513958],[116.77659794161,-20.6268604966819],[116.776605213919,-20.6268653041961],[116.776611488299,-20.6268712281717],[116.776616574972,-20.6268780867398],[116.776620319705,-20.6268856727769],[116.776622607656,-20.6268937566207],[116.776623369118,-20.6269020905948],[116.776622583341,-20.6269104234719],[116.776620271812,-20.6269185004649],[116.776616504957,-20.6269260767895],[116.776611398288,-20.6269329230809],[116.776605106643,-20.626938829904],[116.776597820329,-20.6269436185925],[116.776589762238,-20.6269471439548],[116.776581176323,-20.6269492978746]]]},"properties":{"OBJECTID":97,"Layer":null,"RefName":" ","Area_ha":0.008816604323013266,"Shape__Area":88.166015625,"Shape__Length":33.327889519143824}},{"type":"Feature","id":98,"geometry":{"type":"Polygon","coordinates":[[[116.776933234335,-20.6273437842924],[116.776912062798,-20.6273454999966],[116.77689089538,-20.6273437296189],[116.776870376052,-20.6273385254961],[116.776851128474,-20.6273300456604],[116.776833737768,-20.6273185483936],[116.77681873133,-20.6273043822632],[116.776806566372,-20.6272879788773],[116.7767976117,-20.6272698356922],[116.776792140062,-20.6272505042563],[116.77679031665,-20.6272305721226],[116.77679219817,-20.6272106447756],[116.776797726148,-20.6271913275511],[116.776806733676,-20.6271732084759],[116.776818946401,-20.6271568356796],[116.776833994062,-20.6271427092771],[116.776851418196,-20.6271312569813],[116.776870690392,-20.6271228268983],[116.77689122478,-20.6271176757965],[116.776912397247,-20.6271159591922],[116.776933563673,-20.6271177304694],[116.776954082974,-20.6271229345845],[116.776973330531,-20.6271314144088],[116.776990721227,-20.6271429116617],[116.777005727666,-20.6271570768738],[116.777017892635,-20.6271734811496],[116.777026847329,-20.62719162342],[116.777032318994,-20.6272109548489],[116.777034142437,-20.6272308869805],[116.777032260949,-20.6272508143303],[116.777026732998,-20.6272701315625],[116.777017725489,-20.6272882515527],[116.777005512775,-20.6273046234593],[116.776990465113,-20.6273187507801],[116.776973040967,-20.6273302030896],[116.776953768751,-20.6273386331836],[116.776933234335,-20.6273437842924]]]},"properties":{"OBJECTID":98,"Layer":"FIRE WATER","RefName":" ","Area_ha":0.050426016244361604,"Shape__Area":504.260009765625,"Shape__Length":79.70479827292635}},{"type":"Feature","id":100,"geometry":{"type":"Polygon","coordinates":[[[116.776777177918,-20.6287332942433],[116.776760297169,-20.628734663068],[116.776743421435,-20.6287332506205],[116.776727062245,-20.6287291018383],[116.776711716616,-20.628722341157],[116.776697851688,-20.6287131742977],[116.776685887463,-20.6287018810156],[116.776676189141,-20.6286888024401],[116.77666904985,-20.628674338341],[116.776664686834,-20.6286589263414],[116.776663233786,-20.6286430346785],[116.776664733192,-20.6286271477362],[116.776669141155,-20.6286117470757],[116.776676322614,-20.6285973005866],[116.776686059045,-20.6285842480384],[116.776698056161,-20.6285729848267],[116.776711947761,-20.6285638547488],[116.776727313036,-20.6285571337616],[116.776743684247,-20.6285530263771],[116.776760564015,-20.6285516584562],[116.77677744069,-20.6285530699996],[116.776793799861,-20.6285572196805],[116.776809145478,-20.6285639803545],[116.7768230104,-20.6285731463014],[116.776834973665,-20.6285844404764],[116.776844672954,-20.6285975181409],[116.776851812257,-20.6286119831366],[116.776856174331,-20.6286273951305],[116.77685762836,-20.6286432858896],[116.776856128013,-20.6286591737361],[116.776851721028,-20.6286745744027],[116.776844539582,-20.6286890199955],[116.776834802196,-20.6287020734549],[116.776822806042,-20.6287133357735],[116.776808914433,-20.6287224667637],[116.776793549145,-20.6287291877579],[116.776777177918,-20.6287332942433]]]},"properties":{"OBJECTID":100,"Layer":null,"RefName":" ","Area_ha":0.03205211089790373,"Shape__Area":320.5224609375,"Shape__Length":63.54559575832238}},{"type":"Feature","id":101,"geometry":{"type":"Polygon","coordinates":[[[116.774637021263,-20.6290143015143],[116.774634197078,-20.6290145300548],[116.774631374536,-20.6290142941476],[116.774628638095,-20.6290136002282],[116.774626071229,-20.6290124691883],[116.774623751634,-20.6290109354659],[116.774621750269,-20.6290090470445],[116.774620128481,-20.6290068591234],[116.774618934163,-20.6290044395353],[116.774618204641,-20.6290018615201],[116.774617961875,-20.6289992037198],[116.774618212467,-20.6289965456596],[116.774618949576,-20.6289939695579],[116.774620151014,-20.6289915530955],[116.774621779236,-20.6289893703183],[116.774623786154,-20.6289874862227],[116.774626110255,-20.6289859585587],[116.774628680441,-20.6289848342208],[116.774631418915,-20.6289841474441],[116.774634242139,-20.6289839189025],[116.77463706564,-20.6289841548108],[116.774639802081,-20.6289848487301],[116.774642368947,-20.6289859797698],[116.774644687581,-20.6289875134907],[116.774646688945,-20.6289894028155],[116.774648311695,-20.6289915898339],[116.774649505053,-20.6289940094206],[116.774650235536,-20.6289965874369],[116.774650478301,-20.6289992461408],[116.774650227711,-20.6290019032975],[116.774649489642,-20.629004479398],[116.774648289165,-20.6290068958619],[116.774646659982,-20.6290090795417],[116.774644653064,-20.629010962734],[116.774642329923,-20.6290124903994],[116.774639759737,-20.6290136147375],[116.774637021263,-20.6290143015143]]]},"properties":{"OBJECTID":101,"Layer":null,"RefName":" ","Area_ha":0.0008968234047022278,"Shape__Area":8.96875,"Shape__Length":10.629445482356878}},{"type":"Feature","id":102,"geometry":{"type":"Polygon","coordinates":[[[116.774637860726,-20.6289552343663],[116.774634283938,-20.6289555242732],[116.774630708016,-20.6289552250349],[116.774627241411,-20.6289543458288],[116.774623989665,-20.6289529129969],[116.774621051576,-20.6289509709446],[116.774618516324,-20.6289485776185],[116.774616461548,-20.6289458063114],[116.774614948555,-20.628942741138],[116.774614024238,-20.6289394752301],[116.774613716288,-20.6289361080198],[116.774614034153,-20.6289327407224],[116.77461496808,-20.6289294781426],[116.774616490093,-20.6289264169289],[116.77461855302,-20.6289236509941],[116.774621095308,-20.6289212642926],[116.774624039104,-20.6289193290106],[116.774627295056,-20.628917904669],[116.774630764236,-20.6289170345115],[116.774634341023,-20.6289167446046],[116.774637916943,-20.6289170438429],[116.774641383548,-20.6289179230488],[116.774644635294,-20.6289193558803],[116.774647573381,-20.6289212988358],[116.774650108633,-20.6289236921615],[116.774652164369,-20.6289264634695],[116.774653676403,-20.6289295286413],[116.774654601681,-20.6289327936466],[116.774654909631,-20.6289361617605],[116.774654591769,-20.6289395281544],[116.774653656881,-20.6289427916368],[116.774652135829,-20.628945852852],[116.774650071942,-20.6289486187859],[116.774647529654,-20.6289510054879],[116.774644585859,-20.6289529398667],[116.774641329907,-20.6289543642086],[116.774637860726,-20.6289552343663]]]},"properties":{"OBJECTID":102,"Layer":null,"RefName":" ","Area_ha":0.0014392458374591333,"Shape__Area":14.39208984375,"Shape__Length":13.465566538580282}},{"type":"Feature","id":103,"geometry":{"type":"Polygon","coordinates":[[[116.774578270643,-20.6289444055995],[116.774576707839,-20.6289445318712],[116.774575145413,-20.6289444015213],[116.774573630393,-20.6289440164185],[116.774572209792,-20.6289433910816],[116.774570925818,-20.6289425418305],[116.774569817782,-20.6289414967281],[116.774568920196,-20.6289402856382],[116.774568258919,-20.6289389465457],[116.774567855009,-20.6289375192363],[116.774567720878,-20.6289360480027],[116.774567859341,-20.6289345771248],[116.774568267453,-20.6289331508751],[116.774568932671,-20.6289318135136],[116.77456983382,-20.628930604771],[116.774570944931,-20.628929561661],[116.774572231399,-20.6289287166678],[116.774573653838,-20.6289280941374],[116.774575169984,-20.6289277138936],[116.77457673279,-20.6289275867184],[116.774578295215,-20.6289277179718],[116.774579810235,-20.628928102171],[116.774581230835,-20.6289287284114],[116.774582514811,-20.6289295767588],[116.774583622845,-20.6289306227647],[116.774584520431,-20.6289318338546],[116.774585181708,-20.628933172947],[116.774585585619,-20.6289346002564],[116.77458571975,-20.62893607149],[116.774585581287,-20.6289375423679],[116.774585173175,-20.6289389686176],[116.774584507957,-20.6289403059792],[116.774583606807,-20.6289415147218],[116.774582495699,-20.6289425569284],[116.774581209228,-20.6289434028252],[116.774579786791,-20.6289440244521],[116.774578270643,-20.6289444055995]]]},"properties":{"OBJECTID":103,"Layer":null,"RefName":" ","Area_ha":0.0002747924810161159,"Shape__Area":2.7470703125,"Shape__Length":5.883822683392105}},{"type":"Feature","id":104,"geometry":{"type":"Polygon","coordinates":[[[116.774577617265,-20.6289865928638],[116.774576645792,-20.6289866711128],[116.774575674553,-20.6289865903287],[116.774574733302,-20.628986351454],[116.774573849864,-20.6289859617537],[116.774573052053,-20.6289854348182],[116.774572363847,-20.6289847842327],[116.774571805368,-20.6289840317099],[116.774571394822,-20.6289831998634],[116.774571143691,-20.6289823122018],[116.774571059612,-20.6289813976502],[116.774571146384,-20.6289804833217],[116.774571400127,-20.6289795972225],[116.774571813121,-20.6289787664507],[116.774572373815,-20.6289780144847],[116.774573063933,-20.6289773666015],[116.774573863294,-20.6289768408466],[116.774574747875,-20.6289764543571],[116.774575689826,-20.6289762179399],[116.774576661299,-20.6289761396909],[116.774577632538,-20.628976220475],[116.774578573788,-20.6289764593497],[116.774579457228,-20.6289768481463],[116.774580255037,-20.6289773759854],[116.774580943246,-20.6289780256673],[116.774581501723,-20.6289787790937],[116.774581912269,-20.6289796109402],[116.774582163401,-20.6289804976981],[116.77458224748,-20.6289814122497],[116.774582160708,-20.6289823265783],[116.774581906965,-20.628983213581],[116.77458149397,-20.6289840443529],[116.774580933278,-20.6289847954153],[116.774580243158,-20.6289854442022],[116.774579443798,-20.6289859690535],[116.774578559216,-20.6289863564466],[116.774577617265,-20.6289865928638]]]},"properties":{"OBJECTID":104,"Layer":null,"RefName":" ","Area_ha":0.0001061553129909924,"Shape__Area":1.062255859375,"Shape__Length":3.657025888132177}},{"type":"Feature","id":105,"geometry":{"type":"Polygon","coordinates":[[[116.775211187204,-20.6290016510478],[116.775200716987,-20.6290024994561],[116.7751902493,-20.6290016238008],[116.775180102775,-20.6289990497974],[116.775170584444,-20.6289948564586],[116.775161984951,-20.6289891715701],[116.775154564161,-20.6289821662506],[116.775148548282,-20.6289740540439],[116.775144120281,-20.6289650827742],[116.775141414137,-20.6289555227923],[116.775140512927,-20.6289456660685],[116.775141443087,-20.6289358117286],[116.775144177301,-20.6289262597316],[116.775148631638,-20.6289172991199],[116.775154671317,-20.6289092035083],[116.775162112652,-20.6289022175327],[116.775170728806,-20.6288965541471],[116.77518025941,-20.6288923855997],[116.775190413449,-20.6288898380156],[116.775200883659,-20.6288889896078],[116.775211351337,-20.6288898652624],[116.775221497856,-20.628892439264],[116.775231016182,-20.6288966326],[116.775239616631,-20.6289023183899],[116.775247036462,-20.6289093237046],[116.775253052344,-20.6289174350043],[116.775257480349,-20.6289264071749],[116.775260186501,-20.6289359662515],[116.775261087719,-20.6289458229747],[116.775260157566,-20.6289556773154],[116.775257423358,-20.6289652302178],[116.775252969027,-20.6289741899287],[116.775246929349,-20.6289822864473],[116.775239488974,-20.6289892724277],[116.775230871859,-20.6289949349119],[116.77522134125,-20.6289991034619],[116.775211187204,-20.6290016510478]]]},"properties":{"OBJECTID":105,"Layer":null,"RefName":" ","Area_ha":0.012331066758551534,"Shape__Area":123.311279296875,"Shape__Length":39.41463071563798}},{"type":"Feature","id":106,"geometry":{"type":"Polygon","coordinates":[[[116.772466513052,-20.6275964027696],[116.772433121315,-20.6275991093413],[116.772399737756,-20.6275963148086],[116.772367376787,-20.6275881063499],[116.772337020912,-20.6275747319431],[116.772309593843,-20.6275565985225],[116.772285928856,-20.6275342565758],[116.772266742894,-20.6275083856523],[116.772252622202,-20.6274797717535],[116.77224399261,-20.6274492838003],[116.77224111861,-20.6274178483309],[116.772244086122,-20.6273864205626],[116.772252806377,-20.6273559554818],[116.772267012123,-20.6273273780206],[116.772286274941,-20.6273015577784],[116.772310006248,-20.627279279205],[116.772337487086,-20.6272612181466],[116.772367882549,-20.627247923793],[116.772400267724,-20.6272397997364],[116.772433659381,-20.6272370940738],[116.772467042865,-20.6272398876958],[116.772499403764,-20.6272480970391],[116.77252975863,-20.6272614714161],[116.772557185672,-20.6272796048021],[116.772580851621,-20.6273019458099],[116.772600036652,-20.6273278166982],[116.772614158353,-20.6273564314745],[116.772622787054,-20.6273869194089],[116.772625661132,-20.6274183548728],[116.772622693698,-20.6274497826483],[116.772613974471,-20.6274802477492],[116.772599767816,-20.6275088243341],[116.772580505984,-20.6275346446122],[116.772556773715,-20.6275569241244],[116.772529292849,-20.6275749852168],[116.772498898294,-20.6275882795991],[116.772466513052,-20.6275964027696]]]},"properties":{"OBJECTID":106,"Layer":"AMMONIA STORAGE","RefName":" ","Area_ha":0.12542557160401718,"Shape__Area":1254.255615234375,"Shape__Length":125.70431381736303}},{"type":"Feature","id":107,"geometry":{"type":"Polygon","coordinates":[[[116.772702806,-20.6285171356704],[116.772691444968,-20.6285180559462],[116.772680085753,-20.6285171057746],[116.772669075776,-20.6285143127207],[116.772658747973,-20.6285097621609],[116.772649416006,-20.6285035927588],[116.772641363708,-20.6284959910295],[116.772634836455,-20.6284871886172],[116.772630031575,-20.6284774532471],[116.772627095484,-20.6284670796851],[116.772626117938,-20.628456384309],[116.772627127248,-20.628445691548],[116.772630094138,-20.6284353257554],[116.772634927914,-20.6284256030712],[116.772641481283,-20.6284168178747],[116.77264955612,-20.6284092382735],[116.772658906368,-20.6284030925542],[116.772669247637,-20.6283985691945],[116.772680265857,-20.6283958051278],[116.77269162784,-20.6283948848538],[116.772702986086,-20.6283958350234],[116.772713996056,-20.6283986280751],[116.772724324812,-20.6284031786328],[116.772733655816,-20.6284093489332],[116.772741708115,-20.6284169497548],[116.772748235371,-20.6284257521631],[116.772753040257,-20.62843548753],[116.772755976356,-20.62844586109],[116.772756954871,-20.6284565564667],[116.77275594461,-20.6284672492273],[116.772752977728,-20.6284776150221],[116.772748143958,-20.6284873377095],[116.772741590592,-20.6284961229101],[116.772733515753,-20.6285037034191],[116.772724166463,-20.62850984824],[116.772713824228,-20.6285143716016],[116.772702806,-20.6285171356704]]]},"properties":{"OBJECTID":107,"Layer":"UREA UNIT 1","RefName":" ","Area_ha":0.014519487666690596,"Shape__Area":145.19482421875,"Shape__Length":42.76936315114271}},{"type":"Feature","id":108,"geometry":{"type":"Polygon","coordinates":[[[116.772912084066,-20.6285222451551],[116.772899816839,-20.6285232392521],[116.77288755261,-20.6285222129057],[116.772875664708,-20.6285191973291],[116.772864512937,-20.6285142842588],[116.772854437816,-20.6285076232366],[116.772845743318,-20.6284994152612],[116.772838695901,-20.6284899118836],[116.772833508226,-20.6284793998245],[116.772830338187,-20.6284682000691],[116.772829282226,-20.6284566515938],[116.772830372454,-20.6284451059409],[116.772833575716,-20.6284339145663],[116.772838794564,-20.6284234161915],[116.772845871109,-20.6284139313861],[116.772854588965,-20.6284057463062],[116.772864683803,-20.6283991118043],[116.772875850099,-20.6283942280774],[116.772887746892,-20.6283912437708],[116.772900014108,-20.6283902496746],[116.772912278327,-20.6283912760201],[116.77292416622,-20.6283942915942],[116.772935317984,-20.6283992046606],[116.772945393101,-20.6284058656781],[116.7729540876,-20.6284140736486],[116.77296113502,-20.6284235770215],[116.772966322702,-20.628434089077],[116.77296949275,-20.62844528883],[116.772970548722,-20.6284568373045],[116.772969458504,-20.6284683829585],[116.772966255252,-20.6284795743356],[116.77296103641,-20.6284900727142],[116.772953960828,-20.6284995575255],[116.772945242013,-20.6285077426092],[116.772935147171,-20.6285143771157],[116.772923980867,-20.6285192608463],[116.772912084066,-20.6285222451551]]]},"properties":{"OBJECTID":108,"Layer":"UREA UNIT 1","RefName":" ","Area_ha":0.016926615664832927,"Shape__Area":169.266845703125,"Shape__Length":46.17875329155122}},{"type":"Feature","id":109,"geometry":{"type":"Polygon","coordinates":[[[116.772698031916,-20.6286553899129],[116.772691240249,-20.6286559403039],[116.772684449283,-20.6286553720404],[116.772677867277,-20.628653702565],[116.772671693802,-20.6286509827419],[116.772666114945,-20.6286472941397],[116.77266130139,-20.628642749933],[116.772657398827,-20.6286374876606],[116.772654526998,-20.6286316674171],[116.772652771065,-20.6286254664199],[116.772652186421,-20.6286190726905],[116.772652790052,-20.6286126805249],[116.772654564394,-20.6286064841737],[116.772657453496,-20.6286006715118],[116.772661371671,-20.6285954195315],[116.772666198702,-20.6285908880117],[116.772671788489,-20.628587214107],[116.772677970014,-20.628584510542],[116.772684556949,-20.6285828583955],[116.772691349572,-20.628582308006],[116.772698139575,-20.6285828762679],[116.772704721578,-20.6285845457424],[116.772710896011,-20.6285872655657],[116.772716474867,-20.6285909541665],[116.772721288422,-20.6285954983716],[116.772725190027,-20.6286007606414],[116.772728062818,-20.628606580885],[116.772729817793,-20.6286127818802],[116.772730402441,-20.6286191756094],[116.772729798813,-20.6286255677752],[116.772728025434,-20.6286317641285],[116.772725135374,-20.6286375767904],[116.77272121816,-20.6286428287733],[116.772716391129,-20.6286473602946],[116.772710801341,-20.6286510342008],[116.772704618854,-20.6286537377656],[116.772698031916,-20.6286553899129]]]},"properties":{"OBJECTID":109,"Layer":"UREA UNIT 1","RefName":" ","Area_ha":0.005188909659240755,"Shape__Area":51.888427734375,"Shape__Length":25.56790785582487}},{"type":"Feature","id":110,"geometry":{"type":"Polygon","coordinates":[[[116.772910618923,-20.6295099975338],[116.772898351617,-20.6295109916299],[116.772886087309,-20.6295099652827],[116.77287419933,-20.6295069497056],[116.772863047488,-20.6295020366351],[116.772852972304,-20.6294953747094],[116.772844277749,-20.6294871676379],[116.772837230289,-20.6294776633574],[116.77283204258,-20.6294671522027],[116.772828872523,-20.6294559515447],[116.772827816554,-20.6294444039743],[116.77282890679,-20.6294328583227],[116.772832110073,-20.6294216669497],[116.772837328956,-20.6294111685764],[116.772844405548,-20.6294016837726],[116.77285312346,-20.6293934986942],[116.772863218364,-20.6293868641937],[116.772874384733,-20.6293819804682],[116.772886281602,-20.6293789961628],[116.772898548898,-20.6293780020675],[116.772910813196,-20.6293790284137],[116.772922701165,-20.6293820439883],[116.772933853001,-20.6293869570549],[116.772943928182,-20.6293936180724],[116.772952622736,-20.6294018260425],[116.772959670201,-20.6294113294149],[116.772964857916,-20.6294218414694],[116.772968027984,-20.6294330412214],[116.772969083961,-20.6294445896947],[116.772967993737,-20.6294561344436],[116.772964790462,-20.6294673267228],[116.772959571587,-20.6294778241963],[116.772952495957,-20.6294873099097],[116.772943777086,-20.6294954940882],[116.772933682177,-20.6295021294968],[116.772922515802,-20.6295070132261],[116.772910618923,-20.6295099975338]]]},"properties":{"OBJECTID":110,"Layer":"UREA UNIT 2","RefName":" ","Area_ha":0.016926578870843353,"Shape__Area":169.265625,"Shape__Length":46.17870311178857}},{"type":"Feature","id":111,"geometry":{"type":"Polygon","coordinates":[[[116.772701339509,-20.6295048871317],[116.772689978402,-20.6295058083102],[116.772678619115,-20.6295048572343],[116.772667609067,-20.6295020641799],[116.772657281197,-20.6294975145236],[116.772647949171,-20.629491344218],[116.772639896821,-20.6294837433925],[116.772633369526,-20.6294749409808],[116.772628564617,-20.6294652047079],[116.772625628507,-20.6294548320505],[116.772624650955,-20.6294441366756],[116.772625660273,-20.6294334439159],[116.772628627183,-20.6294230781246],[116.772633460991,-20.6294133554419],[116.772640014402,-20.6294045702468],[116.772648089293,-20.6293969897435],[116.772657439601,-20.6293908449291],[116.772667780938,-20.6293863215706],[116.772678799229,-20.6293835575049],[116.772690161285,-20.6293826372319],[116.772701519604,-20.6293835874021],[116.772712529644,-20.6293863804543],[116.772722858468,-20.6293909310122],[116.772732189532,-20.6293971004089],[116.772740241881,-20.6294047021338],[116.772746769179,-20.6294135045415],[116.772751574095,-20.6294232399077],[116.772754510212,-20.6294336134667],[116.772755488733,-20.6294443088422],[116.772754478464,-20.6294550016015],[116.772751511563,-20.6294653664913],[116.77274667776,-20.6294750900809],[116.772740124351,-20.6294838752801],[116.772732049461,-20.629491454884],[116.772722700109,-20.6294976006071],[116.772712357808,-20.629502123064],[116.772701339509,-20.6295048871317]]]},"properties":{"OBJECTID":111,"Layer":"UREA UNIT 2","RefName":" ","Area_ha":0.014519434017814194,"Shape__Area":145.195556640625,"Shape__Length":42.76928414256592}},{"type":"Feature","id":112,"geometry":{"type":"Polygon","coordinates":[[[116.772696565382,-20.6296431422616],[116.772689773671,-20.6296436926521],[116.772682982662,-20.6296431243882],[116.772676400613,-20.6296414549126],[116.7726702271,-20.6296387341857],[116.772664648206,-20.6296350464872],[116.77265983462,-20.6296305022807],[116.772655932032,-20.6296252400086],[116.772653060185,-20.6296194197656],[116.772651304242,-20.629613218769],[116.772650719594,-20.6296068250402],[116.772651323229,-20.6296004328754],[116.772653097584,-20.6295942356215],[116.772655986705,-20.629588423864],[116.772659904905,-20.6295831718846],[116.772664731967,-20.6295786403657],[116.772670321791,-20.6295749664617],[116.772676503356,-20.6295722628975],[116.772683090333,-20.6295706107516],[116.772689883001,-20.6295700603626],[116.772696673047,-20.6295706286249],[116.772703255093,-20.6295722980997],[116.772709429565,-20.6295750179231],[116.772715008457,-20.6295787065238],[116.772719822043,-20.6295832507288],[116.772723723672,-20.6295885129982],[116.772726596483,-20.6295943323378],[116.772728351468,-20.629600534236],[116.772728936119,-20.6296069279645],[116.772728332486,-20.6296133201296],[116.772726559095,-20.629619516482],[116.772723669016,-20.629625329143],[116.772719751776,-20.6296305811251],[116.772714924714,-20.6296351126455],[116.772709334891,-20.6296387856473],[116.772703152362,-20.629641490115],[116.772696565382,-20.6296431422616]]]},"properties":{"OBJECTID":112,"Layer":"UREA UNIT 2","RefName":" ","Area_ha":0.005188902244388765,"Shape__Area":51.888671875,"Shape__Length":25.56788959484576}},{"type":"Feature","id":115,"geometry":{"type":"Polygon","coordinates":[[[116.771179516503,-20.6302164514413],[116.771248762129,-20.6302804637018],[116.771245539436,-20.6302846421908],[116.771240978053,-20.6302905483941],[116.771238452733,-20.6302937338483],[116.771234736168,-20.6302982532433],[116.771230518958,-20.6303031505828],[116.771226974106,-20.6303070946128],[116.771223347758,-20.6303109770901],[116.771220310907,-20.6303141166866],[116.771212857329,-20.6303214223469],[116.771206356028,-20.6303273711598],[116.771198593419,-20.6303340068437],[116.771191542609,-20.63033963144],[116.771184864188,-20.63034463395],[116.771181666392,-20.6303469239502],[116.771177219617,-20.6303500002336],[116.771172587592,-20.6303530762715],[116.771167824134,-20.6303561078588],[116.771161979119,-20.6303596530642],[116.771158256475,-20.6303618158649],[116.771152693366,-20.6303649123552],[116.771145767423,-20.6303685501022],[116.771139843663,-20.6303714780449],[116.771132074075,-20.6303750740117],[116.771126644534,-20.6303774279202],[116.771121021179,-20.6303797318738],[116.771118285928,-20.6303808044352],[116.771115006184,-20.6303820497659],[116.771111634312,-20.6303832841313],[116.771109249745,-20.6303841294504],[116.771105312352,-20.6303854769197],[116.771099204772,-20.6303874468031],[116.771094662639,-20.6303888187716],[116.771090458627,-20.6303900204079],[116.771085271445,-20.630391412304],[116.771080793034,-20.6303925349634],[116.771074590268,-20.6303939706932],[116.771067360364,-20.6303954728314],[116.771059571961,-20.6303968865801],[116.771054817654,-20.6303976474338],[116.771050345714,-20.6303982939046],[116.771046501732,-20.6303987948247],[116.771043813677,-20.6303991156536],[116.771041058459,-20.6303994192251],[116.771037216575,-20.6303998008728],[116.771032292889,-20.6304002181341],[116.771026864398,-20.6304005850281],[116.77101928779,-20.630400936424],[116.77101301976,-20.6304010844375],[116.771002385665,-20.6304010414251],[116.77099352866,-20.6304007233633],[116.77098818278,-20.6304004063417],[116.770981869639,-20.6303999109322],[116.770976084526,-20.630399341224],[116.770968455111,-20.6303984193776],[116.770961419036,-20.6303973953075],[116.770957808971,-20.6303968040854],[116.770953803623,-20.6303960966785],[116.770950836611,-20.6303955361278],[116.77094729583,-20.6303948284332],[116.770944540976,-20.6303942464772],[116.770939476603,-20.6303931066493],[116.770934761619,-20.6303919636702],[116.77092907674,-20.6303904787482],[116.770924697827,-20.6303892530835],[116.770921014596,-20.6303881665917],[116.770916141796,-20.6303866502167],[116.770909420453,-20.6303844094149],[116.770899299613,-20.6303806948532],[116.770880710886,-20.6303732046688],[116.770855069684,-20.6303628244556],[116.7708312674,-20.6303531885326],[116.770690570855,-20.6302962314437],[116.770647621647,-20.6302788443112],[116.770553635693,-20.630240797282],[116.770491509851,-20.6302156471254],[116.770410881736,-20.630183005923],[116.770372527468,-20.6301674790132],[116.770299494854,-20.6301379137649],[116.77019635003,-20.6300961577422],[116.770115292291,-20.6300633432436],[116.770053319116,-20.6300382554814],[116.769935041109,-20.6299903726403],[116.76991528223,-20.6299823738753],[116.769896319541,-20.629974696946],[116.769770659157,-20.6299238258987],[116.769692388256,-20.629892138993],[116.769571177058,-20.6298430691829],[116.769548581686,-20.6298339217332],[116.76947006051,-20.6298021331903],[116.769464712638,-20.6297999682605],[116.769460731651,-20.6297983961081],[116.769456501123,-20.6297968118758],[116.769453577089,-20.6297957679317],[116.769449963214,-20.6297945333111],[116.769445901213,-20.6297932185758],[116.769442603752,-20.6297922066626],[116.769439035655,-20.6297911681837],[116.769435042433,-20.6297900722107],[116.769430767015,-20.6297889776681],[116.769427571888,-20.6297882107664],[116.769424539814,-20.6297875245025],[116.769420636413,-20.6297866970177],[116.769417002554,-20.6297859855532],[116.769414564263,-20.6297855386317],[116.769411496436,-20.6297850104495],[116.769407859492,-20.6297844354241],[116.769404151453,-20.62978390458],[116.769401173638,-20.6297835183827],[116.769396180423,-20.6297829505825],[116.769390896262,-20.6297824582959],[116.769386627351,-20.6297821417591],[116.769379056678,-20.6297817575622],[116.769372264091,-20.6297816039178],[116.769174167413,-20.6297836254284],[116.768841032828,-20.6297871078978],[116.768828938757,-20.6296968683281],[116.768866293585,-20.6296964782615],[116.768986637815,-20.6296952205942],[116.769126841523,-20.6296937553548],[116.76924671254,-20.6296925022954],[116.76933139225,-20.6296916169158],[116.769349678522,-20.6296914253731],[116.769372286959,-20.6296912414063],[116.769383074289,-20.6296914762861],[116.769390042264,-20.6296918018478],[116.769397484142,-20.6296923006293],[116.769403182,-20.6296927880462],[116.769409676256,-20.6296934563422],[116.76941232976,-20.6296937643969],[116.769418811284,-20.6296946016484],[116.769424619933,-20.6296954551699],[116.769430393889,-20.6296964008119],[116.769435837604,-20.6296973821569],[116.769440183461,-20.6296982292074],[116.769444282633,-20.629699079543],[116.769449494765,-20.6297002349729],[116.769453396106,-20.6297011537177],[116.769459060889,-20.629702571795],[116.769465411521,-20.6297042808424],[116.769471878051,-20.6297061517884],[116.769477697753,-20.6297079522939],[116.769484787469,-20.629710296653],[116.76949024609,-20.6297122168548],[116.769496121847,-20.6297143996565],[116.769502631494,-20.6297169592008],[116.769534879874,-20.6297300140441],[116.769586614658,-20.6297509579873],[116.769607494864,-20.6297594109881],[116.769643507398,-20.6297739897803],[116.76992098985,-20.6298863235547],[116.770038013059,-20.6299336978162],[116.770310410079,-20.6300439730294],[116.770379276569,-20.6300718511386],[116.77051106506,-20.630125203035],[116.770610257821,-20.6301653587714],[116.770721275499,-20.630210301146],[116.77079666035,-20.6302408190197],[116.770874225644,-20.630272218954],[116.77088246574,-20.6302755551256],[116.770890676101,-20.630278878607],[116.770904552848,-20.6302844966105],[116.770915735017,-20.6302890231071],[116.770921708369,-20.6302914418292],[116.770926089339,-20.6302932150773],[116.770933097741,-20.6302960517304],[116.77093985119,-20.6302986440736],[116.770944785114,-20.6303003629351],[116.770948679257,-20.6303016186788],[116.770950287224,-20.6303021114649],[116.770952822983,-20.6303028593923],[116.770956490957,-20.6303038771897],[116.770959904777,-20.6303047582066],[116.770963959651,-20.6303057223009],[116.770968713213,-20.6303067406338],[116.770974171297,-20.630307763515],[116.770978850384,-20.6303085188018],[116.770983481656,-20.6303091556536],[116.770988974903,-20.6303097719618],[116.770993428014,-20.6303101609913],[116.771000008138,-20.6303105564548],[116.771006390858,-20.6303107356964],[116.771013575373,-20.630310699137],[116.771016817888,-20.6303105986179],[116.771023021884,-20.6303102643781],[116.771027709388,-20.6303098847552],[116.771031775928,-20.6303094672616],[116.771035454735,-20.6303090185315],[116.771040600631,-20.6303082753657],[116.771045016085,-20.630307530328],[116.771051084099,-20.6303063420065],[116.771054420671,-20.6303056054782],[116.771059825629,-20.6303042852559],[116.771064597052,-20.6303029876873],[116.771068199992,-20.6303019235055],[116.771072449338,-20.630300572836],[116.771077935788,-20.6302986735146],[116.771083087324,-20.6302967249548],[116.77108771374,-20.6302948326257],[116.771093633202,-20.6302922100953],[116.771097507986,-20.6302903655642],[116.77110213123,-20.6302880259493],[116.771108004522,-20.6302848268615],[116.771112247875,-20.6302823475888],[116.771117784644,-20.6302788914328],[116.771121347295,-20.6302765260149],[116.771126159267,-20.6302731448006],[116.771130953324,-20.6302695476023],[116.771135186503,-20.6302661692352],[116.771139127817,-20.630262838372],[116.771142940621,-20.630259434147],[116.771148939635,-20.6302536771375],[116.771155710553,-20.6302465106333],[116.771159964277,-20.6302415871396],[116.771162934714,-20.6302379287906],[116.77116536108,-20.6302348037475],[116.771168567423,-20.6302306478283],[116.771170132128,-20.630228618612],[116.771172635462,-20.6302253725885],[116.771175510976,-20.6302216454401],[116.771178072012,-20.6302183253979],[116.771179516503,-20.6302164514413]]]},"properties":{"OBJECTID":115,"Layer":"POTENTIAL ACCESS ROAD","RefName":" ","Area_ha":0.26582488127504683,"Shape__Area":2658.250244140625,"Shape__Length":551.8198779187725}},{"type":"Feature","id":116,"geometry":{"type":"Polygon","coordinates":[[[116.77777689401,-20.6288546145206],[116.777776250791,-20.6292977448592],[116.777775061953,-20.6301167353839],[116.777774838361,-20.6301246334522],[116.777774717457,-20.6301265922986],[116.777774570647,-20.6301285438828],[116.777774397931,-20.6301304882049],[116.777774199309,-20.6301324261686],[116.777773975742,-20.6301343568713],[116.777773727229,-20.6301362803132],[116.777773452811,-20.6301381964929],[116.777773154408,-20.6301401045094],[116.777772831061,-20.6301420043614],[116.777772482769,-20.6301438969525],[116.777772110492,-20.6301457813804],[116.777771713271,-20.6301476576438],[116.777770847838,-20.6301513847785],[116.777770379625,-20.6301532356499],[116.77776988743,-20.6301550774543],[116.777769371251,-20.630156910192],[116.777768833009,-20.6301587338652],[116.777768270785,-20.630160547568],[116.777767685537,-20.6301623531088],[116.777767077267,-20.6301641486804],[116.777766446935,-20.630165934284],[116.777765793581,-20.6301677099184],[116.777765118164,-20.6301694755849],[116.777764420686,-20.6301712312833],[116.777763701148,-20.6301729761102],[116.777762196845,-20.6301764349577],[116.777761412081,-20.6301781489784],[116.777760605258,-20.6301798512238],[116.777759778294,-20.6301815426002],[116.777758929269,-20.6301832231049],[116.777758060104,-20.630184891837],[116.77775716984,-20.6301865487952],[116.777755327931,-20.6301898282957],[116.777753404504,-20.6301930607043],[116.777751401481,-20.6301962433124],[116.777749319825,-20.6301993752179],[116.777747161454,-20.6302024564231],[116.777744926371,-20.6302054851208],[116.7777426165,-20.6302084595064],[116.777739014584,-20.6302128174461],[116.777735251598,-20.6302170486748],[116.777733961478,-20.6302184295208],[116.77773133139,-20.6302211468721],[116.777728633239,-20.6302238044983],[116.777727258763,-20.6302251093334],[116.777724461883,-20.6302276737618],[116.777723038521,-20.6302289324504],[116.777721599825,-20.6302301748544],[116.777718673551,-20.6302326117089],[116.777715686902,-20.6302349825229],[116.777712637961,-20.6302372863904],[116.777707954832,-20.6302406137393],[116.777703141392,-20.6302437836942],[116.777698202448,-20.6302467917433],[116.77769484308,-20.6302487066635],[116.777689704889,-20.6302514370512],[116.777684453686,-20.6302539956095],[116.777679092357,-20.6302563778242],[116.777671780831,-20.6302592734835],[116.777668058538,-20.6302605978862],[116.777664293172,-20.6302618391022],[116.777658566168,-20.6302635413394],[116.777654699371,-20.6302645673682],[116.777650793346,-20.630265506601],[116.777644864484,-20.630266746839],[116.777640867601,-20.6302674609585],[116.777636837256,-20.6302680828679],[116.777634809656,-20.6302683594697],[116.777630729605,-20.6302688403535],[116.777626618974,-20.6302692272236],[116.777622479689,-20.6302695173716],[116.777620398582,-20.6302696258351],[116.777618310791,-20.6302697098928],[116.777612008278,-20.6302698147287],[116.776583416797,-20.6302694136173],[116.776517739252,-20.6302693882962],[116.776517761397,-20.6302693413377],[116.77626851814,-20.6302690656834],[116.77626698527,-20.6302690609872],[116.771269541805,-20.6302535251328],[116.771248762129,-20.6302804637018],[116.771179516503,-20.6302164514413],[116.771191873521,-20.6302004325534],[116.771792385564,-20.6301900964178],[116.771796753405,-20.6301897362309],[116.771798913441,-20.6301894806553],[116.771802121963,-20.6301890023724],[116.771806336895,-20.630188194702],[116.77180944885,-20.6301874632839],[116.771814533403,-20.6301860115928],[116.771817519068,-20.6301850053138],[116.771820453048,-20.6301838995707],[116.771824281422,-20.6301822736327],[116.771828008301,-20.6301804803948],[116.771830734509,-20.6301790292024],[116.771834270796,-20.6301769555971],[116.771837692131,-20.6301747282282],[116.771840177891,-20.6301729595551],[116.771844936682,-20.6301691824742],[116.771847942133,-20.6301664919134],[116.771852187197,-20.6301622108495],[116.771857328646,-20.6301560722674],[116.771860770286,-20.6301511684664],[116.771863836982,-20.6301460256202],[116.771866510468,-20.6301406626802],[116.771868770564,-20.6301350958846],[116.771870326883,-20.6301303133865],[116.771871982333,-20.6301234202135],[116.771873355223,-20.6301090421617],[116.771873420593,-20.6300651743532],[116.771869361333,-20.6300542715956],[116.771866173511,-20.6300479467147],[116.771860991003,-20.6300397740515],[116.771856678026,-20.630034238333],[116.771850056897,-20.6300272285077],[116.77184477505,-20.6300225960113],[116.77183543316,-20.630015960296],[116.771827672505,-20.6300116543383],[116.771819470179,-20.630008087844],[116.771810002928,-20.6300050636445],[116.771803767952,-20.6300036530232],[116.771795544821,-20.6300024539281],[116.771787125774,-20.6300019702236],[116.771329106494,-20.6300013645111],[116.771267742714,-20.6300012832676],[116.771256011144,-20.6300008647281],[116.771251351676,-20.6300004745286],[116.771244403619,-20.6299996538962],[116.771238275484,-20.6299986897737],[116.771234469801,-20.6299979772162],[116.771228426658,-20.6299966617061],[116.771222441425,-20.6299951330233],[116.771216521773,-20.6299933956959],[116.771211397762,-20.6299917055056],[116.771205613066,-20.6299895825201],[116.771201326092,-20.6299878581978],[116.771195684936,-20.6299853848059],[116.771190821034,-20.6299830597299],[116.771187391245,-20.6299813076276],[116.771183999001,-20.6299794805762],[116.771180646222,-20.629977579482],[116.771177334826,-20.6299756052511],[116.771174063853,-20.6299735578822],[116.771162085425,-20.6299642701913],[116.771132611656,-20.6299410177011],[116.771116776567,-20.6299285252554],[116.771098758487,-20.6299143112713],[116.771081330979,-20.6299005625177],[116.771062046445,-20.6298853492789],[116.771038526317,-20.6298667943387],[116.771018336993,-20.6298519982618],[116.771009626634,-20.6298454256875],[116.771002345961,-20.6298391757855],[116.770998871404,-20.6298359137072],[116.770995511197,-20.629832565035],[116.770993065515,-20.6298299973805],[116.770989134789,-20.6298256142352],[116.770985387578,-20.6298211075402],[116.770982523164,-20.6298174161576],[116.770979113174,-20.6298126993711],[116.770976522557,-20.629808847511],[116.770974660048,-20.6298059137685],[116.770971714042,-20.6298009436858],[116.7709705902,-20.629798928075],[116.770968439527,-20.629794851802],[116.770966416601,-20.629790717868],[116.770963628084,-20.6297844151865],[116.770961934582,-20.6297801488603],[116.77096075209,-20.6297769169282],[116.770959644503,-20.6297736597946],[116.770958949967,-20.6297714739728],[116.770957971061,-20.6297681754444],[116.770956511759,-20.6297626281262],[116.770955741229,-20.6297592702365],[116.770954836119,-20.6297547636948],[116.770954074076,-20.6297502239097],[116.770953746343,-20.6297479427928],[116.770953199371,-20.6297433590165],[116.770952798334,-20.6297387492294],[116.770952544188,-20.6297341161435],[116.770952443283,-20.6297239324558],[116.770952531598,-20.6296649050079],[116.770952609397,-20.629612905734],[116.770953178127,-20.6292327725719],[116.770954062763,-20.628641474266],[116.770954417893,-20.6286414810621],[116.770954454318,-20.628379749282],[116.770954651228,-20.6282481277658],[116.770955618474,-20.6276015735436],[116.770956850737,-20.6267778329576],[116.770957054408,-20.6267603829295],[116.770957092849,-20.6267571426756],[116.770957317866,-20.6267549381931],[116.770957447609,-20.6267522600985],[116.770957632881,-20.6267503185106],[116.770957844056,-20.6267483841857],[116.770958080177,-20.6267464571227],[116.770958342201,-20.6267445373229],[116.770958450725,-20.6267438534425],[116.770958478969,-20.6267435796896],[116.770958559245,-20.6267431713694],[116.770959100874,-20.6267397709419],[116.770959275058,-20.626738825105],[116.770960020721,-20.6267350562798],[116.770960429527,-20.6267331845653],[116.770961084466,-20.6267303915063],[116.770961798883,-20.6267276202127],[116.770962561264,-20.626724866151],[116.7709633812,-20.6267221356591],[116.77096424718,-20.6267194233002],[116.770964855516,-20.6267176277525],[116.770965812621,-20.6267149543692],[116.77096613933,-20.6267140665648],[116.77096647659,-20.6267131832923],[116.770966778164,-20.6267124156333],[116.770966818647,-20.6267123018335],[116.770967512348,-20.6267105452536],[116.770968602778,-20.6267079325882],[116.770969354989,-20.6267062031939],[116.770969737329,-20.626705340764],[116.770970129259,-20.626704484672],[116.77097074072,-20.6267031662285],[116.770971328069,-20.6267019254625],[116.770972579629,-20.6266993934309],[116.770973223637,-20.6266981328608],[116.770973873386,-20.6266968849488],[116.770974763704,-20.6266952271218],[116.770975675119,-20.6266935819732],[116.770976454607,-20.6266922248977],[116.770976608591,-20.6266919495042],[116.77097820305,-20.6266892561829],[116.7709800263,-20.6266863264221],[116.77098124521,-20.6266844467454],[116.77098208887,-20.6266831810184],[116.770982787243,-20.6266821509381],[116.77098336144,-20.6266813610504],[116.770983683739,-20.6266808545587],[116.770984003032,-20.6266804330014],[116.770984773515,-20.6266793207891],[116.770985881508,-20.6266777996941],[116.770986829794,-20.6266765304913],[116.770987735725,-20.6266753434599],[116.770988445446,-20.626674427248],[116.770989720581,-20.6266728178218],[116.770990366766,-20.6266720271259],[116.77099050332,-20.626671853816],[116.770991439893,-20.6266707147159],[116.770993097562,-20.6266687552004],[116.770994271525,-20.6266674067801],[116.770995410834,-20.6266661251801],[116.770996425114,-20.6266650123874],[116.770997972921,-20.626663348203],[116.771000305065,-20.6266609350714],[116.771001274024,-20.6266599622763],[116.771002326586,-20.6266589227258],[116.771003780901,-20.6266575186539],[116.771004675771,-20.6266566677465],[116.771007473656,-20.6266541034275],[116.771008671182,-20.6266530441899],[116.771009615916,-20.6266522240708],[116.771010613493,-20.6266513687815],[116.771011553387,-20.6266505766676],[116.771012247241,-20.6266500010913],[116.771013083304,-20.6266493217896],[116.771013263979,-20.6266491693209],[116.771014427733,-20.6266482293135],[116.771015497282,-20.6266473840591],[116.771017006914,-20.6266462158997],[116.77101811581,-20.6266453743119],[116.771018988306,-20.6266447221664],[116.771019819468,-20.6266441115317],[116.771020585268,-20.6266435631587],[116.771020845671,-20.6266433692301],[116.771021623962,-20.6266428118376],[116.771023192043,-20.6266417106219],[116.771023979915,-20.6266411649889],[116.771024775453,-20.626640628402],[116.771025570991,-20.6266400909116],[116.771026373235,-20.626639562466],[116.771027175479,-20.6266390340204],[116.771028793377,-20.626637995219],[116.771030137419,-20.6266371611715],[116.771030426604,-20.6266369754134],[116.77103168032,-20.6266362099197],[116.7710324335,-20.6266357573114],[116.771033136715,-20.6266353398772],[116.771033732335,-20.6266349864559],[116.771034246285,-20.626634689853],[116.771034990792,-20.6266342598231],[116.771035742977,-20.626633830707],[116.771036248269,-20.6266335467431],[116.771037091704,-20.626633072568],[116.771037941843,-20.6266326083413],[116.771038791984,-20.6266321432111],[116.771039647867,-20.6266316889316],[116.77104041153,-20.6266312860351],[116.771040504709,-20.6266312346534],[116.771040891821,-20.6266310327603],[116.771042658293,-20.6266301269847],[116.771044532304,-20.6266291951472],[116.771045718551,-20.6266286175125],[116.771047102637,-20.626627963334],[116.771048368563,-20.6266273767689],[116.771049540346,-20.6266268433914],[116.771050590131,-20.626626377622],[116.771051943405,-20.6266257884619],[116.771053233271,-20.626625238976],[116.77105427629,-20.6266248048236],[116.771055030214,-20.6266244958884],[116.771055871478,-20.6266241897796],[116.771056475621,-20.6266239131754],[116.771057116165,-20.6266236854138],[116.771058803581,-20.6266230135653],[116.77105956611,-20.6266227272314],[116.771060153852,-20.6266225066285],[116.771061081547,-20.626622169912],[116.771062009241,-20.6266218331954],[116.771062942677,-20.6266215073296],[116.771064815293,-20.6266208664488],[116.771065753514,-20.6266205505289],[116.771067307252,-20.6266200547049],[116.771067642399,-20.6266199421992],[116.771069133701,-20.6266194779184],[116.771071448873,-20.6266187852152],[116.771073368379,-20.6266182392743],[116.771076266288,-20.6266174642122],[116.771077779549,-20.6266170785735],[116.771078817502,-20.6266168224232],[116.771079775748,-20.6266165941789],[116.77108106428,-20.6266162949879],[116.771081142055,-20.6266162752118],[116.771081441621,-20.6266162078388],[116.771084096398,-20.6266156312461],[116.771086531249,-20.6266151393002],[116.771087824499,-20.6266148943313],[116.771089408641,-20.6266146054715],[116.771092071862,-20.6266141590081],[116.771094457572,-20.6266137935008],[116.771095739211,-20.6266136108648],[116.771097499831,-20.6266134089843],[116.771098144034,-20.6266133014059],[116.771098449323,-20.6266132584377],[116.771102230699,-20.6266128387564],[116.771104285012,-20.6266126453972],[116.771106347929,-20.626612475543],[116.771108418487,-20.6266123309997],[116.771110495728,-20.6266122099588],[116.771113623044,-20.6266120713335],[116.77111571747,-20.6266120117599],[116.771117818577,-20.626611977496],[116.771119926366,-20.6266119676381],[116.771574108606,-20.6266126229663],[116.771729655521,-20.6266128475345],[116.771804720778,-20.6266133198874],[116.771812938572,-20.6266141141619],[116.771823030779,-20.6266156365014],[116.771836789105,-20.6266187223899],[116.771848199089,-20.6266222190244],[116.771864574353,-20.6266288649313],[116.771873251358,-20.6266332470964],[116.771886448573,-20.6266412297453],[116.771895750768,-20.6266479593806],[116.771904504007,-20.6266552900875],[116.771910017165,-20.62666049577],[116.771919012609,-20.626670184285],[116.771923761745,-20.6266760359351],[116.771930323832,-20.6266852161254],[116.771936184567,-20.6266948526106],[116.771939683766,-20.6267015140418],[116.771941307528,-20.6267049119094],[116.771944295707,-20.6267118374204],[116.771946306322,-20.6267171396812],[116.77194920402,-20.6267261713614],[116.771951518766,-20.6267354299789],[116.771952277184,-20.626739191758],[116.771953231394,-20.6267448956293],[116.771953742059,-20.626748736598],[116.771954460919,-20.6267565030745],[116.771954776417,-20.6267663608497],[116.771954762905,-20.6267754329633],[116.771954745102,-20.6267873866476],[116.771953775685,-20.6267873817536],[116.771954308855,-20.6270802885032],[116.77195365935,-20.6275163652776],[116.771953560392,-20.6275828049495],[116.771953427639,-20.6276719330349],[116.771953323945,-20.6277415515595],[116.771953420119,-20.6277523786054],[116.771953747996,-20.627756503966],[116.771954136016,-20.6277595595452],[116.771954461272,-20.6277615777103],[116.771955502004,-20.6277665488767],[116.771956858689,-20.6277714075103],[116.771958521742,-20.6277761436588],[116.771961791579,-20.6277834409197],[116.771964713202,-20.6277886666728],[116.771968017185,-20.6277936607057],[116.771970423527,-20.6277968535851],[116.771974323237,-20.6278014237129],[116.771979291591,-20.627806402774],[116.771983890029,-20.6278103485335],[116.771988780727,-20.6278139784192],[116.771994832549,-20.6278177914604],[116.772001228707,-20.6278211242415],[116.772005992149,-20.627823195251],[116.772012910819,-20.6278256395801],[116.772020095231,-20.6278275276429],[116.77202751471,-20.6278288331945],[116.772034040625,-20.6278294670964],[116.772039580519,-20.6278296397653],[116.772090701088,-20.6278297036],[116.77359456718,-20.6278316846648],[116.773597618443,-20.627831714868],[116.773602688026,-20.6278318841596],[116.773605717961,-20.6278320571032],[116.773608739182,-20.6278322815406],[116.773612752638,-20.6278326617936],[116.773615749682,-20.6278330081849],[116.773617741911,-20.6278332674176],[116.773621709951,-20.6278338536314],[116.773623685761,-20.627834181516],[116.773627620006,-20.6278349032251],[116.773632504032,-20.6278359315951],[116.773637347541,-20.6278370981624],[116.773640232627,-20.6278378627729],[116.77364690054,-20.6278398386441],[116.773649728754,-20.6278407667312],[116.773651604274,-20.6278414107437],[116.773654402616,-20.6278424183083],[116.773658102595,-20.6278438345772],[116.773660854703,-20.6278449514166],[116.773663585626,-20.6278461152153],[116.773667193155,-20.6278477391906],[116.773673412217,-20.6278507771048],[116.773676909036,-20.6278526241238],[116.773680361585,-20.6278545506013],[116.773682071499,-20.6278555431856],[116.773684614719,-20.6278570690812],[116.773687965265,-20.6278591725303],[116.773690446905,-20.6278608004517],[116.773692085618,-20.6278619104105],[116.77369452108,-20.6278636105593],[116.773696927684,-20.6278653531394],[116.773698515414,-20.6278665389336],[116.77370242799,-20.6278695837649],[116.773704734563,-20.6278714671753],[116.77370850961,-20.6278746970641],[116.773712655156,-20.6278785735112],[116.773715425299,-20.6278811270953],[116.773717048205,-20.6278825415459],[116.773718282932,-20.6278835813981],[116.773720376707,-20.6278852729666],[116.773722081343,-20.6278865899355],[116.773723812904,-20.6278878735065],[116.773725568508,-20.6278891245794],[116.773727350079,-20.6278903413496],[116.773728701167,-20.6278912322604],[116.77373006572,-20.6278921042132],[116.773731443739,-20.6278929572081],[116.773732369152,-20.6278935159406],[116.773733767375,-20.6278943364323],[116.773735651873,-20.6278954015326],[116.773737556577,-20.6278964323226],[116.773740451163,-20.6278979134977],[116.773742405908,-20.6278988567041],[116.773745371716,-20.6279002069505],[116.773746870021,-20.627900852275],[116.773749388058,-20.6279018838682],[116.773751420783,-20.6279026690469],[116.773753469879,-20.627903418103],[116.773755016334,-20.6279039559623],[116.773756570498,-20.6279044739526],[116.773758655241,-20.6279051326954],[116.773759701952,-20.6279054485186],[116.773760752516,-20.6279057553108],[116.773762863283,-20.6279063408962],[116.773763923486,-20.6279066196894],[116.773765518135,-20.6279070211684],[116.773767119533,-20.6279074018734],[116.773768191309,-20.6279076436342],[116.773769802356,-20.627907990015],[116.773771419196,-20.6279083138135],[116.773774418668,-20.6279083177414],[116.773874725801,-20.6279084490666],[116.776271963326,-20.6279115702763],[116.776285106465,-20.6279101559965],[116.776287241617,-20.6279098253335],[116.776290409925,-20.6279092375791],[116.776293536158,-20.6279085413383],[116.77629763432,-20.6279074496762],[116.776299651828,-20.627906834227],[116.776301648285,-20.6279061744743],[116.776303621771,-20.6279054695119],[116.776305572285,-20.6279047211469],[116.776308452582,-20.6279035176684],[116.776311276387,-20.6279022201425],[116.776314042739,-20.6279008285679],[116.776315852491,-20.62789985141],[116.77631851636,-20.6278983097052],[116.776320256189,-20.6278972339645],[116.776321966319,-20.6278961202342],[116.776324475944,-20.6278943804414],[116.776326914663,-20.6278925574257],[116.776328501187,-20.6278912980559],[116.776330054168,-20.6278900034022],[116.776333060454,-20.6278873136664],[116.776335223154,-20.6278852083704],[116.776336619899,-20.6278837653242],[116.776337981175,-20.6278822915097],[116.776339952147,-20.627880022414],[116.77634183683,-20.6278776872439],[116.776343044708,-20.6278760939557],[116.776344212313,-20.6278744726038],[116.776345339645,-20.6278728240918],[116.776345887968,-20.6278719898764],[116.776346425744,-20.6278711484185],[116.776347468688,-20.6278694473885],[116.776348470397,-20.6278677201008],[116.776348954468,-20.6278668469474],[116.776349890003,-20.6278650825264],[116.776350781419,-20.6278632945547],[116.776351626797,-20.6278614839335],[116.776352033183,-20.627860569114],[116.776352810463,-20.6278587240678],[116.776353887658,-20.6278559161736],[116.776354857418,-20.6278530620567],[116.776355157331,-20.6278521001122],[116.776355979364,-20.6278491870701],[116.776356465989,-20.6278472223726],[116.776357099035,-20.6278442404123],[116.776357615035,-20.6278412221566],[116.776358013029,-20.6278381667005],[116.776358288213,-20.6278350785559],[116.776358469321,-20.6278313415056],[116.776358480692,-20.6278235570163],[116.776358652913,-20.6277056538542],[116.776358836501,-20.6275799671045],[116.776358845389,-20.6275784825031],[116.776358875157,-20.6275765018529],[116.776358895799,-20.6275755124389],[116.776358964907,-20.6275735408756],[116.776359059921,-20.6275715756711],[116.77635912086,-20.6275705971524],[116.7763591818,-20.6275696177301],[116.776359255213,-20.6275686419384],[116.776359328626,-20.6275676661466],[116.776359414512,-20.6275666930818],[116.776359456464,-20.6275662277827],[116.776359600674,-20.6275647523924],[116.776359699033,-20.6275637829582],[116.776359810823,-20.6275628180593],[116.776359922614,-20.6275618522568],[116.776360047837,-20.6275608909897],[116.776360238047,-20.6275594644534],[116.77636044557,-20.6275580135422],[116.776360594778,-20.627557059535],[116.776360744946,-20.6275561046254],[116.776360906625,-20.6275551551522],[116.776361068305,-20.6275542047755],[116.776361242457,-20.6275532580294],[116.776361415648,-20.6275523121855],[116.776361602272,-20.6275513699735],[116.776361788896,-20.6275504277615],[116.776361987031,-20.6275494900823],[116.776362185167,-20.6275485514996],[116.776362395774,-20.627547617451],[116.776362606382,-20.6275466834024],[116.7763628285,-20.6275457538867],[116.776363050619,-20.627544824371],[116.776363285209,-20.6275438993894],[116.776363519799,-20.6275429744079],[116.776363765901,-20.6275420530556],[116.776364012003,-20.6275411326069],[116.776364527229,-20.6275392998718],[116.776364797314,-20.6275383875865],[116.776365066438,-20.6275374762037],[116.776365458939,-20.6275362098661],[116.776365687485,-20.6275354800541],[116.776365920817,-20.6275347592843],[116.776366213924,-20.6275338560648],[116.776366517581,-20.6275329591842],[116.776366821239,-20.6275320614],[116.776367136408,-20.6275311681487],[116.776367451576,-20.627530275801],[116.776368104936,-20.6275284992678],[116.776368443126,-20.6275276168895],[116.776368780356,-20.6275267336063],[116.776369249518,-20.6275255532099],[116.776369603059,-20.6275246744658],[116.776369838089,-20.6275241055028],[116.77637019738,-20.6275232330914],[116.776370568182,-20.6275223652128],[116.776370938983,-20.6275214982379],[116.776371702647,-20.6275197742562],[116.776372487412,-20.6275180602414],[116.776373293277,-20.6275163580007],[116.776373707238,-20.627515512768],[116.776374121201,-20.6275146666317],[116.776374545713,-20.6275138268343],[116.776374969266,-20.627512986132],[116.776375404328,-20.6275121517698],[116.77637583939,-20.6275113174076],[116.776376284041,-20.627510489383],[116.776376729654,-20.627509660456],[116.776377184855,-20.6275088378667],[116.776377406203,-20.6275084360517],[116.776377640057,-20.6275080143737],[116.776378105807,-20.6275071981232],[116.776378571559,-20.6275063809691],[116.776379046899,-20.6275055701526],[116.7763795232,-20.6275047593374],[116.77638000813,-20.6275039539549],[116.77638049402,-20.6275031494772],[116.776380990459,-20.6275023504348],[116.776381485939,-20.6275015513911],[116.776381991967,-20.6275007586863],[116.776382497035,-20.6274999668839],[116.776383012652,-20.6274991805167],[116.77638352827,-20.6274983941495],[116.776384053477,-20.6274976141199],[116.776384578683,-20.6274968340903],[116.776385113479,-20.6274960603983],[116.776386193618,-20.6274945202567],[116.776386738002,-20.6274937529023],[116.776387845947,-20.6274922326759],[116.77638897307,-20.6274907251247],[116.776390118411,-20.6274892302474],[116.776391873334,-20.6274870168944],[116.77639366565,-20.6274848306978],[116.776396121238,-20.6274819676605],[116.77639864777,-20.6274791616417],[116.776399936919,-20.627477780804],[116.776401243324,-20.6274764144462],[116.776403237921,-20.6274743947735],[116.776404586503,-20.6274730664213],[116.776405266067,-20.6274724058665],[116.776407335431,-20.627470454964],[116.776409437382,-20.6274685357296],[116.776410148575,-20.6274679068417],[116.776410860729,-20.6274672770513],[116.776411579588,-20.6274666563057],[116.776412299409,-20.6274660346577],[116.776413026896,-20.627465421152],[116.776413754382,-20.6274648085499],[116.776414489536,-20.6274642031865],[116.776415224689,-20.6274635987267],[116.77641596751,-20.6274630015056],[116.77641671129,-20.6274624042857],[116.776418212263,-20.6274612279353],[116.776418970416,-20.6274606479024],[116.77641972857,-20.6274600669659],[116.776421260208,-20.6274589240884],[116.77642280718,-20.6274577974954],[116.776423979389,-20.6274569640871],[116.776425156381,-20.6274561424317],[116.776425944239,-20.627455596774],[116.776427534327,-20.6274545217419],[116.776428336556,-20.6274539941748],[116.776429947721,-20.6274529462779],[116.776430757616,-20.6274524268531],[116.776432389859,-20.6274514051878],[116.776434035512,-20.6274504025155],[116.776434865524,-20.6274499102247],[116.776435695536,-20.6274494179338],[116.776436532254,-20.6274489346876],[116.776437368971,-20.6274484514414],[116.776438212395,-20.6274479772398],[116.776439055816,-20.6274475039418],[116.776439904985,-20.6274470387837],[116.776440755113,-20.6274465745304],[116.776441610986,-20.6274461193205],[116.776442467819,-20.6274456641119],[116.776443330397,-20.6274452188502],[116.776445062259,-20.627444336468],[116.77644593154,-20.6274439011546],[116.776446806569,-20.6274434739811],[116.776447681597,-20.6274430477111],[116.776448563328,-20.6274426313894],[116.776449445062,-20.6274422141641],[116.776450332538,-20.6274418077894],[116.776451220015,-20.6274414005111],[116.776452113238,-20.6274410031798],[116.776453006458,-20.6274406067521],[116.776453906385,-20.6274402193691],[116.776454806311,-20.6274398319861],[116.776455711022,-20.6274394545488],[116.776456616691,-20.6274390780164],[116.776457527147,-20.6274387105262],[116.77645843856,-20.6274383439407],[116.77645935572,-20.6274379863988],[116.776460271919,-20.6274376297591],[116.776461194821,-20.6274372830677],[116.77646304541,-20.6274366005343],[116.776464906528,-20.6274359378937],[116.776465839959,-20.6274356119987],[116.776466778174,-20.6274352960494],[116.776467717348,-20.627434981005],[116.776468661306,-20.6274346759064],[116.776469605264,-20.6274343708078],[116.776470554965,-20.6274340765598],[116.776471503707,-20.6274337823105],[116.776473412678,-20.6274332146096],[116.776474371946,-20.6274329420603],[116.776475331215,-20.6274326686074],[116.776477260278,-20.6274321452087],[116.776479198908,-20.6274316426053],[116.776480172526,-20.627431402604],[116.776481147105,-20.6274311617005],[116.776482125506,-20.6274309325487],[116.776484088051,-20.6274304859992],[116.776486060162,-20.6274300611484],[116.776487048129,-20.6274298536953],[116.776488040878,-20.6274296588988],[116.776489032668,-20.6274294631974],[116.7764900302,-20.6274292792502],[116.776492028127,-20.6274289222027],[116.776493029482,-20.6274287491036],[116.776495040797,-20.6274284264102],[116.776497060716,-20.6274281272214],[116.776499088279,-20.627427851536],[116.776501124448,-20.6274275984518],[116.7765031673,-20.6274273697733],[116.776505218756,-20.6274271645996],[116.7765093446,-20.6274268256659],[116.776511418026,-20.6274266928084],[116.776512195548,-20.6274266522487],[116.77651285692,-20.6274266178639],[116.776513499096,-20.6274265843579],[116.77651422093,-20.6274265554729],[116.776515008038,-20.627426523058],[116.776515871931,-20.627426491646],[116.776516633107,-20.6274264700407],[116.776517243584,-20.6274264527584],[116.776518920455,-20.6274264196873],[116.776521807651,-20.6274264008322],[116.776521889241,-20.6274263982269],[116.77652241235,-20.6274263970964],[116.777035504788,-20.6274270600656],[116.777035399994,-20.6274990216441],[116.776522307314,-20.6274983586724],[116.776518448716,-20.6274984133185],[116.776516242876,-20.627498516186],[116.776514051358,-20.6274986705772],[116.776511876082,-20.6274988764945],[116.776508641825,-20.6274992798335],[116.776505446758,-20.6274997943659],[116.776502291845,-20.6275004182856],[116.776498153517,-20.6275014177337],[116.776494096505,-20.6275026016211],[116.776490126574,-20.6275039663408],[116.776487210867,-20.6275051047175],[116.776485296738,-20.6275059181908],[116.776482471982,-20.6275072157185],[116.776479706599,-20.6275086072972],[116.776477001554,-20.6275100884102],[116.776475232991,-20.6275111261643],[116.776472634274,-20.6275127537978],[116.77647010166,-20.6275144664552],[116.776468451897,-20.6275156543603],[116.776466037143,-20.6275175036135],[116.77646369426,-20.6275194324764],[116.776462174829,-20.6275207606079],[116.776460688943,-20.6275221222159],[116.776457822607,-20.6275249449643],[116.776456443121,-20.6275264033951],[116.776455101022,-20.6275278935002],[116.776453796313,-20.6275294134724],[116.77645315882,-20.6275301843209],[116.776451302904,-20.6275325421197],[116.776450115167,-20.6275341489887],[116.776448967702,-20.6275357839214],[116.77644786147,-20.6275374460155],[116.776446796471,-20.6275391352708],[116.776445773669,-20.627540848978],[116.776444321461,-20.6275434675355],[116.776442968035,-20.6275461413403],[116.7764421217,-20.6275479519609],[116.776441321403,-20.6275497861346],[116.776440938999,-20.6275507118286],[116.776439860848,-20.6275535197223],[116.776438891091,-20.6275563738398],[116.776438305659,-20.6275583013622],[116.77643776915,-20.6275602488271],[116.776437283486,-20.6275622135261],[116.77643705936,-20.6275632035804],[116.776436649483,-20.6275651954855],[116.776436464692,-20.6275661973375],[116.776436323501,-20.6275800673975],[116.776434849065,-20.6282644358869],[116.776433228113,-20.6290806563544],[116.776433335224,-20.6290822386944],[116.776433424906,-20.6290832680094],[116.776433527071,-20.6290842937261],[116.776433642677,-20.6290853167495],[116.776433915182,-20.6290873501993],[116.77643407112,-20.6290883606245],[116.776434240501,-20.6290893674526],[116.776434422366,-20.6290903706826],[116.776434826429,-20.6290923627371],[116.776435047666,-20.6290933533676],[116.776435527594,-20.6290953193159],[116.776435786284,-20.6290962964409],[116.77643605842,-20.6290972681617],[116.77643634208,-20.6290982353794],[116.776436638226,-20.6290991971917],[116.776437599654,-20.6291020538079],[116.776438301432,-20.6291039332979],[116.776439441505,-20.6291067115321],[116.776440259503,-20.6291085369565],[116.776441122648,-20.6291103389458],[116.77644157151,-20.6291112313786],[116.776442030939,-20.6291121174999],[116.776442983419,-20.6291138717141],[116.776443475509,-20.6291147398057],[116.776443979127,-20.629115601587],[116.776444493312,-20.6291164570568],[116.776445018066,-20.6291173053115],[116.776445553386,-20.6291181481583],[116.776446654772,-20.6291198131088],[116.77644779747,-20.6291214510049],[116.776448383711,-20.6291222595808],[116.776448980522,-20.6291230609416],[116.776450202968,-20.6291246429177],[116.776450829564,-20.6291254235343],[116.776451464811,-20.6291261960296],[116.77645276509,-20.6291277193725],[116.776453429163,-20.6291284702188],[116.776454102846,-20.6291292129451],[116.776455478083,-20.6291306749403],[116.776456178676,-20.6291313942079],[116.776456888878,-20.6291321062591],[116.776457608692,-20.6291328092868],[116.77645907235,-20.6291341918797],[116.776460571571,-20.6291355410854],[116.776462104434,-20.6291368569015],[116.776462883844,-20.6291375012724],[116.776463670944,-20.6291381375208],[116.776464465736,-20.6291387647432],[116.776465269179,-20.6291393838443],[116.776466080315,-20.6291399930159],[116.776466900101,-20.6291405940662],[116.77646772662,-20.6291411851857],[116.776469403695,-20.6291423403478],[116.776471111537,-20.6291434594057],[116.776471975559,-20.6291440035865],[116.776472848231,-20.6291445396462],[116.776473726679,-20.6291450648701],[116.776474613778,-20.6291455810693],[116.776476407216,-20.6291465836737],[116.776478228549,-20.6291475456522],[116.776479148355,-20.6291480121957],[116.77648101009,-20.6291489136853],[116.776482896841,-20.6291497736418],[116.776483849358,-20.6291501878189],[116.776485773636,-20.6291509836684],[116.776487721013,-20.6291517370786],[116.776489692449,-20.6291524471472],[116.77649068731,-20.6291527854767],[116.776492692439,-20.6291534278189],[116.77649471875,-20.6291540259122],[116.776495740569,-20.6291543073499],[116.776497798658,-20.6291548350035],[116.776498834926,-20.6291550812195],[116.776500922871,-20.6291555393347],[116.776501973588,-20.629155750329],[116.776503029124,-20.6291559486792],[116.776505153685,-20.629156309253],[116.776507296554,-20.6291566210561],[116.776508374254,-20.6291567588938],[116.776511630503,-20.6291570947273],[116.776512724596,-20.6291571810811],[116.776513821586,-20.6291572547882],[116.776516745014,-20.6291574239288],[116.776519362495,-20.6291574273151],[116.77652207212,-20.6291574308205],[116.77761362214,-20.629158839489],[116.777616239621,-20.6291588428586],[116.777619162571,-20.6291586812629],[116.777623530371,-20.6291583209281],[116.7776267637,-20.6291579175673],[116.777628898867,-20.6291575868879],[116.777633113741,-20.6291567790747],[116.777635193448,-20.6291563028444],[116.777636225648,-20.6291560475511],[116.777638274741,-20.6291555017043],[116.777640303746,-20.6291549088444],[116.777642310738,-20.6291542716799],[116.777645279118,-20.6291532309406],[116.777647229641,-20.6291524825607],[116.777649156231,-20.6291516916808],[116.777652933768,-20.6291499815126],[116.777654784714,-20.6291490640314],[116.777656608842,-20.6291481067574],[116.777659292833,-20.6291465948769],[116.7776619136,-20.6291449961694],[116.777663623735,-20.6291438815224],[116.777666133366,-20.6291421417105],[116.777667767806,-20.6291409357025],[116.777669369665,-20.6291396935087],[116.777670939898,-20.6291384169374],[116.777672476589,-20.6291371050825],[116.777674717886,-20.6291350748699],[116.777676880585,-20.6291329695574],[116.777678278288,-20.6291315265017],[116.777679638603,-20.6291300526757],[116.77768096249,-20.6291285471767],[116.777682248025,-20.6291270127133],[116.77768349521,-20.6291254483817],[116.777685291678,-20.6291230480245],[116.777686439142,-20.6291214130839],[116.777687545372,-20.6291197509822],[116.777689632208,-20.629116348004],[116.777690611852,-20.6291146080299],[116.77769108537,-20.6291137294377],[116.777691998838,-20.6291119532344],[116.777692438788,-20.6291110556234],[116.777693284157,-20.6291092449958],[116.777693690538,-20.6291083301732],[116.777694467809,-20.6291064851212],[116.777695198077,-20.6291046192259],[116.777695880385,-20.6291027315825],[116.777696814638,-20.6290998620515],[116.777697375118,-20.6290979245534],[116.777698123265,-20.6290949833986],[116.777698942035,-20.6290909995816],[116.777699273228,-20.6290889831754],[116.777699670239,-20.6290859277152],[116.77769986711,-20.629083873185],[116.7777000177,-20.6290793183373],[116.777700286945,-20.6289956915204],[116.777700827747,-20.6287164485619],[116.777701363495,-20.6284393588639],[116.777701862482,-20.6281816341371],[116.777702334609,-20.6279377759967],[116.777702805773,-20.6276939169445],[116.777703344193,-20.6274156308522],[116.77770385028,-20.6271543206233],[116.777704117135,-20.6270161335742],[116.77770422011,-20.6269630572055],[116.777704323927,-20.6269093998234],[116.777703950804,-20.6268973281642],[116.777700108729,-20.6267729645033],[116.77769491724,-20.626604903766],[116.777688401928,-20.6263940351239],[116.777682698916,-20.6262094197858],[116.777676326658,-20.626003169613],[116.777671332283,-20.6258415074993],[116.777667319738,-20.6257116262274],[116.77774369175,-20.625709535071],[116.777747915353,-20.6258461439087],[116.777752610226,-20.6259979690556],[116.77775675684,-20.6261320820489],[116.777761267427,-20.6262779648862],[116.777765044634,-20.6264000974836],[116.777769525918,-20.626545017042],[116.777773621233,-20.6266774583024],[116.777777127944,-20.6267908843696],[116.777779289759,-20.6268607886664],[116.777779668629,-20.6269429741941],[116.777779569421,-20.6270113295234],[116.777779373373,-20.6271464082838],[116.777778972597,-20.6274225421904],[116.77777689401,-20.6288546145206]],[[116.776274084219,-20.6279840552028],[116.776271857449,-20.627984025211],[116.773873239512,-20.627980902184],[116.773844087513,-20.627980864023],[116.773841336596,-20.6279808875296],[116.773839124067,-20.6279809641498],[116.773835831526,-20.6279811757994],[116.773832573367,-20.6279815040582],[116.773829352476,-20.627981944412],[116.773827225921,-20.627982299453],[116.773826169814,-20.6279824959584],[116.773824071946,-20.6279829242284],[116.773821992245,-20.6279833995093],[116.77381993263,-20.6279839227072],[116.773816881953,-20.6279847933966],[116.773814874959,-20.6279854314203],[116.773812889975,-20.6279861137492],[116.773810927964,-20.6279868394809],[116.773809956051,-20.627987219527],[116.773808989883,-20.6279876095202],[116.773808029456,-20.6279880112677],[116.773806127755,-20.6279888446066],[116.773800576813,-20.6279915960252],[116.77379878045,-20.6279925939569],[116.77379613859,-20.627994163663],[116.773795272018,-20.6279947064947],[116.773793560909,-20.6279958201986],[116.773791052213,-20.6279975608591],[116.773789417754,-20.6279987668304],[116.773787815878,-20.6280000080846],[116.773786245623,-20.6280012855242],[116.773784708912,-20.6280025964409],[116.773783953495,-20.6280032650183],[116.77378246758,-20.6280046275066],[116.773780304845,-20.6280067318667],[116.773778907115,-20.6280081748907],[116.773777546774,-20.628009648686],[116.773776222858,-20.628011154155],[116.773775575762,-20.6280119177521],[116.773774309372,-20.6280134675727],[116.773773081331,-20.6280150463587],[116.773771893563,-20.6280166532089],[116.77377131454,-20.6280174674967],[116.7737696398,-20.6280199511036],[116.77376857477,-20.6280216394384],[116.773768058077,-20.6280224935661],[116.773767057299,-20.6280242199363],[116.773766573213,-20.6280250930823],[116.773766099675,-20.6280259725673],[116.773765186168,-20.6280277487496],[116.773764746199,-20.6280286454469],[116.773764317739,-20.6280295484845],[116.773763099498,-20.6280322902148],[116.773762346166,-20.6280341461236],[116.773761638874,-20.628036023779],[116.773760980503,-20.6280379213776],[116.773760370094,-20.6280398398219],[116.773760083595,-20.6280408062973],[116.773759547051,-20.6280427528498],[116.77375906135,-20.6280447184445],[116.773758626495,-20.6280467012742],[116.773758428254,-20.6280476994911],[116.773758070148,-20.628049707722],[116.773757765767,-20.6280517331917],[116.773757514156,-20.628053773188],[116.773757317232,-20.6280558286172],[116.773757174039,-20.6280578976706],[116.773757051719,-20.628064678115],[116.773757043558,-20.6280702008996],[116.773757016045,-20.6280888195147],[116.773756556767,-20.6283996198106],[116.773755561672,-20.6290729955645],[116.773755730343,-20.6290777188952],[116.773755996453,-20.6290808077437],[116.773756384511,-20.6290838642224],[116.773756709795,-20.6290858814805],[116.773757087894,-20.6290878825429],[116.773757750594,-20.6290908526358],[116.773758255456,-20.6290928104916],[116.773759107347,-20.6290957112551],[116.773760413834,-20.6290995107911],[116.773761138632,-20.629101378575],[116.773761910494,-20.6291032256378],[116.77376272846,-20.6291050510746],[116.773764040419,-20.6291077455166],[116.773764970775,-20.6291095114631],[116.773765945317,-20.6291112539738],[116.77376644796,-20.6291121157616],[116.773767486869,-20.6291138195019],[116.773768568048,-20.6291154979968],[116.773769689581,-20.6291171494366],[116.773770852427,-20.6291187738225],[116.773772672602,-20.6291211571885],[116.773773934416,-20.6291227103197],[116.773775898729,-20.629124984539],[116.77377725472,-20.6291264618913],[116.77377864819,-20.6291279085702],[116.773780077221,-20.6291293236698],[116.773781540855,-20.6291307062852],[116.773783040051,-20.6291320555139],[116.773784572892,-20.6291333713536],[116.773786139379,-20.6291346519969],[116.773787737592,-20.629135898345],[116.773790195001,-20.6291376997242],[116.773791872055,-20.6291388549121],[116.773793579878,-20.6291399739963],[116.773795316553,-20.6291410542635],[116.773797974944,-20.6291426019946],[116.773799782793,-20.6291435838627],[116.773801617574,-20.6291445269114],[116.773804418334,-20.6291458633866],[116.773806317578,-20.6291467026058],[116.773809212636,-20.6291478810747],[116.773811172509,-20.629148612845],[116.773814155155,-20.6291496269736],[116.773816171823,-20.6291502476756],[116.773818208716,-20.6291508223205],[116.773820266794,-20.6291513500059],[116.773821303058,-20.6291515962379],[116.773823390995,-20.6291520543854],[116.77382549724,-20.6291524637624],[116.773826557588,-20.6291526503885],[116.773829764658,-20.6291531362054],[116.773830842355,-20.6291532740598],[116.773833009325,-20.629153510929],[116.773837391484,-20.6291538311185],[116.773841830582,-20.6291539426513],[116.775303295578,-20.6291558308379],[116.776270143193,-20.6291571047212],[116.776272924869,-20.6291570649511],[116.776275684585,-20.6291569465394],[116.776278965686,-20.6291566959739],[116.776281134305,-20.6291564647504],[116.776284355215,-20.6291560234475],[116.776286480821,-20.6291556683752],[116.77628963577,-20.6291550444599],[116.776293775102,-20.6291540459222],[116.776295813676,-20.6291534765842],[116.776298832788,-20.6291525371369],[116.776301801176,-20.6291514964207],[116.776303751706,-20.629150748056],[116.776305677343,-20.6291499571899],[116.776308521282,-20.6291486904129],[116.776309455855,-20.6291482470525],[116.776312222229,-20.6291468554783],[116.776316695886,-20.6291443375199],[116.776320990408,-20.6291415762615],[116.776323476099,-20.6291398084266],[116.77632589184,-20.6291379591772],[116.77632823379,-20.6291360303156],[116.776329754198,-20.6291347021869],[116.776331969634,-20.6291326466576],[116.776334799575,-20.629129792239],[116.776336827126,-20.6291275693006],[116.776337484762,-20.6291268129363],[116.77633813185,-20.6291260493296],[116.776339398224,-20.6291244994903],[116.776340016549,-20.62912371416],[116.776340625288,-20.6291229206849],[116.776341813998,-20.6291213138182],[116.776342392052,-20.6291204995206],[116.776342960516,-20.6291196788854],[116.776344067721,-20.6291180167937],[116.776345131771,-20.6291163284417],[116.776346154586,-20.629114613832],[116.776347134246,-20.6291128738657],[116.776347607771,-20.6291119952772],[116.776348069787,-20.6291111103486],[116.776348961213,-20.6291093214737],[116.776349806598,-20.6291075108528],[116.776350212987,-20.6291065960334],[116.776350606904,-20.6291056766799],[116.776351361171,-20.6291038207611],[116.776351720558,-20.6291028850981],[116.776352067477,-20.6291019430938],[116.776352402883,-20.6291009974602],[116.776353037246,-20.6290990889774],[116.77635333716,-20.6290981279367],[116.776353897657,-20.6290961904431],[116.776354159201,-20.6290952139915],[116.776354409231,-20.6290942339106],[116.776354869959,-20.6290922592403],[116.776355080656,-20.6290912655545],[116.776355463675,-20.6290892654828],[116.776355635997,-20.629088259097],[116.776355794886,-20.6290872490793],[116.776356073329,-20.6290852163427],[116.776356389773,-20.6290821390952],[116.776356532933,-20.6290800691358],[116.776356656906,-20.6290720796765],[116.776356888653,-20.6289134360527],[116.776357340918,-20.6286038311785],[116.776357980012,-20.6281663203176],[116.776358110001,-20.6280773313641],[116.776358068573,-20.6280623243413],[116.776357795308,-20.6280581846014],[116.776357693144,-20.6280571588845],[116.776357447528,-20.6280551182404],[116.77635714814,-20.6280530919842],[116.776356978761,-20.6280520851559],[116.776356796896,-20.6280510828294],[116.776356393798,-20.6280490898721],[116.776355938843,-20.6280471140161],[116.77635543299,-20.6280451570698],[116.776354878159,-20.6280432181321],[116.776354273389,-20.6280412981052],[116.776353952275,-20.6280403461999],[116.776353275473,-20.6280384568022],[116.776352550648,-20.6280365881251],[116.776351778761,-20.6280347410734],[116.776350960768,-20.628032916552],[116.77635009763,-20.6280311145622],[116.776349189346,-20.6280293360074],[116.776348236876,-20.628027580889],[116.776347240214,-20.6280258519177],[116.776346202245,-20.6280241472901],[116.776345121045,-20.628022468811],[116.776344564591,-20.6280216403941],[116.776343422864,-20.6280200015948],[116.776342835667,-20.6280191930173],[116.776341016424,-20.6280168096791],[116.776339754592,-20.6280152565662],[116.776339109742,-20.6280144912868],[116.776337116578,-20.6280122396488],[116.776335741352,-20.6280107776525],[116.77633361172,-20.6280086433057],[116.776332147114,-20.6280072607104],[116.776330647906,-20.6280059115035],[116.776329115053,-20.6280045965898],[116.776326753771,-20.6280026878426],[116.776324320385,-20.6280008594224],[116.776322658709,-20.6279996853032],[116.776320966264,-20.6279985481917],[116.776320108983,-20.6279979940793],[116.776318372302,-20.6279969138372],[116.776317492904,-20.6279963877076],[116.776314813347,-20.6279948698065],[116.77631207127,-20.6279934412806],[116.77631021051,-20.6279925397904],[116.77630926955,-20.627992103941],[116.776307370305,-20.6279912656528],[116.776304475251,-20.627990086322],[116.776302515379,-20.6279893554835],[116.776300533367,-20.6279886679891],[116.776298528255,-20.6279880247411],[116.776295480148,-20.6279871461104],[116.776293422078,-20.6279866175508],[116.776290297888,-20.6279859141197],[116.776288190693,-20.6279855038678],[116.776284997132,-20.6279849810665],[116.776282846564,-20.6279846945515],[116.776279589381,-20.627984357809],[116.776276297475,-20.6279841375858],[116.776274084219,-20.6279840552028]],[[116.77359633446,-20.6288914627266],[116.773593000074,-20.628891398719],[116.773189852185,-20.6288908698738],[116.77318431176,-20.6288910279579],[116.773177783943,-20.6288916437734],[116.773171407114,-20.6288927097791],[116.773163170518,-20.6288947998304],[116.773158195108,-20.6288964767012],[116.773152416239,-20.6288988509985],[116.773145963233,-20.6289020954794],[116.773142426993,-20.6289041691122],[116.773136519022,-20.6289081651989],[116.773132533937,-20.6289112909345],[116.773129494029,-20.6289139480399],[116.773125889436,-20.62891745469],[116.773123167761,-20.6289204040757],[116.773119978261,-20.6289242591563],[116.773117034214,-20.6289282943753],[116.773115927936,-20.6289299564473],[116.773114346192,-20.6289324989034],[116.773112387764,-20.6289359778966],[116.773111034268,-20.6289386507706],[116.77310938754,-20.6289422964352],[116.773107926892,-20.6289460290897],[116.77310609755,-20.6289517826099],[116.773105125167,-20.6289557128901],[116.773104358085,-20.6289597139206],[116.773103802073,-20.6289637784803],[116.773103605139,-20.6289658339084],[116.773103333763,-20.6289786122429],[116.773103293036,-20.6290060924291],[116.77304569989,-20.629006016773],[116.773045741194,-20.6289781543655],[116.773044371252,-20.6289647268982],[116.773044023538,-20.6289616596278],[116.773043177704,-20.6289566254725],[116.773042268834,-20.628952674649],[116.773041158288,-20.6289487976557],[116.773039851821,-20.6289449981145],[116.773037952445,-20.6289403673871],[116.773036674119,-20.6289376558155],[116.773034320399,-20.6289332549088],[116.773032778861,-20.6289306893743],[116.773029999554,-20.6289265436268],[116.773027593171,-20.6289233516657],[116.773023693401,-20.6289187815618],[116.773020907438,-20.628915888193],[116.773015692957,-20.6289111374489],[116.773009235723,-20.6289062260383],[116.773004069959,-20.628902929248],[116.773000483134,-20.6289009239675],[116.77299490088,-20.6288982202939],[116.772990075803,-20.6288962558552],[116.772986110826,-20.6288948816929],[116.772979999207,-20.6288931586312],[116.772975824305,-20.6288922432208],[116.772970501372,-20.6288913714815],[116.772961216055,-20.6288906129059],[116.772961206499,-20.6288905839781],[116.77284516411,-20.6288904386557],[116.772735947145,-20.6288902877774],[116.772722473581,-20.6288904932401],[116.772717043923,-20.6288910381951],[116.772710667091,-20.6288921041837],[116.772705481192,-20.6288933226401],[116.77269843848,-20.6288955136359],[116.772692624187,-20.628897822812],[116.772687949361,-20.6289000386095],[116.772684328825,-20.6289019937506],[116.772680820356,-20.6289041062653],[116.77267742972,-20.6289063716431],[116.772674161727,-20.6289087835652],[116.772670257129,-20.6289119970449],[116.772667286222,-20.6289147210993],[116.772664455259,-20.6289175745525],[116.772661123857,-20.6289213182951],[116.772658031181,-20.628925246686],[116.772654650003,-20.628930192149],[116.772652605253,-20.6289336204217],[116.77264986564,-20.6289389480477],[116.77264864833,-20.6289416906744],[116.772647187671,-20.6289454233248],[116.772645357351,-20.6289511768387],[116.772643975987,-20.6289570990128],[116.772642956651,-20.6289641990522],[116.772642602448,-20.6289719704371],[116.772642552674,-20.6290054866489],[116.77258496049,-20.6290054108405],[116.772583528879,-20.6289630943396],[116.772582229724,-20.6289550253014],[116.772580714222,-20.6289491535301],[116.772578386862,-20.6289425234744],[116.772574554786,-20.6289343914641],[116.772569836045,-20.6289267534584],[116.772566227445,-20.6289219650567],[116.772560878494,-20.6289159933604],[116.772555723624,-20.6289111848507],[116.772548495665,-20.6289056200101],[116.772540650377,-20.6289008043432],[116.772535107576,-20.628898039262],[116.77252736532,-20.6288949405674],[116.772516135,-20.6288918481224],[116.772508683663,-20.6288906283914],[116.77250760211,-20.6288905040777],[116.772506516699,-20.6288903915057],[116.772504333341,-20.6288902061035],[116.772503236355,-20.628890132371],[116.772499922244,-20.6288899888523],[116.772499892528,-20.6288899626088],[116.772497695461,-20.6288899597154],[116.772431955265,-20.6288898731254],[116.772031364064,-20.628889582591],[116.772021665015,-20.6288907896492],[116.772013349979,-20.62889269069],[116.772009313945,-20.6288939205825],[116.772003428807,-20.6288960995237],[116.771999625362,-20.6288977670647],[116.77199145065,-20.6289021197524],[116.771983856434,-20.6289072557223],[116.771977644326,-20.6289124314673],[116.771971318009,-20.6289188874604],[116.771964626464,-20.6289276055819],[116.771960075855,-20.6289353461249],[116.771956784267,-20.628942635627],[116.771953499308,-20.6289532070075],[116.771951492567,-20.6289710594651],[116.771951291815,-20.629105830014],[116.771951200079,-20.6291674146486],[116.771950759133,-20.6294634302178],[116.771950643176,-20.6295412732648],[116.771950493028,-20.6296420685702],[116.771950438325,-20.6296787907388],[116.771950388894,-20.6297119744226],[116.771950384335,-20.6297150349045],[116.771950378922,-20.6297186682667],[116.771950375094,-20.6297212380956],[116.771950434501,-20.6297238848139],[116.771950543709,-20.6297259614273],[116.771950618957,-20.6297269952432],[116.771950809783,-20.6297290511816],[116.771951055343,-20.629731091831],[116.771951353717,-20.629733117189],[116.771951705865,-20.6297351272568],[116.77195210891,-20.6297371202235],[116.771952563814,-20.6297390951866],[116.771953624396,-20.6297429919996],[116.771954549247,-20.6297458639528],[116.771955583589,-20.629748689967],[116.771956331419,-20.629750547849],[116.771957541532,-20.629753293675],[116.771958404627,-20.629755095686],[116.77195931287,-20.6297568742632],[116.771960265302,-20.6297586285015],[116.771961260964,-20.6297603583996],[116.771962299857,-20.6297620621506],[116.771962835154,-20.6297629050109],[116.771963936495,-20.6297645699895],[116.771964502539,-20.6297653921078],[116.771966262159,-20.6297678178816],[116.77196811114,-20.6297701805215],[116.771970046606,-20.6297724764093],[116.771972067597,-20.6297747055437],[116.771973461056,-20.629776152237],[116.771974171242,-20.6297768634028],[116.771975617563,-20.6297782622752],[116.771976353701,-20.6297789490781],[116.771979385719,-20.6297816141778],[116.771980952198,-20.6297828948374],[116.771982550402,-20.629784141202],[116.771984181295,-20.6297853514659],[116.771986684846,-20.6297870987155],[116.771989257632,-20.6297887620218],[116.771992787717,-20.6297908449577],[116.771995509584,-20.6297923033439],[116.771998291095,-20.6297936714488],[116.772001130337,-20.6297949456557],[116.772004025393,-20.6297961241548],[116.772006974345,-20.6297972051363],[116.772008967912,-20.6297978701052],[116.77201200062,-20.6297987840315],[116.772015079556,-20.6297995932013],[116.772019254476,-20.629800508635],[116.77202137036,-20.6298008936496],[116.772024577436,-20.6298013804037],[116.772026736697,-20.6298016416825],[116.77202891235,-20.629801853285],[116.772031103436,-20.6298020134028],[116.772033308997,-20.6298021220345],[116.772041338953,-20.6298021922689],[116.772051496968,-20.6298022056737],[116.772397837974,-20.6298026623561],[116.772423229653,-20.62980269581],[116.772423232621,-20.6298026361764],[116.772433039681,-20.6298017698951],[116.772437291889,-20.6298010598468],[116.772442501729,-20.6297999001644],[116.772445567756,-20.6297990638568],[116.772450571917,-20.6297974421643],[116.772453505885,-20.6297963364103],[116.772458275533,-20.6297942779706],[116.77246197654,-20.6297924440229],[116.772465569325,-20.6297904481883],[116.772469049079,-20.6297882967859],[116.772471580815,-20.6297865841871],[116.772477216714,-20.6297822706026],[116.772479508886,-20.6297802902231],[116.772482445308,-20.6297775335974],[116.772486582022,-20.6297731574969],[116.772489153208,-20.6297700877449],[116.772492716595,-20.6297652672223],[116.772495909846,-20.6297602022406],[116.772498716615,-20.6297549108501],[116.772501476135,-20.6297484736346],[116.772503092863,-20.6297437165107],[116.772503915939,-20.6297408034896],[116.772504625816,-20.6297378487539],[116.77250503479,-20.6297358568579],[116.772505391958,-20.6297338477253],[116.772505829369,-20.6297308049818],[116.772506054137,-20.6297287568201],[116.772506289105,-20.6297256577868],[116.772506339602,-20.6297246178114],[116.772506407616,-20.6297214787999],[116.772506412911,-20.6297179159182],[116.772506551907,-20.6296243792021],[116.772564144324,-20.6296244550389],[116.772564005896,-20.6297176330274],[116.77256402575,-20.6297236510193],[116.772564167972,-20.6297267704285],[116.77256433288,-20.6297288335609],[116.772564435018,-20.6297298601833],[116.772564680586,-20.6297319008319],[116.772564823055,-20.6297329157606],[116.772565148325,-20.6297349330206],[116.772565330164,-20.6297359362543],[116.772565525449,-20.6297369349877],[116.772565734178,-20.6297379292209],[116.772565955391,-20.6297389189524],[116.772566435271,-20.6297408858145],[116.772567249687,-20.6297438009918],[116.77256817455,-20.6297466729418],[116.772569208903,-20.6297494989524],[116.772570751644,-20.6297531930869],[116.772572938217,-20.6297576832357],[116.77257540049,-20.6297620228465],[116.772577561873,-20.6297653789459],[116.772579887551,-20.6297686268299],[116.772581736541,-20.6297709894633],[116.772583672016,-20.6297732853443],[116.77258500974,-20.6297747789464],[116.772587086481,-20.62977696116],[116.772589242997,-20.6297790711906],[116.77259147833,-20.6297811072299],[116.772593011166,-20.62978242308],[116.77259457765,-20.629783703734],[116.772596986983,-20.6297855592826],[116.772598633265,-20.629786751489],[116.772601160861,-20.6297884707498],[116.772603754812,-20.6297901060634],[116.772607313758,-20.62979215017],[116.772609135074,-20.6297931121891],[116.772611916591,-20.6297944802843],[116.772615715084,-20.6297961578451],[116.772619610775,-20.6297976647537],[116.772622593425,-20.6297986789029],[116.772624609137,-20.6297992996175],[116.772626646993,-20.6297998742777],[116.772628705076,-20.6298004019773],[116.772631829284,-20.6298011063784],[116.772633935535,-20.62980151577],[116.772636060094,-20.6298018772949],[116.772638202964,-20.6298021891461],[116.772640362226,-20.6298024504172],[116.77264253692,-20.6298026620107],[116.772644728007,-20.6298028221207],[116.772646933569,-20.6298029307446],[116.772648039719,-20.6298029787358],[116.772669066494,-20.6298030195109],[116.772783347292,-20.6298031698688],[116.772957081711,-20.6298033983043],[116.772957604825,-20.6298033989918],[116.772959321984,-20.6298034012488],[116.772959308585,-20.6298033750268],[116.772962623129,-20.629803240229],[116.772965904249,-20.6298029897267],[116.772970223351,-20.6298024767377],[116.772972358536,-20.6298021461161],[116.772974475556,-20.6298017666762],[116.772977616186,-20.6298011066589],[116.772979685392,-20.6298006069775],[116.77298173451,-20.6298000611862],[116.772983763541,-20.6297994683814],[116.772985770561,-20.6297988312713],[116.772987755572,-20.6297981489523],[116.772989717612,-20.6297974223268],[116.77299165572,-20.6297966522971],[116.772993569895,-20.6297958397667],[116.772995459177,-20.6297949847345],[116.772996394723,-20.6297945413935],[116.772999160178,-20.6297931507752],[116.773001865298,-20.6297916688141],[116.773003633909,-20.6297906319999],[116.773006232703,-20.6297890035161],[116.773008765392,-20.6297872909107],[116.773009593652,-20.6297867019493],[116.773011228135,-20.6297854959859],[116.773012830038,-20.6297842538357],[116.773014400317,-20.6297829773072],[116.773015937053,-20.6297816654943],[116.77301817842,-20.6297796353429],[116.773018907971,-20.6297789414343],[116.77302104486,-20.6297768135569],[116.773022423441,-20.6297753542496],[116.773023766553,-20.6297738641733],[116.773025070356,-20.6297723442266],[116.773026956073,-20.6297700090951],[116.773028752621,-20.6297676087873],[116.773029900139,-20.6297659738782],[116.773031006424,-20.629764311807],[116.773031544225,-20.6297634703598],[116.773033093372,-20.6297609088863],[116.773034546619,-20.6297582903602],[116.773035900123,-20.629755617487],[116.773036746512,-20.6297538059805],[116.773037151961,-20.6297528920715],[116.773037929291,-20.6297510470412],[116.773038300211,-20.6297501159185],[116.77303865962,-20.6297491802626],[116.773039342948,-20.6297472926396],[116.773039977355,-20.6297453841695],[116.773040562838,-20.6297434566596],[116.773041348492,-20.6297405291292],[116.773041809264,-20.6297385553719],[116.773042019983,-20.6297375616904],[116.773042218231,-20.6297365634745],[116.773042404007,-20.6297355607243],[116.773042576352,-20.629734554342],[116.773042880744,-20.6297325297777],[116.773043132368,-20.6297304897829],[116.773043329304,-20.6297284343551],[116.773043523003,-20.6297253244236],[116.773043592212,-20.6297213721747],[116.773043597883,-20.6297175472498],[116.773043605237,-20.6297125865037],[116.773044130266,-20.6293584316976],[116.773102769999,-20.6293590020948],[116.773102243556,-20.6297142023638],[116.773102232643,-20.6297215657735],[116.773102238529,-20.6297234226762],[116.773102261767,-20.6297245820235],[116.773102302286,-20.6297257386829],[116.773102394745,-20.6297274691954],[116.773102477507,-20.629728619585],[116.773102577549,-20.6297297672865],[116.773102693914,-20.629730911395],[116.773102758337,-20.6297314825539],[116.773102826601,-20.6297320528142],[116.773102975609,-20.629733191544],[116.773103056354,-20.6297337591099],[116.773103231287,-20.6297348915486],[116.773103324513,-20.6297354573237],[116.77310352345,-20.6297365843723],[116.77310373775,-20.6297377078267],[116.773103969334,-20.6297388267859],[116.77310421724,-20.629739942152],[116.773104346955,-20.6297404980355],[116.77310461983,-20.629741605302],[116.773104761068,-20.6297421575862],[116.773104908067,-20.6297427089744],[116.77310521167,-20.6297438072453],[116.773105532556,-20.629744901021],[116.773105697801,-20.6297454461079],[116.773105867848,-20.629745989394],[116.773106220426,-20.6297470723681],[116.77310658837,-20.6297481490372],[116.773106778583,-20.6297486860245],[116.77310697264,-20.6297492203061],[116.773107371315,-20.6297502861724],[116.773107576895,-20.6297508168547],[116.77310800054,-20.6297518737178],[116.773108217646,-20.6297523989937],[116.773108664342,-20.6297534459475],[116.773109126404,-20.6297544865962],[116.773109362719,-20.629755003765],[116.773109847834,-20.6297560336008],[116.773110096634,-20.629756546268],[116.7731106048,-20.6297575661945],[116.773111128335,-20.6297585780089],[116.773111667238,-20.6297595826146],[116.77311222151,-20.6297605800117],[116.773112791151,-20.6297615692967],[116.773113081255,-20.6297620612353],[116.77311367299,-20.6297630388025],[116.773113974621,-20.629763524431],[116.773114901609,-20.629764969599],[116.77311521861,-20.6297654471153],[116.77311586318,-20.6297663949331],[116.773116522161,-20.6297673346375],[116.773117195553,-20.6297682644212],[116.773117884315,-20.6297691860927],[116.77311858749,-20.6297700978435],[116.773119306036,-20.6297710005786],[116.773119670113,-20.629771448338],[116.773120409796,-20.6297723366432],[116.773121163892,-20.6297732150278],[116.773121547185,-20.6297736501621],[116.773122716282,-20.6297749411326],[116.773123513616,-20.6297757888516],[116.773123917089,-20.6297762086512],[116.773124736524,-20.6297770401344],[116.773125151525,-20.6297774527204],[116.77312599114,-20.6297782679654],[116.77312684517,-20.6297790723861],[116.773127278429,-20.6297794705384],[116.773128151642,-20.6297802840203],[116.773128592575,-20.6297806857972],[116.773129036392,-20.629781084867],[116.773129931717,-20.6297818739808],[116.77313083762,-20.629782650458],[116.773131294897,-20.6297830341843],[116.773132216186,-20.6297837908026],[116.773132680195,-20.6297841655018],[116.77313361687,-20.6297849031647],[116.773134089533,-20.6297852679357],[116.773134564121,-20.6297856290948],[116.77313552003,-20.6297863414822],[116.773136485557,-20.6297870412319],[116.773136972647,-20.6297873861426],[116.773138445464,-20.6297884010108],[116.773139439845,-20.62978906104],[116.773139939442,-20.629789386088],[116.77314094633,-20.6297900262544],[116.773141962838,-20.6297906519759],[116.773142987044,-20.6297912650572],[116.773144018948,-20.6297918645945],[116.773145060471,-20.6297924505905],[116.773146109694,-20.6297930221391],[116.773147165656,-20.6297935801425],[116.773148230278,-20.6297941236997],[116.773149841646,-20.6297949137537],[116.773150924558,-20.6297954220946],[116.77315146938,-20.6297956712996],[116.773153112519,-20.6297963963362],[116.77315421757,-20.629796862237],[116.773155328402,-20.6297973127842],[116.773156445974,-20.6297977497863],[116.773157007169,-20.6297979619653],[116.773158133412,-20.6297983763888],[116.773159267356,-20.6297987763648],[116.773160406121,-20.6297991609859],[116.773161550669,-20.6297995302535],[116.773163278569,-20.6298000566097],[116.773164437571,-20.629800387945],[116.773165601393,-20.6298007048292],[116.773167357247,-20.6298011508017],[116.773168533605,-20.6298014288476],[116.773170899827,-20.6298019379699],[116.773173284381,-20.6298023838643],[116.773174481971,-20.6298025833249],[116.773175684385,-20.6298027665271],[116.773176890663,-20.6298029334695],[116.773178705403,-20.6298031536197],[116.773180528835,-20.6298033376373],[116.773181747687,-20.6298034395371],[116.773182358082,-20.6298034837113],[116.773183581769,-20.6298035612203],[116.773185421666,-20.6298036458637],[116.773187265449,-20.6298036988861],[116.773188499804,-20.629803702314],[116.773241987097,-20.6298037363913],[116.773598834935,-20.6298039604861],[116.773600472634,-20.6298038225748],[116.773601558381,-20.6298037128552],[116.773602640305,-20.6298035913837],[116.773603718409,-20.6298034572569],[116.773605861236,-20.6298031510346],[116.773607987818,-20.6298027950931],[116.773609043936,-20.6298025994928],[116.77361114183,-20.6298021712257],[116.773613221558,-20.6298016950441],[116.773614253768,-20.6298014397749],[116.773615281197,-20.6298011727526],[116.773616302884,-20.629800893976],[116.773617319789,-20.6298006034464],[116.773618331912,-20.6298003011637],[116.773619338293,-20.6297999880303],[116.77362033893,-20.6297996640462],[116.773621828402,-20.6297991545614],[116.773622323938,-20.6297989817199],[116.773623307347,-20.6297986242801],[116.773624285975,-20.6297982550872],[116.773625257898,-20.6297978759459],[116.77362622408,-20.6297974850503],[116.773627184517,-20.6297970842076],[116.773628138252,-20.6297966725129],[116.773629086243,-20.6297962499675],[116.77363002753,-20.6297958174737],[116.773630962115,-20.629795374128],[116.773631890955,-20.6297949208352],[116.773632813092,-20.6297944566903],[116.773633728524,-20.6297939835007],[116.773634637252,-20.6297934994592],[116.773635538317,-20.629793005468],[116.773637321294,-20.6297919876417],[116.773638202244,-20.6297914647089],[116.773639942113,-20.6297903889959],[116.773641652284,-20.6297892752927],[116.773642496831,-20.6297887044215],[116.773643332755,-20.6297881235995],[116.773644982564,-20.6297869357221],[116.77364579645,-20.6297863286668],[116.773648187318,-20.6297844523148],[116.773648968621,-20.6297838099764],[116.773650505352,-20.6297824981578],[116.773652007578,-20.6297811528608],[116.773653476259,-20.6297797740868],[116.773654909473,-20.6297783636402],[116.77365630722,-20.6297769206177],[116.77365766758,-20.6297754459202],[116.773660277093,-20.6297724060196],[116.773662133078,-20.6297700482522],[116.773664468374,-20.6297668064897],[116.773667156395,-20.6297626019534],[116.77367002834,-20.629757346773],[116.773671314696,-20.6297546385665],[116.77367286838,-20.6297509484986],[116.773673910146,-20.6297481252145],[116.77367513098,-20.6297442892312],[116.773675916621,-20.6297413616977],[116.7736765881,-20.6297383942563],[116.773676972116,-20.6297363932887],[116.773677303364,-20.6297343768908],[116.773677700456,-20.6297313223445],[116.773678040581,-20.6297271969593],[116.773678165245,-20.6297188343184],[116.773678376732,-20.6295757786838],[116.773678949295,-20.6291884735998],[116.773679268069,-20.6289728383472],[116.773679161946,-20.6289686590647],[116.773678834021,-20.6289645328039],[116.773678588439,-20.6289624921565],[116.773678445964,-20.6289614772286],[116.773678289084,-20.6289604667998],[116.773677937875,-20.6289584567364],[116.773677313589,-20.6289554740431],[116.773677079885,-20.6289544888145],[116.773676574065,-20.6289525309572],[116.773676302907,-20.6289515592335],[116.773675723136,-20.6289496301945],[116.773675414523,-20.6289486728792],[116.773674760802,-20.6289467726585],[116.773674060017,-20.6289448940625],[116.773673691857,-20.62894396197],[116.773672919997,-20.6289421149068],[116.773672517258,-20.6289411999373],[116.77367167624,-20.6289393862167],[116.773671238921,-20.6289384883703],[116.773670330663,-20.6289367098019],[116.773669378216,-20.6289349555727],[116.773668382541,-20.628933225684],[116.773667343634,-20.6289315219431],[116.773666262457,-20.6289298434476],[116.773665423472,-20.628928602611],[116.773663977124,-20.6289265676192],[116.773662774885,-20.6289249711924],[116.7736608961,-20.6289226311212],[116.773658931792,-20.6289203569006],[116.773657575806,-20.6289188786438],[116.773656182338,-20.6289174319639],[116.773654753309,-20.6289160177669],[116.773652543927,-20.6289139564743],[116.773651027433,-20.6289126234866],[116.773649478251,-20.6289113256963],[116.773647895425,-20.6289100621987],[116.773645462058,-20.6289082328374],[116.773642957542,-20.6289064856104],[116.773640385713,-20.6289048223298],[116.773637748487,-20.6289032457089],[116.773635047782,-20.6289017566539],[116.773632285512,-20.6289003587816],[116.773629465516,-20.6288990530007],[116.77362658875,-20.6288978420232],[116.773624149259,-20.6288969090234],[116.773619670004,-20.6288953986619],[116.773617642749,-20.6288948005337],[116.773615595267,-20.6288942493662],[116.773612485523,-20.6288935097616],[116.773609333386,-20.6288928776296],[116.773606138856,-20.6288923547775],[116.773602906727,-20.6288919430186],[116.773599637956,-20.6288916450651],[116.77359633446,-20.6288914627266]],[[116.776270046672,-20.6292231522393],[116.775002512641,-20.629221508662],[116.774856409754,-20.6292213155932],[116.774855853035,-20.629221323],[116.774847588213,-20.629221724269],[116.774840073066,-20.629222751805],[116.774834838394,-20.6292238518903],[116.774830740187,-20.6292249435171],[116.774827721065,-20.6292258829387],[116.774821835953,-20.6292280619761],[116.77481803253,-20.6292297295793],[116.774816169119,-20.6292306262308],[116.774813422843,-20.6292320476259],[116.774810738823,-20.6292335594619],[116.7748089846,-20.6292346152891],[116.774806407869,-20.6292362718408],[116.774803077618,-20.6292386114342],[116.774799872894,-20.6292410948634],[116.774796799464,-20.6292437176179],[116.774795313547,-20.629245079211],[116.774793150808,-20.6292471835835],[116.774790392732,-20.6292501013221],[116.774788421719,-20.6292523703994],[116.774786536995,-20.6292547055518],[116.774784161458,-20.6292579201695],[116.774781947974,-20.6292612434301],[116.774780905003,-20.6292629453538],[116.774779419182,-20.6292655457806],[116.774777592178,-20.629269097252],[116.774776340375,-20.6292718226805],[116.77477519216,-20.6292745988456],[116.774774150418,-20.6292774221367],[116.774773515075,-20.6292793306122],[116.774772655592,-20.6292822291395],[116.774771907388,-20.6292851702811],[116.774771274306,-20.6292881513311],[116.774770758269,-20.6292911704849],[116.77477036024,-20.6292942250328],[116.774770163328,-20.6292962804629],[116.774769969664,-20.6292993903969],[116.774769901696,-20.6293025294098],[116.774768738784,-20.6300929661066],[116.774768709542,-20.6301128416218],[116.774768815695,-20.6301170209034],[116.774768952787,-20.6301190912264],[116.774769143651,-20.6301211471619],[116.774769389249,-20.6301231878076],[116.774769688621,-20.6301252131622],[116.774770235147,-20.6301282219543],[116.774770897872,-20.6301311911396],[116.774771144068,-20.6301321727686],[116.774771674877,-20.6301341207155],[116.774772254666,-20.6301360497507],[116.774772884395,-20.6301379598755],[116.774773561186,-20.6301398492789],[116.774773917831,-20.630140785872],[116.774774286001,-20.6301417179621],[116.77477505788,-20.6301435650203],[116.774776301666,-20.6301462937024],[116.774777187851,-20.6301480839829],[116.774778118224,-20.6301498499238],[116.774779092784,-20.6301515924289],[116.774780109615,-20.6301533096882],[116.774780634362,-20.6301541588514],[116.774781169678,-20.6301550007996],[116.774782838073,-20.6301574878708],[116.774784000937,-20.6301591122499],[116.774785204156,-20.63016070867],[116.774786445812,-20.6301622762251],[116.774787726863,-20.6301638149164],[116.774790402363,-20.6301668011834],[116.774791795852,-20.6301682478542],[116.774793224904,-20.6301696620418],[116.774795434319,-20.6301717233197],[116.77479850004,-20.6301743540775],[116.774801697464,-20.6301768458527],[116.77480502084,-20.6301791941199],[116.774808464417,-20.6301813925464],[116.774813844737,-20.6301843986039],[116.774817566292,-20.6301862016164],[116.774823338177,-20.6301885910263],[116.77482931989,-20.6301905858369],[116.774833414897,-20.6301916881434],[116.774837590805,-20.6301926035104],[116.774841839946,-20.6301933256027],[116.77484724777,-20.6301939480021],[116.774919373114,-20.6301949085483],[116.775461784452,-20.630195070499],[116.776140364445,-20.6301959512334],[116.77627285863,-20.6301961228876],[116.776273065152,-20.630196017434],[116.776277447306,-20.6301957086573],[116.77628283687,-20.630195037035],[116.776287070906,-20.6301942771705],[116.776291229395,-20.6301933256452],[116.77629429541,-20.6301924892691],[116.776298309435,-20.6301912140683],[116.776304159144,-20.630188969876],[116.776307003102,-20.6301877030993],[116.776310704073,-20.6301858690688],[116.776314296818,-20.6301838731539],[116.776318627773,-20.6301811607376],[116.776321958022,-20.6301788211152],[116.77632516274,-20.630176337658],[116.776326715744,-20.6301750439085],[116.776328982954,-20.6301730381445],[116.776331172524,-20.6301709581849],[116.776333281574,-20.6301688058331],[116.776334642872,-20.6301673311157],[116.776335309139,-20.6301665828951],[116.776336613873,-20.6301650620209],[116.776337880256,-20.6301635121818],[116.776339107328,-20.6301619333767],[116.776339706481,-20.6301611335641],[116.776341442573,-20.6301586915777],[116.776343087568,-20.6301561889323],[116.776344130528,-20.6301544869993],[116.776345616331,-20.6301518865591],[116.776347003349,-20.6301492317751],[116.77634787176,-20.6301474320275],[116.776348695092,-20.6301456096315],[116.776349843285,-20.630142833456],[116.776350885005,-20.6301400101555],[116.776352105775,-20.6301361741528],[116.776352891367,-20.6301332466068],[116.776353562796,-20.6301302791547],[116.776354118142,-20.630127271794],[116.776354423451,-20.6301252472248],[116.776354675032,-20.6301232072249],[116.776354871923,-20.630121151793],[116.776355015085,-20.6301190818339],[116.776355133492,-20.6301149028437],[116.776355191273,-20.6300753515039],[116.776356008544,-20.6295159111522],[116.776356321898,-20.6293014080751],[116.776356258485,-20.6293014513657],[116.776355985219,-20.6292973116263],[116.776355766488,-20.6292952628849],[116.776355338046,-20.6292922190098],[116.776354986801,-20.6292902089516],[116.7763545837,-20.6292882159946],[116.77635412874,-20.6292862410425],[116.776353881575,-20.6292852594143],[116.776353622884,-20.6292842831928],[116.776353068049,-20.6292823442553],[116.776352463273,-20.6292804251323],[116.776351809517,-20.6292785249214],[116.776351108698,-20.629276646336],[116.776350359856,-20.6292747884712],[116.77634956491,-20.6292729522331],[116.776348724819,-20.6292711385264],[116.776347838621,-20.6292693482537],[116.776346908235,-20.6292675823209],[116.776345933662,-20.6292658398244],[116.776344915859,-20.6292641225727],[116.776343856745,-20.6292624314719],[116.7763427544,-20.6292607665195],[116.776341612662,-20.629259128624],[116.77634042865,-20.6292575186854],[116.776339206204,-20.6292559367085],[116.776337944362,-20.6292543835958],[116.776337299508,-20.6292536174128],[116.776336644084,-20.6292528593484],[116.776335980009,-20.6292521094053],[116.776335306326,-20.6292513666785],[116.776334623034,-20.6292506311681],[116.776333230498,-20.6292491845107],[116.776332520294,-20.6292484733626],[116.776331073937,-20.6292470745263],[116.776329592018,-20.6292457090771],[116.776328837602,-20.6292450385336],[116.776328075496,-20.6292443761126],[116.776326526289,-20.6292430783462],[116.776325739188,-20.6292424420971],[116.776324139994,-20.6292411957711],[116.776322510032,-20.6292399855491],[116.776321682553,-20.6292393944277],[116.776320005479,-20.6292382383606],[116.776318298596,-20.629237120206],[116.776316561902,-20.629236039964],[116.776314796355,-20.6292349985393],[116.776312095618,-20.6292335095259],[116.776310260818,-20.6292325674074],[116.776308400044,-20.6292316659171],[116.776306513292,-20.6292308059588],[116.776304601523,-20.6292299884371],[116.776302664737,-20.6292292133522],[116.77630070485,-20.62922848161],[116.776298722823,-20.6292277941156],[116.776296717693,-20.6292271517711],[116.776294690423,-20.6292265536743],[116.776292642927,-20.6292260025383],[116.776291611475,-20.6292257445805],[116.776289533163,-20.6292252629818],[116.776286380048,-20.6292246308973],[116.776284255488,-20.6292242694172],[116.776282113578,-20.6292239576125],[116.776279954317,-20.6292236963869],[116.776278867941,-20.6292235838373],[116.776276684574,-20.6292233984827],[116.776275587583,-20.629223324774],[116.776272273461,-20.6292231813277],[116.776270046672,-20.6292231522393]],[[116.776520061794,-20.6292293899172],[116.776519257446,-20.6292293906838],[116.776518142105,-20.6292293946625],[116.776516639967,-20.6292293854904],[116.776514817076,-20.6292294897567],[116.776513716054,-20.6292295470662],[116.776512618852,-20.6292296179346],[116.77651152451,-20.6292297023607],[116.77651043495,-20.6292297985397],[116.776508267291,-20.6292300297674],[116.776507189193,-20.6292301639124],[116.776506114917,-20.6292303107127],[116.776505045421,-20.6292304701696],[116.776503980707,-20.6292306413794],[116.776502919814,-20.6292308252446],[116.776501863702,-20.6292310217663],[116.776500812372,-20.629231230041],[116.776499764864,-20.6292314500674],[116.776498723098,-20.629231681848],[116.776497686114,-20.6292319253816],[116.77649665391,-20.6292321815717],[116.77649562649,-20.6292324486112],[116.776493586956,-20.6292330179503],[116.776492575803,-20.6292333193476],[116.776491569433,-20.6292336324979],[116.776490568804,-20.6292339574023],[116.776489572958,-20.6292342931561],[116.776487599456,-20.6292349972169],[116.776486621799,-20.6292353664274],[116.776485649886,-20.6292357455849],[116.776483723289,-20.6292365373553],[116.776481821585,-20.6292373716271],[116.776480880309,-20.6292378041365],[116.776479015948,-20.6292387008049],[116.776478094784,-20.6292391640627],[116.776477179363,-20.6292396381711],[116.776475368634,-20.6292406162327],[116.776474474286,-20.6292411201871],[116.776473585684,-20.6292416331849],[116.776472705704,-20.6292421570371],[116.776471831471,-20.6292426899327],[116.776470965861,-20.629243232779],[116.776470106957,-20.62924378467],[116.776469254757,-20.6292443465093],[116.776468411183,-20.6292449173957],[116.776467574315,-20.6292454973268],[116.77646674607,-20.6292460872085],[116.776465924533,-20.6292466852314],[116.776465111619,-20.629247293205],[116.776464306373,-20.6292479093209],[116.776463509751,-20.629248534484],[116.776461939505,-20.6292498119478],[116.776461166842,-20.6292504633462],[116.776460402803,-20.6292511237917],[116.776459647393,-20.6292517914772],[116.776458899647,-20.6292524691123],[116.776458161489,-20.6292531539885],[116.776457431958,-20.6292538470082],[116.776456710092,-20.6292545490738],[116.776455997813,-20.6292552583807],[116.776455295122,-20.6292559758323],[116.776454601057,-20.6292567014275],[116.776453915618,-20.6292574351662],[116.776452573505,-20.6292589243673],[116.776451916829,-20.6292596807332],[116.776451268781,-20.629260444339],[116.776450631279,-20.6292612160909],[116.776449384081,-20.6292627804135],[116.776448775344,-20.6292635729854],[116.776448176193,-20.629264373702],[116.776447587592,-20.6292651807576],[116.77644700858,-20.6292659941507],[116.776446440114,-20.6292668156898],[116.776445881238,-20.629267642663],[116.77644479609,-20.6292693183378],[116.776444268859,-20.6292701661347],[116.776443752177,-20.6292710202704],[116.776443246044,-20.629271880745],[116.776442751419,-20.6292727475596],[116.776442267345,-20.6292736198095],[116.776441793819,-20.6292744993018],[116.776441331803,-20.6292753842306],[116.776440880336,-20.6292762754982],[116.776440440379,-20.6292771722024],[116.776440011931,-20.6292780752466],[116.776439594033,-20.629278983726],[116.776439188605,-20.6292798976432],[116.776438793726,-20.6292808178993],[116.776438411319,-20.6292817426894],[116.776437681033,-20.6292836094828],[116.776437333156,-20.6292845505824],[116.776436997748,-20.6292854971198],[116.776436674813,-20.6292864481913],[116.776436363387,-20.6292874046992],[116.776436064431,-20.6292883666449],[116.776435777947,-20.6292893331248],[116.776435502974,-20.6292903041375],[116.776435241433,-20.6292912796856],[116.776434992362,-20.6292922597678],[116.776434755762,-20.6292932452878],[116.776434531634,-20.6292942344383],[116.776434319978,-20.629295228123],[116.776434121752,-20.629296226343],[116.77643393696,-20.6292972281948],[116.776433764638,-20.6292982345807],[116.776433605748,-20.629299245502],[116.77643346029,-20.6293002600551],[116.776433268009,-20.6293017886952],[116.776433208712,-20.6293023000553],[116.776433103552,-20.6293033255037],[116.776432932567,-20.6293053881983],[116.776432818193,-20.62930746452],[116.776432776801,-20.6293075457904],[116.776432690239,-20.6293510467264],[116.776431648056,-20.6300646922301],[116.776431580697,-20.6301108163339],[116.776431578183,-20.630112537686],[116.776431574584,-20.6301150017948],[116.776431634309,-20.6301181409736],[116.776431742619,-20.6301202175834],[116.776431907579,-20.6301222807125],[116.776432009743,-20.6301233073328],[116.776432255363,-20.6301253479763],[116.776432397858,-20.630126362902],[116.776432553797,-20.630127373327],[116.776432905046,-20.630129383385],[116.776433100356,-20.6301303821142],[116.776433530349,-20.6301323660697],[116.77643401028,-20.6301343329214],[116.776434268973,-20.6301353091427],[116.776434824772,-20.630137248081],[116.77643512092,-20.6301382098932],[116.77643574971,-20.6301401200109],[116.776436427482,-20.6301420094091],[116.776436784137,-20.6301429459989],[116.776437924216,-20.6301457251365],[116.776438742221,-20.6301475496572],[116.776439605371,-20.6301493516463],[116.776440513669,-20.6301511302003],[116.776441143539,-20.630152300272],[116.776442461869,-20.630154614287],[116.776443500814,-20.630156318915],[116.776444036139,-20.6301571608581],[116.776445703601,-20.6301596479123],[116.776446866483,-20.6301612722803],[116.77644806972,-20.630162868689],[116.776449312352,-20.6301644362336],[116.77645124789,-20.6301667329753],[116.776452585656,-20.6301682256443],[116.776453960901,-20.630169688543],[116.776454661499,-20.6301704078105],[116.776456091526,-20.6301718219857],[116.776457555193,-20.6301732045785],[116.776459054424,-20.6301745537842],[116.776460587298,-20.6301758696003],[116.776462153818,-20.6301771502195],[116.776462948616,-20.6301777774419],[116.776464894957,-20.6301792492119],[116.776466209522,-20.6301801978844],[116.776467886606,-20.63018135395],[116.776469594462,-20.6301824721043],[116.776470458488,-20.6301830171888],[116.776472209621,-20.6301840775687],[116.776473096726,-20.6301845937679],[116.776475797481,-20.6301860827788],[116.776476711521,-20.6301865583508],[116.77647855884,-20.6301874806046],[116.776480433096,-20.6301883613277],[116.776482332368,-20.6301892005176],[116.776483291626,-20.6301896038602],[116.776485227466,-20.6301903789419],[116.776487187366,-20.630191110682],[116.776489170367,-20.6301917981756],[116.776490170051,-20.6301921247646],[116.776491175509,-20.6301924405179],[116.776492185783,-20.6301927454342],[116.77649422366,-20.6301933200489],[116.776496281762,-20.6301938477027],[116.776498359128,-20.6301943292978],[116.776500456721,-20.6301947630283],[116.776501512264,-20.6301949613785],[116.776503636838,-20.6301953228561],[116.776505779721,-20.6301956346593],[116.776507938996,-20.6301958958822],[116.776509024419,-20.6301960084292],[116.776511207801,-20.630196193781],[116.776513405655,-20.6301963285499],[116.776515618942,-20.6301964109301],[116.776527097696,-20.630196451985],[116.776552632465,-20.6301964850175],[116.776583524132,-20.6301965249749],[116.776589364792,-20.630196532529],[116.777612112817,-20.6301978522668],[116.777617653286,-20.6301976940411],[116.777620935368,-20.6301974434516],[116.777626323967,-20.630196771786],[116.777628449586,-20.6301964157937],[116.777631604551,-20.6301957918541],[116.777635743903,-20.6301947932846],[116.777639800979,-20.6301936084677],[116.777642786606,-20.6301926020877],[116.777645720546,-20.6301914962453],[116.777648600876,-20.6301902927451],[116.777651424713,-20.6301889942942],[116.777654191093,-20.6301876036024],[116.777656896175,-20.6301861215681],[116.777659538035,-20.6301845518033],[116.777663795197,-20.6301817434766],[116.777665112521,-20.6301807982008],[116.777668649678,-20.6301780720784],[116.77767020267,-20.6301767783167],[116.777673208979,-20.6301740876549],[116.777675371692,-20.6301719832463],[116.777678129731,-20.6301690654616],[116.777679453625,-20.6301675608665],[116.777680739171,-20.6301660254998],[116.7776825951,-20.6301636676887],[116.777684360895,-20.6301612465097],[116.777686036554,-20.6301587637699],[116.777687618235,-20.6301562212717],[116.77768894234,-20.6301539106668],[116.777690930003,-20.6301500693162],[116.777691775379,-20.6301482577852],[116.777692959038,-20.6301454988146],[116.777693689312,-20.630143632016],[116.777694371625,-20.6301417443729],[116.777695305884,-20.6301388748423],[116.777695866369,-20.6301369373445],[116.777696377929,-20.6301349808081],[116.777697049332,-20.6301320133505],[116.777697433296,-20.6301300123736],[116.777697764492,-20.6301279959676],[116.777698266659,-20.6301239150587],[116.777698436668,-20.6301218523618],[116.777698619893,-20.630116637026],[116.77769863185,-20.6301084025468],[116.777699074206,-20.6298037728921],[116.777699203929,-20.6297144378697],[116.777699765746,-20.6293275311712],[116.777699784111,-20.6293122395932],[116.77769972916,-20.6293090995169],[116.777699108048,-20.6293018934211],[116.777698262059,-20.6292968592874],[116.777697599281,-20.629293889209],[116.777696538554,-20.6292899933333],[116.777695612638,-20.6292871214086],[116.777694935814,-20.6292852320162],[116.777694579153,-20.6292842954289],[116.777693439057,-20.6292815162991],[116.777692195225,-20.6292787876374],[116.777690849575,-20.6292761112533],[116.777689897079,-20.6292743570459],[116.777687862403,-20.6292709225594],[116.777685658644,-20.6292675926727],[116.777683899897,-20.6292651669574],[116.777682050833,-20.6292628052813],[116.777678776557,-20.6292590158922],[116.77767454413,-20.6292547237726],[116.777672308737,-20.6292526877984],[116.777669209341,-20.629250090481],[116.777664318462,-20.6292464607551],[116.777660031996,-20.6292436893223],[116.777657372603,-20.6292421416491],[116.777653730881,-20.6292402168144],[116.777650930086,-20.6292388804012],[116.777648071563,-20.6292376378879],[116.777645158191,-20.6292364910855],[116.777641193163,-20.629235116126],[116.777638160431,-20.6292342032019],[116.777634045206,-20.6292331470192],[116.777630906535,-20.6292324788339],[116.777628790646,-20.6292320929843],[116.777625583562,-20.6292316072377],[116.777622338881,-20.6292312334889],[116.777620155513,-20.6292310472477],[116.777617956711,-20.6292309133953],[116.777616135091,-20.6292308044256],[116.776520061794,-20.6292293899172]],[[116.774611676353,-20.6292270758639],[116.774599586461,-20.6292268947307],[116.77384224835,-20.6292259048857],[116.77383949741,-20.6292259283922],[116.773837284864,-20.6292260050121],[116.773833992295,-20.629226217565],[116.773831816032,-20.6292264225434],[116.773828582692,-20.6292268258331],[116.773825386621,-20.6292273403141],[116.77382223262,-20.6292279650892],[116.77381809327,-20.6292289635674],[116.773815042568,-20.6292298342564],[116.773811050558,-20.6292311546085],[116.77380811661,-20.6292322603859],[116.773804288281,-20.6292338863685],[116.773800561449,-20.6292356787461],[116.773796940918,-20.6292376348141],[116.773793432457,-20.6292397473513],[116.773790040871,-20.6292420118461],[116.773787578145,-20.6292438076858],[116.773785187289,-20.6292456831364],[116.773783633313,-20.6292469777654],[116.773780627913,-20.6292496683606],[116.77377989837,-20.629250361369],[116.773778465161,-20.6292517727202],[116.773776382929,-20.6292539494732],[116.77377503983,-20.6292554386519],[116.773773736039,-20.6292569586045],[116.773773097564,-20.6292577303451],[116.773771850338,-20.6292592946481],[116.773769474782,-20.6292625083479],[116.773768348371,-20.6292641568437],[116.773767262234,-20.6292658325002],[116.773765713103,-20.6292683948842],[116.773764733415,-20.629270133932],[116.773763346359,-20.6292727895988],[116.773762477923,-20.6292745893334],[116.77376125967,-20.6292773319668],[116.773760506332,-20.6292791878752],[116.773759799035,-20.6292810646267],[116.773759140659,-20.629282962225],[116.773758243743,-20.6292858471442],[116.773757458107,-20.6292887737746],[116.773756786631,-20.6292917421201],[116.773756230279,-20.6292947485675],[116.773755674282,-20.6292988140328],[116.773755215683,-20.6293071184066],[116.773755214955,-20.6293076108669],[116.7737540269,-20.6301115156171],[116.773754023258,-20.6301139797253],[116.773754270103,-20.6301177652227],[116.773754460954,-20.6301198211592],[116.773754706538,-20.6301218618062],[116.773755174301,-20.6301248939918],[116.773755760179,-20.6301278901881],[116.773756215107,-20.6301298651466],[116.773756719973,-20.6301318230022],[116.773757275738,-20.6301337619488],[116.773757880485,-20.6301356810805],[116.773758878364,-20.630138523301],[116.773759603167,-20.6301403919884],[116.773760375033,-20.630142239051],[116.773761618802,-20.6301449677402],[116.773762964391,-20.630147644154],[116.773763916846,-20.6301493983825],[116.773765426704,-20.630151983748],[116.773766486755,-20.6301536748655],[116.773767588119,-20.6301553398327],[116.773768730795,-20.6301569777461],[116.773770520235,-20.630159382758],[116.77377176284,-20.6301609503216],[116.773773698337,-20.6301632470929],[116.773775037037,-20.6301647397836],[116.773777112841,-20.6301669219817],[116.773779269379,-20.6301690319976],[116.773781504733,-20.6301710680216],[116.773783037584,-20.6301723838612],[116.773784604082,-20.6301736645045],[116.773787013435,-20.6301755200366],[116.773788659731,-20.6301767122317],[116.77379204463,-20.6301789865038],[116.773793781317,-20.630180066771],[116.773797340289,-20.6301821108533],[116.773800082381,-20.6301835394189],[116.77380288316,-20.6301848758942],[116.773805741668,-20.6301861184708],[116.773808655029,-20.6301872653378],[116.773810626467,-20.6301879745333],[116.7738136255,-20.6301889552502],[116.773818731727,-20.630190362514],[116.773822906669,-20.6301912779042],[116.773826087735,-20.6301918377824],[116.773829307359,-20.6301922865684],[116.773831474344,-20.6301925234377],[116.773833657722,-20.6301927088232],[116.773836961247,-20.6301928911574],[116.773840295661,-20.6301929551605],[116.773852628448,-20.6301938008103],[116.774080243048,-20.6301942549731],[116.774478451191,-20.6301947753186],[116.774579046968,-20.6301948063242],[116.774604711657,-20.6301939542877],[116.774611350297,-20.6301937253035],[116.774616779995,-20.6301931802894],[116.77462210553,-20.6301923224941],[116.774627315368,-20.6301911627458],[116.774631393515,-20.6301900241108],[116.774634395429,-20.6301890512373],[116.774638319503,-20.6301875988524],[116.774640246122,-20.6301868071028],[116.774642147847,-20.6301859728516],[116.774645874694,-20.6301841795527],[116.774649495236,-20.6301822243708],[116.774652138086,-20.6301806546535],[116.774653862624,-20.6301795590311],[116.77465555842,-20.6301784272272],[116.774658045108,-20.6301766585145],[116.774661248894,-20.6301741750871],[116.774664322345,-20.6301715523356],[116.774667259695,-20.6301687956738],[116.77466867469,-20.6301673689303],[116.774669368768,-20.6301666433425],[116.774670730082,-20.6301651686383],[116.774672053046,-20.6301636640653],[116.774672701108,-20.6301628995627],[116.774673338621,-20.6301621287212],[116.774673967507,-20.630161349736],[116.774674585845,-20.6301605644119],[116.774675194596,-20.6301597709428],[116.774675793758,-20.6301589711361],[116.774676382372,-20.6301581640868],[116.774676961398,-20.6301573497963],[116.774677529876,-20.6301565291668],[116.774678088765,-20.6301557012959],[116.774678636146,-20.6301548670849],[116.774679173938,-20.6301540265362],[116.774679701182,-20.6301531787449],[116.774680217877,-20.6301523246147],[116.774680724023,-20.6301514641455],[116.77468121866,-20.6301505973361],[116.774681702748,-20.6301497241878],[116.774682176286,-20.6301488456041],[116.774682638315,-20.6301479606802],[116.774683529764,-20.6301461727179],[116.774684376136,-20.6301443612033],[116.774684781577,-20.6301434472904],[116.774685176468,-20.6301425270386],[116.774685558889,-20.6301416022525],[116.7746859298,-20.6301406711262],[116.77468663709,-20.6301387943711],[116.77468697251,-20.6301378478373],[116.774687606898,-20.6301359393611],[116.774687905865,-20.6301349783222],[116.774688467347,-20.6301330408358],[116.774688728901,-20.6301320652905],[116.774688977986,-20.6301310843074],[116.774689214597,-20.6301300996937],[116.774689438737,-20.6301291105456],[116.774689650406,-20.6301281168633],[116.774690033451,-20.6301261158922],[116.774690510156,-20.630123084941],[116.774690643154,-20.6301220667589],[116.774690866933,-20.6301200185929],[116.774691101857,-20.6301169195564],[116.77469115234,-20.6301158795803],[116.774691249368,-20.6300871272017],[116.774691262268,-20.6300816233999],[116.774692405128,-20.6293083433065],[116.774692386489,-20.6293073122762],[116.774692072219,-20.6293010634819],[116.774691970066,-20.6293000377642],[116.77469172447,-20.6292979971182],[116.774691426062,-20.6292959708609],[116.774691074837,-20.6292939617031],[116.774690879539,-20.6292929629719],[116.774690670797,-20.6292919687412],[116.774690215861,-20.6292899928813],[116.774689710985,-20.6292880359318],[116.77468915521,-20.6292860969879],[116.774688550457,-20.6292841769556],[116.77468789768,-20.6292822776435],[116.774687195921,-20.6292803990503],[116.77468644806,-20.6292785411797],[116.774685237901,-20.6292757953723],[116.774684374776,-20.6292739933745],[116.774682995559,-20.629271334092],[116.774682021963,-20.6292695924911],[116.774680479436,-20.6292670260663],[116.774679944124,-20.6292661841178],[116.774678842757,-20.6292645191561],[116.774677700077,-20.6292628812486],[116.774676517043,-20.6292612703963],[116.774675294614,-20.6292596884079],[116.774674032789,-20.6292581352831],[116.774672732527,-20.629256611927],[116.774671394785,-20.6292551192444],[116.774670019566,-20.6292536563316],[116.77466788898,-20.6292515219633],[116.77466567958,-20.6292494606836],[116.774664164032,-20.6292481286095],[116.77466261388,-20.6292468299234],[116.774661032002,-20.6292455664363],[116.774658597656,-20.6292437379916],[116.774656094083,-20.6292419907804],[116.774654386251,-20.6292408726082],[116.774650884034,-20.629238750908],[116.774649090607,-20.6292377482848],[116.774646348524,-20.6292363197326],[116.774643547755,-20.6292349832709],[116.774640689258,-20.6292337407081],[116.774638753439,-20.6292329656059],[116.774633810909,-20.6292312188269],[116.774629757338,-20.6292300244027],[116.774625621909,-20.6292290151094],[116.774621408453,-20.6292281954698],[116.77461712368,-20.6292275727216],[116.774611676353,-20.6292270758639]],[[116.772505684618,-20.630191860473],[116.773050193844,-20.6301921954068],[116.773532180595,-20.6301931596051],[116.773558237571,-20.6301925061265],[116.773563265246,-20.6301925091028],[116.773568598151,-20.630192512479],[116.773574388904,-20.6301925155516],[116.773580330352,-20.6301925197252],[116.773582616706,-20.6301925209148],[116.773586425376,-20.6301925231962],[116.773591075679,-20.6301926286873],[116.77359551512,-20.630192528785],[116.773599898238,-20.6301922200775],[116.773603144021,-20.6301918547598],[116.773605286853,-20.6301915485376],[116.773608469562,-20.6301909969958],[116.773611610198,-20.630190336967],[116.773613679407,-20.6301898372781],[116.773616745436,-20.6301890009498],[116.773617757562,-20.6301886986671],[116.773619764584,-20.6301880615497],[116.773621749597,-20.6301873792235],[116.773626610189,-20.6301854817114],[116.773631316639,-20.6301833183391],[116.77363496401,-20.6301814029721],[116.773638501233,-20.630179329331],[116.773641922542,-20.6301771019261],[116.773643587686,-20.6301759321409],[116.773646026474,-20.6301741091641],[116.773648394348,-20.6301722074814],[116.773650686512,-20.6301702270863],[116.77365362292,-20.6301674704407],[116.773655038884,-20.6301660437069],[116.77365709333,-20.6301638434258],[116.773659702849,-20.6301608035254],[116.773660950084,-20.6301592392235],[116.773662746626,-20.6301568389092],[116.773664452076,-20.6301543761271],[116.773666065469,-20.630151853587],[116.773667087361,-20.6301501389924],[116.773668067058,-20.6301483990418],[116.773668540601,-20.630147520461],[116.773669454122,-20.6301457442797],[116.773670322565,-20.6301439445458],[116.773671145928,-20.6301421221629],[116.773671923252,-20.6301402771297],[116.773673000512,-20.6301374692535],[116.773673659854,-20.6301355707534],[116.773674270272,-20.6301336532136],[116.773674830807,-20.6301317157293],[116.773675579037,-20.630128774593],[116.773676013899,-20.6301267917641],[116.773676397916,-20.6301247907966],[116.773676569297,-20.6301237844124],[116.773676874642,-20.6301217598483],[116.773677231439,-20.6301186935026],[116.773677323186,-20.6301176644241],[116.773677581221,-20.6301138795881],[116.773677584864,-20.6301114154799],[116.773677811844,-20.6299565841766],[116.77367776542,-20.6299548745074],[116.773677751584,-20.6299544940743],[116.773677569013,-20.6299513836491],[116.773677378164,-20.6299493277124],[116.773677261614,-20.6299483055898],[116.77367713258,-20.6299472870653],[116.773676833223,-20.6299452617088],[116.773676664819,-20.6299442548795],[116.773676482012,-20.6299432516456],[116.77367628672,-20.6299422529134],[116.773676078944,-20.6299412586828],[116.773675857723,-20.6299402689526],[116.773675624017,-20.6299392837241],[116.773675377828,-20.6299383020935],[116.773675118193,-20.629937325867],[116.773674847034,-20.6299363541433],[116.77367456339,-20.6299353869213],[116.77367426726,-20.6299344251045],[116.773673958645,-20.6299334677894],[116.773673637545,-20.6299325149758],[116.77367330492,-20.6299315675688],[116.773672960768,-20.6299306255683],[116.773672235968,-20.6299287568805],[116.773671855318,-20.6299278310969],[116.773671464103,-20.6299269098175],[116.773671061361,-20.6299259948481],[116.773670646133,-20.629925085284],[116.773670220338,-20.6299241811276],[116.773669783016,-20.6299232832813],[116.773669334168,-20.6299223908415],[116.773668874753,-20.629921504713],[116.773668403811,-20.629920623991],[116.7736679223,-20.629919750484],[116.773667429263,-20.6299188823834],[116.773666926618,-20.6299180205955],[116.773666412446,-20.6299171651176],[116.773665887706,-20.6299163159511],[116.773665352397,-20.6299154739995],[116.773664806521,-20.6299146383592],[116.773663684984,-20.6299129869188],[116.773663108363,-20.6299121711175],[116.773662521173,-20.6299113625311],[116.773661925336,-20.6299105602585],[116.773661318928,-20.6299097661044],[116.773660701952,-20.6299089782617],[116.773660076326,-20.6299081985401],[116.773659440132,-20.6299074251297],[116.773658795288,-20.6299066598405],[116.77365747581,-20.6299051518129],[116.773656119815,-20.6299036735562],[116.773655427882,-20.6299029461563],[116.773654726339,-20.6299022268763],[116.773654016145,-20.6299015157173],[116.773652569806,-20.6299001168588],[116.773651832701,-20.6298994300617],[116.773651087904,-20.6298987513869],[116.7736495714,-20.6298974183992],[116.773648801611,-20.6298967649923],[116.773648022209,-20.6298961206089],[116.773646439374,-20.6298948562077],[116.773645636898,-20.6298942379984],[116.77364400599,-20.6298930277501],[116.773642344315,-20.6298918536054],[116.773640651869,-20.6298907164679],[116.773638929613,-20.6298896172425],[116.773637178503,-20.629888556834],[116.77363629237,-20.6298880406216],[116.773634498942,-20.6298870379879],[116.773633591647,-20.6298865515666],[116.773632677618,-20.6298860759796],[116.773631756857,-20.6298856094198],[116.77363082936,-20.6298851536943],[116.77362989609,-20.6298847079008],[116.773628009346,-20.6298838479133],[116.773626097584,-20.6298830303622],[116.773625132561,-20.6298826369358],[116.773624161762,-20.6298822552485],[116.77362318423,-20.6298818834921],[116.773622201881,-20.6298815234761],[116.773621212797,-20.6298811742945],[116.773620218897,-20.6298808359497],[116.773619219223,-20.6298805084406],[116.773618213772,-20.6298801926707],[116.773616186503,-20.629879595446],[116.773615165644,-20.6298793139926],[116.773613107557,-20.629878785401],[116.773611029244,-20.6298783046737],[116.773608932624,-20.6298778709094],[116.773606816734,-20.6298774859142],[116.773605751565,-20.6298773110273],[116.773604682537,-20.6298771487857],[116.773603609652,-20.6298769991894],[116.773601450387,-20.6298767379303],[116.773599274731,-20.6298765263475],[116.773598181595,-20.6298764399765],[116.773595430914,-20.6298762809524],[116.773593770468,-20.629876222753],[116.77359154367,-20.6298761936301],[116.772967616105,-20.6298758211099],[116.772052336687,-20.6298751461507],[116.772038419909,-20.629875135918],[116.772023394594,-20.6298750691017],[116.772019142382,-20.6298757800433],[116.772016001746,-20.6298764400432],[116.772012905104,-20.6298772067256],[116.772010866505,-20.6298777760128],[116.772007847353,-20.6298787153848],[116.772005862337,-20.6298793976925],[116.772002928364,-20.6298805034389],[116.772001001735,-20.6298812951589],[116.7719991,-20.629882129381],[116.771996295272,-20.6298834584867],[116.771994457693,-20.6298843958036],[116.771990864899,-20.6298863916282],[116.771987385138,-20.6298885421173],[116.77198320261,-20.6298914434726],[116.771976925296,-20.6298965495535],[116.771971878797,-20.6299014584673],[116.771969194472,-20.6299044377022],[116.77196605286,-20.6299083298714],[116.771962073422,-20.6299140751184],[116.771959544541,-20.6299183765228],[116.771957717463,-20.629921928867],[116.771955317334,-20.6299274304201],[116.771953951609,-20.6299312056584],[116.771952518083,-20.6299360362103],[116.771951213429,-20.6299419855871],[116.771950604614,-20.6299460347114],[116.771950288081,-20.6299491119497],[116.771950026332,-20.6299553608908],[116.771950025597,-20.6299558542546],[116.771950015497,-20.6299626348437],[116.771950001251,-20.6299721976069],[116.771949980595,-20.6299860642008],[116.771949964212,-20.6299970618754],[116.771949947829,-20.63000805955],[116.771949933584,-20.6300176223132],[116.771949916489,-20.6300290979904],[116.771949897256,-20.630042008579],[116.771949880873,-20.6300530062535],[116.771949861642,-20.6300659159385],[116.771949836712,-20.6300826514516],[116.77194981748,-20.6300955611365],[116.771949797248,-20.6301091430973],[116.77195012907,-20.6301164220205],[116.771950944492,-20.6301225214826],[116.771952491041,-20.6301294505096],[116.771953650547,-20.6301333085983],[116.771955005021,-20.6301370874277],[116.771957388754,-20.6301425952961],[116.771960179774,-20.6301478940672],[116.771962802473,-20.6301521381168],[116.771965086827,-20.6301554139658],[116.771968813627,-20.6301601166936],[116.771972882533,-20.630164549697],[116.771976520935,-20.6301680252213],[116.771983602798,-20.6301737489258],[116.771994931116,-20.6301807008038],[116.772004424477,-20.6301848933803],[116.772006410413,-20.630185529424],[116.772036065038,-20.6301905835329],[116.772039933035,-20.6301907088161],[116.772505684618,-20.630191860473]],[[116.771868081092,-20.629877657078],[116.771870428185,-20.6298710331869],[116.771872555929,-20.6298621716964],[116.771873164745,-20.6298581225723],[116.771873738372,-20.6298493466784],[116.771873740378,-20.6298492888507],[116.77187376364,-20.6298349668464],[116.771873783591,-20.629821578255],[116.771873816367,-20.6297995829054],[116.771873936782,-20.6297187751604],[116.771874084986,-20.6296193189867],[116.771874462615,-20.6293658971655],[116.771874850291,-20.6291057290838],[116.77187542206,-20.6287220094993],[116.771876275887,-20.628148981848],[116.771877217551,-20.6275169818117],[116.771878063898,-20.6269489338032],[116.771877148593,-20.6267869851119],[116.771877088124,-20.6267869850321],[116.771877100758,-20.6267785056781],[116.771877113391,-20.6267700263242],[116.771877096071,-20.6267694109506],[116.77187711156,-20.6267693224184],[116.771877100343,-20.6267684766352],[116.77187706946,-20.6267673010124],[116.771876977336,-20.6267653554427],[116.771876931378,-20.6267646352138],[116.771876836272,-20.6267634025795],[116.77187670303,-20.6267619973076],[116.771876578008,-20.6267608730656],[116.771876458491,-20.6267599196111],[116.771876118257,-20.6267576484182],[116.77187608787,-20.6267574288036],[116.771876032693,-20.6267570980136],[116.771875794724,-20.6267557639876],[116.771875481291,-20.626754186794],[116.771874804198,-20.626751244686],[116.771874369938,-20.6267495932377],[116.771873831323,-20.6267477636426],[116.771873782645,-20.6267475801478],[116.771873731046,-20.6267474246606],[116.771873498007,-20.626746647258],[116.771873163601,-20.6267456185211],[116.771872724949,-20.6267443375424],[116.771872236486,-20.6267429905353],[116.771872028064,-20.6267424399684],[116.771871617867,-20.6267413876378],[116.771871214298,-20.6267403958571],[116.771870675808,-20.6267391264934],[116.771870007117,-20.6267376319617],[116.77186967416,-20.6267369185826],[116.771869349791,-20.6267362395516],[116.771868830175,-20.6267351861729],[116.771868331528,-20.6267342322178],[116.771868199465,-20.6267339681926],[116.771867640504,-20.626732910244],[116.77186670333,-20.6267312355415],[116.771866065695,-20.6267301558026],[116.771865988151,-20.6267300201604],[116.771865788046,-20.6267296855646],[116.771865228864,-20.6267287758059],[116.771864938724,-20.6267283145874],[116.771864605483,-20.6267277918673],[116.771864198489,-20.6267271669431],[116.771863678467,-20.6267263864507],[116.771862777222,-20.6267250768496],[116.771862221669,-20.626724308057],[116.771862132597,-20.6267241796284],[116.771862002322,-20.6267240041582],[116.771861282957,-20.6267230219],[116.771860670742,-20.626722274719],[116.771860106569,-20.6267214932647],[116.771859348742,-20.6267205570392],[116.771859203122,-20.6267203734164],[116.771858789232,-20.6267198668545],[116.771858397362,-20.6267193982729],[116.771857944159,-20.6267188654547],[116.771857125866,-20.6267179273422],[116.771855997029,-20.6267166942465],[116.7718557316,-20.6267163975156],[116.771855210293,-20.6267158347887],[116.771854520289,-20.6267151164201],[116.771853212092,-20.6267137981492],[116.771852086864,-20.6267127195735],[116.771851927765,-20.6267125639444],[116.771851552045,-20.6267122074303],[116.771850836039,-20.6267115477613],[116.771849956098,-20.626710756854],[116.771849024358,-20.6267099441918],[116.771847886478,-20.6267089830673],[116.771846362197,-20.626707747642],[116.771844879045,-20.6267066080525],[116.771844782219,-20.6267065302151],[116.771844391053,-20.6267062333181],[116.771843433236,-20.626705529957],[116.771842086106,-20.6267045739776],[116.771840566321,-20.6267035418679],[116.771839790582,-20.6267030321174],[116.771838118223,-20.6267019745054],[116.771836264538,-20.626700862438],[116.771835508845,-20.626700426809],[116.771834147026,-20.6266996668911],[116.771833482403,-20.6266993072847],[116.771832497436,-20.6266987882217],[116.771831520118,-20.6266982890481],[116.771829889607,-20.626697489017],[116.771828246559,-20.6266967296312],[116.771828159278,-20.6266966870468],[116.771827806303,-20.62669652574],[116.77182626678,-20.6266958568509],[116.771823930066,-20.6266949040824],[116.771822226374,-20.6266942620843],[116.771822131406,-20.6266942249113],[116.771821889664,-20.6266941351358],[116.771819743651,-20.6266933868324],[116.771817347147,-20.6266926219334],[116.771815500289,-20.6266920818529],[116.771812840703,-20.626691378051],[116.771811434102,-20.626691040958],[116.771810441976,-20.6266908173623],[116.77180885972,-20.6266904845553],[116.771807242877,-20.6266901742925],[116.771805407202,-20.6266898592227],[116.771802295155,-20.6266894123487],[116.771800595549,-20.6266892483596],[116.77180009369,-20.6266891618548],[116.771799221276,-20.6266891164261],[116.771796895953,-20.6266888928765],[116.771791873417,-20.6266887398591],[116.771790961652,-20.6266886934748],[116.771790314731,-20.6266886926203],[116.771507412616,-20.6266883186912],[116.771142671189,-20.6266878359063],[116.771119946417,-20.6266878058015],[116.771114459824,-20.626687962084],[116.771107670965,-20.6266886154275],[116.771101932662,-20.626689571061],[116.771097491013,-20.6266905735922],[116.771091791041,-20.6266922123968],[116.771087100771,-20.6266938742254],[116.771081786693,-20.6266961261809],[116.771075807228,-20.6266991715178],[116.771072016402,-20.6267014164554],[116.771067959017,-20.6267041209714],[116.771062844008,-20.6267080403297],[116.771058906412,-20.6267115130632],[116.771054820047,-20.6267156244437],[116.771051771238,-20.62671910468],[116.771048303381,-20.6267236036202],[116.771044841117,-20.6267288552656],[116.771043050216,-20.6267319757293],[116.771040634806,-20.6267367959381],[116.771038262149,-20.6267425523317],[116.77103490186,-20.6267547076061],[116.771033719944,-20.626763941722],[116.771033515791,-20.626770807898],[116.771033383237,-20.6267779344053],[116.771033537768,-20.6267779346101],[116.771032422622,-20.6275980889723],[116.771031663171,-20.6282451874396],[116.771031196912,-20.628642953604],[116.771030666191,-20.629096005433],[116.771030060857,-20.629612410231],[116.77102994414,-20.6297116260842],[116.771029166903,-20.6297352125864],[116.771029656744,-20.6297394908705],[116.77103004282,-20.6297419112187],[116.771030503792,-20.6297443135943],[116.771030762124,-20.6297455075901],[116.771031039662,-20.6297466952863],[116.771031335444,-20.6297478784887],[116.771031813688,-20.629749642043],[116.771032155564,-20.6297508108489],[116.771032514727,-20.6297519733525],[116.771033916806,-20.629755993513],[116.771035290088,-20.629759372984],[116.7710370917,-20.6297632337371],[116.771038803067,-20.6297664663697],[116.771041991545,-20.6297716843586],[116.771044836286,-20.6297756937807],[116.771049165009,-20.6297809458103],[116.77105822062,-20.6297896377785],[116.771114287929,-20.6298327079999],[116.771163729778,-20.6298717122696],[116.771192482587,-20.6298943954362],[116.771208495999,-20.6299070290727],[116.771216166676,-20.6299130806909],[116.771219177999,-20.629915456625],[116.771223029826,-20.6299174053665],[116.771226998526,-20.6299195060672],[116.771232945503,-20.6299222256419],[116.771237912734,-20.6299241315839],[116.77124298789,-20.6299257548424],[116.77125057175,-20.6299276000937],[116.771257085613,-20.6299286487612],[116.771262859259,-20.6299291732649],[116.77128062479,-20.6299293386534],[116.771327690713,-20.6299294009653],[116.771793871681,-20.629929779816],[116.771802509895,-20.6299287566075],[116.771809836769,-20.6299272175188],[116.771814921314,-20.6299257658275],[116.77182084095,-20.6299236529016],[116.771824669316,-20.6299220278671],[116.771830220362,-20.6299192765135],[116.771833785381,-20.6299172418008],[116.771837235448,-20.6299150524209],[116.771842981565,-20.6299108646031],[116.771847590845,-20.6299069310019],[116.771851196452,-20.629903423477],[116.771855221983,-20.629898955078],[116.771858314699,-20.6298950267023],[116.771862223183,-20.6298892334732],[116.771865160406,-20.6298840154572],[116.771868081092,-20.629877657078]],[[116.772721756002,-20.627902921361],[116.772721213616,-20.6279029757669],[116.77272067027,-20.6279030301716],[116.772720129794,-20.6279030909052],[116.772719588358,-20.6279031516376],[116.772719049791,-20.6279032196026],[116.772718510265,-20.6279032866626],[116.77271797361,-20.6279033600517],[116.772717436954,-20.6279034334407],[116.772716902209,-20.6279035131575],[116.772716367464,-20.6279035928742],[116.772715834631,-20.6279036780151],[116.772715301796,-20.6279037640595],[116.772714771831,-20.6279038564329],[116.772714241868,-20.6279039479028],[116.772713712855,-20.627904045699],[116.772713184801,-20.6279041434965],[116.772712659618,-20.627904247623],[116.772712133475,-20.6279043517482],[116.772711610203,-20.6279044622024],[116.772711086931,-20.627904571753],[116.77271056557,-20.6279046876313],[116.772709525718,-20.6279049257168],[116.772709007227,-20.627905047924],[116.772707975027,-20.627905303188],[116.772706947609,-20.6279055711086],[116.772705925933,-20.62790584988],[116.77270490904,-20.6279061395008],[116.772703896927,-20.6279064417783],[116.772702890558,-20.6279067549066],[116.772701889931,-20.6279070788855],[116.772700895046,-20.6279074146188],[116.772699904944,-20.6279077612016],[116.772699413244,-20.6279079403708],[116.772698921543,-20.62790811954],[116.772698432714,-20.6279083041345],[116.772697942927,-20.6279084878242],[116.772696971012,-20.627908867864],[116.772696487927,-20.6279090624057],[116.772696004841,-20.627909257851],[116.772695524627,-20.6279094587216],[116.772695044413,-20.6279096586887],[116.772694090687,-20.627910071282],[116.772693142706,-20.6279104929188],[116.772692201426,-20.6279109263113],[116.77269173366,-20.6279111470775],[116.772691266852,-20.6279113687485],[116.772690801956,-20.6279115958437],[116.772690338021,-20.6279118220365],[116.772689876956,-20.6279120545583],[116.772689415893,-20.6279122861765],[116.77268895866,-20.6279125232213],[116.772688500468,-20.6279127602649],[116.772688046108,-20.6279130018314],[116.772687346792,-20.6279133777119],[116.772686690692,-20.6279137373845],[116.77268579538,-20.6279142413181],[116.772684907732,-20.6279147552013],[116.772684026787,-20.6279152790329],[116.772683153508,-20.6279158119107],[116.772682286933,-20.6279163547368],[116.772681428023,-20.627916906609],[116.772680576777,-20.6279174684308],[116.772679314279,-20.6279183288027],[116.772678481235,-20.627918914142],[116.772678067111,-20.6279192081703],[116.772677246524,-20.62791980708],[116.772676432644,-20.6279204141309],[116.772675628348,-20.627921031134],[116.772675229553,-20.627921344158],[116.772674830759,-20.6279216562784],[116.772674041794,-20.6279222904701],[116.772673260495,-20.6279229337078],[116.772672488782,-20.6279235850905],[116.77267210628,-20.6279239144007],[116.772671723776,-20.6279242446145],[116.772670968355,-20.627924913187],[116.77267022156,-20.6279255899033],[116.772669482432,-20.6279262747621],[116.772668752888,-20.6279269686694],[116.772668031972,-20.6279276698169],[116.772667319682,-20.6279283800117],[116.772666967851,-20.6279287382774],[116.772666268981,-20.6279294602366],[116.772665579698,-20.6279301894373],[116.772665237453,-20.627930555848],[116.77266456159,-20.6279312968131],[116.772663895314,-20.6279320459232],[116.772663237665,-20.6279328022734],[116.772662590564,-20.6279335658663],[116.77266195209,-20.6279343366994],[116.772661324163,-20.6279351156787],[116.772660704864,-20.6279359009945],[116.772660096112,-20.6279366944567],[116.772659497908,-20.6279374942578],[116.772658908332,-20.6279383012992],[116.772658330263,-20.6279391155845],[116.772657760824,-20.6279399362062],[116.772657202891,-20.627940764072],[116.772656654548,-20.6279415982755],[116.772656116752,-20.6279424397217],[116.772655853129,-20.6279428631626],[116.772655589504,-20.627943287507],[116.772655331636,-20.6279437136662],[116.772655072807,-20.6279441407278],[116.772654820691,-20.6279445714125],[116.772654567617,-20.6279450011925],[116.772654072016,-20.627945867995],[116.772653587923,-20.6279467411378],[116.772653114381,-20.6279476197161],[116.772652652346,-20.6279485055383],[116.772652200862,-20.6279493958924],[116.772651760886,-20.6279502934905],[116.77265133242,-20.6279511956217],[116.772650915464,-20.6279521040932],[116.772650509056,-20.6279530189038],[116.772650115119,-20.6279539382488],[116.772649923425,-20.627954400639],[116.772649731731,-20.6279548639329],[116.772649360814,-20.6279557941513],[116.772648827936,-20.6279572012568],[116.772648486754,-20.6279581450683],[116.772647995124,-20.6279595693964],[116.772647683678,-20.6279605258975],[116.772647384701,-20.6279614878366],[116.772647098197,-20.6279624534065],[116.772646824162,-20.6279634244144],[116.772646561638,-20.6279644008591],[116.772646312545,-20.6279653809358],[116.772646075924,-20.6279663655469],[116.772645851773,-20.627967355596],[116.772645641053,-20.6279683492772],[116.772645442805,-20.6279693474929],[116.77264525703,-20.6279703493393],[116.772645006189,-20.6279718607297],[116.772644925772,-20.6279723657355],[116.772644780291,-20.6279733802853],[116.772644714266,-20.6279738898281],[116.772644648242,-20.6279743984672],[116.772644528663,-20.6279754211835],[116.772644423479,-20.6279764466296],[116.772644331725,-20.6279774766113],[116.772644253405,-20.6279785093215],[116.772644188517,-20.6279795456637],[116.77264411997,-20.627981106992],[116.772644069278,-20.6279842180154],[116.772644019507,-20.6280177342311],[116.772586427695,-20.6280176584265],[116.772586467184,-20.6279910727991],[116.772586477478,-20.6279841422111],[116.772585098226,-20.6279763685434],[116.772584996088,-20.6279753428245],[116.772584880508,-20.6279743197987],[116.772584750524,-20.6279733012719],[116.772584608056,-20.6279722863431],[116.772584452144,-20.6279712759145],[116.77258428279,-20.6279702690827],[116.77258410095,-20.6279692667524],[116.772583905668,-20.6279682680188],[116.772583696941,-20.6279672737855],[116.772583475732,-20.6279662831502],[116.772583242036,-20.62796529792],[116.772582995856,-20.6279643171914],[116.772582737192,-20.6279633400608],[116.772582465083,-20.627962368334],[116.772582181448,-20.6279614020137],[116.77258188533,-20.6279604392913],[116.772581576726,-20.6279594819741],[116.772581256596,-20.6279585300633],[116.772580923981,-20.627957582654],[116.772580578881,-20.6279566406499],[116.772580222255,-20.6279557031486],[116.772579854103,-20.6279547719574],[116.772579474426,-20.6279538452689],[116.772579082261,-20.6279529248892],[116.772578679532,-20.6279520090136],[116.772578264315,-20.6279510994468],[116.772577838532,-20.6279501961912],[116.772577401223,-20.6279492974384],[116.772576952385,-20.6279484058993],[116.772576492983,-20.6279475188642],[116.772576022052,-20.6279466390428],[116.772575540555,-20.627945764629],[116.772575048491,-20.6279448965265],[116.772574544899,-20.627944034734],[116.772574030738,-20.6279431801564],[116.772573506011,-20.6279423309865],[116.772572970716,-20.6279414881279],[116.772572425812,-20.6279406524854],[116.772571869381,-20.6279398231529],[116.772571303341,-20.6279390010365],[116.772570726734,-20.6279381852314],[116.772570140517,-20.6279373766425],[116.772569543732,-20.6279365752684],[116.772568937338,-20.6279357802069],[116.772568321335,-20.6279349932651],[116.772567694764,-20.6279342126346],[116.772567059542,-20.627933440125],[116.772566413751,-20.6279326748304],[116.772565759312,-20.6279319167531],[116.772565095263,-20.627931165892],[116.772564421604,-20.6279304231506],[116.772563738334,-20.627929688529],[116.772563046415,-20.6279289611247],[116.772562345846,-20.6279282418414],[116.772561635668,-20.6279275297743],[116.772560915878,-20.6279268267306],[116.772560188398,-20.6279261309054],[116.772559452267,-20.6279254441049],[116.772558706525,-20.6279247654241],[116.772557191008,-20.6279234333316],[116.772555641848,-20.6279221346279],[116.77255485381,-20.6279214983606],[116.772554059041,-20.6279208711203],[116.77255365733,-20.6279205615607],[116.772552850063,-20.627919947858],[116.772552444507,-20.6279196428113],[116.772551624743,-20.6279190417425],[116.772550798245,-20.6279184506044],[116.772549963095,-20.6279178684909],[116.772549121214,-20.6279172954045],[116.772547413413,-20.6279161772116],[116.772546549413,-20.6279156321077],[116.77254567676,-20.6279150969319],[116.772544798335,-20.6279145707845],[116.772543018405,-20.6279135482781],[116.772542117858,-20.6279130528239],[116.772541210579,-20.6279125663969],[116.772540296566,-20.6279120899005],[116.772539376779,-20.6279116233362],[116.772537515082,-20.6279107227079],[116.772536102211,-20.6279100747745],[116.772534675871,-20.6279094476062],[116.772533716638,-20.6279090442418],[116.772532751629,-20.6279086517129],[116.772531780847,-20.6279082691161],[116.772530312162,-20.6279077177942],[116.772528832887,-20.6279071881448],[116.772527838043,-20.6279068497926],[116.772526335665,-20.6279063652926],[116.772525832947,-20.6279062074045],[116.772524822697,-20.6279059024651],[116.772523806668,-20.6279056101685],[116.772522784864,-20.6279053287074],[116.772521758245,-20.6279050580832],[116.772520726809,-20.627904800103],[116.772519169541,-20.6279044357094],[116.77251760264,-20.6279040957002],[116.772515496415,-20.6279036863073],[116.772512302869,-20.6279031634364],[116.772509611058,-20.6279028138134],[116.772508334685,-20.6279026756892],[116.772095161349,-20.6279026208583],[116.772095164169,-20.6279026606203],[116.772061844603,-20.6279026166606],[116.77202956521,-20.6279021195569],[116.772023135844,-20.627903037261],[116.772015842538,-20.6279046604389],[116.772006837844,-20.6279075771183],[116.772001096333,-20.6279100155823],[116.771995584626,-20.6279128266321],[116.771992921674,-20.6279143682711],[116.771989470694,-20.6279165576538],[116.77198452225,-20.6279201203371],[116.771980618623,-20.6279233338031],[116.771977647723,-20.627926057846],[116.771974816764,-20.6279289121918],[116.771972789166,-20.6279311350789],[116.771969599659,-20.6279349901386],[116.771967803116,-20.6279373904359],[116.771965549317,-20.6279406874031],[116.771964484266,-20.6279423766302],[116.77196248267,-20.6279458302529],[116.771959809226,-20.6279511931961],[116.771957548205,-20.627956760897],[116.771955456305,-20.6279634899453],[116.771954746426,-20.6279664446793],[116.771953542864,-20.6279734875454],[116.771952964589,-20.6279828146306],[116.771952714796,-20.6281505176849],[116.771951871939,-20.628716372588],[116.771951853243,-20.6287289244507],[116.771951948852,-20.6287401301024],[116.77195282066,-20.6287483223741],[116.771954807695,-20.6287572299608],[116.771957050506,-20.6287638951535],[116.771960320362,-20.6287711933174],[116.771964302027,-20.6287781101986],[116.771967729009,-20.6287830239732],[116.771971513431,-20.6287876825011],[116.771976356872,-20.6287927725398],[116.771981631875,-20.6287974637574],[116.771985648031,-20.6288005566547],[116.771993361543,-20.6288055438565],[116.771999757742,-20.6288088766376],[116.772005492003,-20.6288113293434],[116.772011439929,-20.6288133919765],[116.772016546095,-20.6288147983895],[116.772020720988,-20.628815713823],[116.772027121608,-20.6288167225535],[116.772032569872,-20.6288172185902],[116.772355875214,-20.6288178048752],[116.772422147127,-20.6288178930979],[116.772426902397,-20.6288177385219],[116.772433430213,-20.6288171227347],[116.772438755712,-20.6288162650062],[116.772442933313,-20.6288153605856],[116.772450050654,-20.6288133296354],[116.772454969604,-20.628811541568],[116.77246160264,-20.6288085865017],[116.772465249993,-20.6288066711589],[116.772468787199,-20.6288045975412],[116.772471363948,-20.6288029410246],[116.772474694224,-20.6288006014762],[116.772479451997,-20.6287968243754],[116.772483187917,-20.6287934408012],[116.772486703378,-20.6287898527233],[116.772489988763,-20.6287860718758],[116.772492442963,-20.6287829143202],[116.772495286343,-20.6287788103058],[116.772497868894,-20.6287745405894],[116.77250018004,-20.6287701160001],[116.772501825821,-20.6287664703401],[116.772503945832,-20.6287608391949],[116.772505379329,-20.6287560086376],[116.772506299922,-20.6287520602206],[116.772507292746,-20.6287460101285],[116.772507609266,-20.6287429328886],[116.772507875856,-20.6287334084072],[116.772508020397,-20.628636134404],[116.772565612442,-20.6286362102368],[116.772565468505,-20.6287331020189],[116.772565522717,-20.6287398989587],[116.772565706225,-20.6287430093866],[116.7725660136,-20.628746087448],[116.772566286052,-20.6287481209035],[116.77256661132,-20.6287501381637],[116.772566988442,-20.628752140131],[116.772567418382,-20.6287541240959],[116.772567898258,-20.6287560909582],[116.772568429035,-20.6287580389119],[116.772569317396,-20.6287609252717],[116.772570315245,-20.6287637674993],[116.772571040026,-20.6287656361917],[116.772572214605,-20.6287683982317],[116.772573055608,-20.6287702119576],[116.772574872097,-20.6287737691059],[116.772576863422,-20.6287772279919],[116.772578468357,-20.6287797547592],[116.772579590835,-20.6287814062079],[116.772581956851,-20.6287846270372],[116.77258448045,-20.6287877333169],[116.772586472611,-20.6287899840927],[116.772588549339,-20.6287921663064],[116.772591441976,-20.6287949631375],[116.772595253378,-20.6287982726148],[116.772597638659,-20.6288001552397],[116.772599269546,-20.6288013654979],[116.772600931202,-20.6288025396526],[116.7726034809,-20.628804230931],[116.772606095995,-20.6288058364536],[116.772607875936,-20.6288068589593],[116.772609683772,-20.6288078417435],[116.77261244507,-20.6288092396308],[116.772615266016,-20.6288105454295],[116.772618142772,-20.6288117564237],[116.77262206154,-20.6288132190863],[116.772626071755,-20.6288145047638],[116.772630167668,-20.6288156071235],[116.772633291856,-20.6288163115244],[116.772636458438,-20.6288169075492],[116.77264074319,-20.62881753125],[116.772645093511,-20.6288179535345],[116.772651415604,-20.6288181976941],[116.772805660379,-20.6288184024294],[116.772960732538,-20.6288186063071],[116.772960769051,-20.6288185801507],[116.772964083573,-20.6288184453527],[116.77296953233,-20.6288179636669],[116.772973818917,-20.6288173512389],[116.772976987255,-20.6288167635457],[116.772980113522,-20.6288160673652],[116.772984211731,-20.6288149757822],[116.772987230856,-20.6288140363928],[116.772991177881,-20.6288126274479],[116.772995030139,-20.6288110448874],[116.772997854949,-20.6288097465139],[116.773001529111,-20.6288078718569],[116.773004213141,-20.6288063600489],[116.77300683395,-20.6288047614125],[116.773009388658,-20.6288030768472],[116.773011053792,-20.6288019070678],[116.773014290158,-20.6287994589538],[116.773016633102,-20.6287975310421],[116.773018900334,-20.6287955253215],[116.77302108897,-20.6287934454025],[116.773023883498,-20.628790559366],[116.773025883291,-20.6287883138403],[116.773027168871,-20.6287867785082],[116.773029624019,-20.6287836209461],[116.773032466426,-20.6287795169215],[116.773034048169,-20.628776974466],[116.773036006597,-20.6287734954738],[116.773038206475,-20.6287690110935],[116.773040467468,-20.6287634442823],[116.773042559332,-20.6287567152211],[116.773043678158,-20.6287517685851],[116.773044340666,-20.6287477348878],[116.773044789223,-20.6287436394647],[116.773045050924,-20.6287373905207],[116.773045068857,-20.6287252931663],[116.773045152143,-20.6286691102258],[116.773045273972,-20.6285869271892],[116.773045444087,-20.6284721703888],[116.7730455699,-20.6283872982461],[116.773045593805,-20.6283711726564],[116.773104233891,-20.6283712496857],[116.77310407314,-20.6284797183574],[116.773103789686,-20.6286709799924],[116.773103749382,-20.6286981755466],[116.773103721336,-20.6287170995752],[116.773103695825,-20.6287343130949],[116.773103739646,-20.6287403654559],[116.773103788805,-20.628741521223],[116.773103854285,-20.6287426743009],[116.773103893745,-20.628743249945],[116.773104037087,-20.6287449723922],[116.773104217874,-20.6287466876598],[116.77310451589,-20.6287489642161],[116.773106079354,-20.6287568113126],[116.773107327367,-20.6287611945013],[116.773108830824,-20.6287654912801],[116.773110352472,-20.6287691718285],[116.77311258782,-20.6287737831173],[116.773114250625,-20.6287767753089],[116.773117322636,-20.6287816000421],[116.773120046928,-20.6287853029527],[116.773123392777,-20.6287892886024],[116.773125376493,-20.6287914137607],[116.773127450532,-20.628793473075],[116.773129172974,-20.6287950837426],[116.77313229698,-20.6287978555678],[116.773135548873,-20.6288004730456],[116.773138431968,-20.6288025912525],[116.773141398745,-20.6288045911979],[116.773145478225,-20.6288070697045],[116.773148624912,-20.6288087852525],[116.77315238379,-20.6288106272045],[116.773156787607,-20.628812517894],[116.773161865293,-20.6288143660956],[116.773167644846,-20.6288160625105],[116.773172358932,-20.6288171430791],[116.773179558902,-20.62881828926],[116.773183817113,-20.62881868882],[116.773186880677,-20.6288188509721],[116.773190482866,-20.6288189081104],[116.773252344336,-20.6288189893203],[116.773593106496,-20.6288194362655],[116.773596441056,-20.6288193809983],[116.773600838457,-20.6288191238143],[116.773603014715,-20.6288189179352],[116.773607317542,-20.6288183561143],[116.773609444111,-20.6288180001726],[116.773612598103,-20.6288173763049],[116.773616737443,-20.6288163778314],[116.773620794511,-20.6288151940123],[116.773625742162,-20.628813460165],[116.773629594414,-20.6288118775903],[116.773634269224,-20.6288096617672],[116.773640531623,-20.6288061369026],[116.773647252498,-20.6288015337418],[116.773652716791,-20.6287970346553],[116.773655653173,-20.628794278009],[116.773659123551,-20.6287906509932],[116.773662360971,-20.6287868330128],[116.7736659243,-20.6287820115613],[116.773668612304,-20.6287778070243],[116.773671924202,-20.6287716551461],[116.773673953338,-20.6287670846919],[116.773675689923,-20.6287623783147],[116.773677123384,-20.6287575477473],[116.773678242189,-20.628752601107],[116.773679036724,-20.6287475492245],[116.773679353221,-20.6287444719822],[116.773679583961,-20.6287403193453],[116.773679618263,-20.6287359450693],[116.773679839922,-20.6285859994922],[116.773679892934,-20.6285501384424],[116.773680599757,-20.6280719838692],[116.773680703473,-20.6279829903767],[116.773680622088,-20.6279809065715],[116.773680560271,-20.6279798700628],[116.773680485011,-20.6279788371509],[116.77368039631,-20.6279778069322],[116.773680294164,-20.6279767812138],[116.773680177617,-20.6279757581874],[116.773680048585,-20.6279747396626],[116.77367990611,-20.6279737247346],[116.773679749232,-20.6279727143058],[116.773679580829,-20.6279717074762],[116.773679398023,-20.6279707051457],[116.773679202734,-20.6279697064133],[116.77367899496,-20.6279687121825],[116.773678656411,-20.6279672289335],[116.773678293853,-20.6279657555927],[116.773677763066,-20.6279638067385],[116.773677479424,-20.6279628404199],[116.773677183299,-20.6279618776993],[116.773676874688,-20.627960920384],[116.773676553591,-20.6279599684739],[116.77367622097,-20.6279590210667],[116.773675876823,-20.627958079066],[116.773675520191,-20.6279571415669],[116.773675152032,-20.6279562103779],[116.773674380177,-20.6279543633146],[116.773673562218,-20.6279525378772],[116.773673136427,-20.6279516346242],[116.773672699112,-20.6279507358742],[116.77367179086,-20.6279489573056],[116.773670838419,-20.6279472030763],[116.77366984275,-20.6279454731875],[116.77366880385,-20.6279437694465],[116.773668268549,-20.6279429265912],[116.773667167202,-20.627941261623],[116.773666601156,-20.6279404395102],[116.773665437361,-20.6279388151222],[116.773664841529,-20.6279380137531],[116.773663618161,-20.6279364317562],[116.773662356357,-20.627934878624],[116.773661056116,-20.6279333552602],[116.773660392062,-20.6279326044033],[116.773659718397,-20.6279318616661],[116.773659036082,-20.62793112705],[116.773657642624,-20.62792968037],[116.773656213605,-20.6279282652693],[116.773654749024,-20.6279268826516],[116.773654004237,-20.6279262039767],[116.7736532508,-20.6279255334229],[116.773651717971,-20.6279242184856],[116.773650151499,-20.6279229369374],[116.7736485533,-20.627921690588],[116.773645260758,-20.6279193070985],[116.773643568334,-20.627918169961],[116.773641846099,-20.6279170707355],[116.773640095014,-20.6279160094234],[116.773638315076,-20.6279149869282],[116.773636508202,-20.6279140050596],[116.773634673436,-20.6279130620092],[116.773632812692,-20.6279121613939],[116.773631872701,-20.6279117255312],[116.773630925973,-20.6279113014065],[116.773629014236,-20.6279104829518],[116.773627078439,-20.6279097078383],[116.773624129512,-20.6279086268844],[116.773621130524,-20.6279076461643],[116.773618082435,-20.6279067674865],[116.77361498812,-20.6279059926619],[116.773610793974,-20.6279051251325],[116.773607599463,-20.6279046022805],[116.773604367356,-20.6279041905218],[116.773601098606,-20.6279038925685],[116.773598347959,-20.6279037344483],[116.773309572365,-20.6279032970209],[116.773189986087,-20.6279031328282],[116.773188534784,-20.6279031571271],[116.77318742804,-20.6279031954324],[116.773186325117,-20.6279032463931],[116.773184676936,-20.6279033463358],[116.773183038306,-20.627903477917],[116.773181950663,-20.6279035813064],[116.773180325405,-20.6279037571815],[116.773179247313,-20.6279038922094],[116.773177104513,-20.6279041984267],[116.773176571679,-20.6279042835689],[116.773174977957,-20.6279045534596],[116.773173921851,-20.6279047490575],[116.773172870526,-20.627904957312],[116.773171823982,-20.6279051773195],[116.773170781259,-20.6279054099825],[116.773169744279,-20.6279056534961],[116.773168712081,-20.6279059087629],[116.773167684663,-20.6279061766862],[116.773166662988,-20.6279064554603],[116.773165646096,-20.6279067450839],[116.773164633984,-20.6279070473641],[116.773163627616,-20.627907360495],[116.77316262699,-20.6279076844767],[116.773161632106,-20.6279080202126],[116.773159658605,-20.6279087251391],[116.77315867999,-20.6279090934259],[116.773157708076,-20.6279094734683],[116.773156741906,-20.6279098634579],[116.77315578148,-20.6279102642982],[116.773154827754,-20.627910676894],[116.773153879775,-20.6279110985334],[116.773152938496,-20.6279115319284],[116.773152002964,-20.6279119743669],[116.773151075094,-20.6279124276586],[116.773150152966,-20.627912891801],[116.773149237543,-20.6279133658919],[116.773148328824,-20.6279138499311],[116.773147426811,-20.6279143430151],[116.77314653246,-20.6279148469523],[116.773145644813,-20.6279153608379],[116.77314476387,-20.627915884672],[116.773143890592,-20.627916417552],[116.773143024019,-20.6279169603805],[116.77314216511,-20.627917512255],[116.773141312906,-20.6279180740778],[116.773140469327,-20.627918644948],[116.773139632454,-20.627919224863],[116.773138804205,-20.6279198138253],[116.77313798266,-20.627920412736],[116.773137169742,-20.6279210197903],[116.773136364488,-20.6279216367944],[116.773134778898,-20.6279228961359],[116.77313322493,-20.6279241907593],[116.773132460885,-20.6279248502866],[116.773131705466,-20.6279255188611],[116.773130219547,-20.6279268804402],[116.773129490006,-20.6279275743495],[116.773128769092,-20.6279282754989],[116.773128056803,-20.6279289856956],[116.773127704974,-20.6279293439623],[116.773126659068,-20.6279304287143],[116.773125974581,-20.6279311615375],[116.773125298721,-20.6279319025045],[116.773124631486,-20.6279326516151],[116.7731239748,-20.6279334079684],[116.773123327701,-20.627934171563],[116.773122689229,-20.6279349423978],[116.773122061304,-20.6279357213788],[116.773121442008,-20.6279365066963],[116.773120833258,-20.6279373001601],[116.773120234097,-20.6279380999617],[116.773119645483,-20.6279389070058],[116.773119066457,-20.6279397212914],[116.77311849798,-20.627940541916],[116.77311794005,-20.6279413697833],[116.773117391709,-20.6279422039883],[116.773116853915,-20.6279430454359],[116.77311632667,-20.6279438932227],[116.773115809976,-20.6279447464448],[116.773115304788,-20.6279456069109],[116.77311480919,-20.6279464737147],[116.7731143251,-20.6279473468589],[116.77311385156,-20.6279482254385],[116.773113389527,-20.6279491112619],[116.773112938046,-20.6279500016173],[116.773112498073,-20.6279508992165],[116.77311206961,-20.6279518013489],[116.773111651696,-20.6279527098203],[116.773111246251,-20.6279536246332],[116.773110660625,-20.6279550063701],[116.773110098017,-20.6279563998839],[116.773109738611,-20.6279573364437],[116.773109390717,-20.6279582775366],[116.773109055292,-20.6279592240675],[116.773108732339,-20.6279601751327],[116.773108420895,-20.6279611316347],[116.773108121922,-20.6279620935746],[116.77310783542,-20.6279630591453],[116.773107561389,-20.627964030154],[116.773107298867,-20.6279650065994],[116.773107049778,-20.6279659866768],[116.773106854688,-20.6279667987558],[116.773106589011,-20.6279679613383],[116.773106378295,-20.6279689550201],[116.773106180049,-20.6279699532363],[116.773105994277,-20.6279709550832],[116.773105821935,-20.6279719614658],[116.773105663026,-20.6279729714804],[116.773105517547,-20.6279739860306],[116.773105385501,-20.6279750042129],[116.773105265926,-20.6279760269296],[116.773105160744,-20.6279770523759],[116.773105068993,-20.6279780823579],[116.773104990676,-20.6279791150683],[116.773104958233,-20.6279796336914],[116.773104914896,-20.6279803791033],[116.773104906978,-20.6279805408371],[116.773104888186,-20.6279809149023],[116.773104868279,-20.627981394687],[116.773104833098,-20.6279824654052],[116.77310482073,-20.6279830391741],[116.773104806567,-20.6279848237629],[116.773104756897,-20.6280183399796],[116.773047164122,-20.6280182643275],[116.77304718381,-20.6280049832601],[116.773047211311,-20.6279864306084],[116.773046108665,-20.6279811141924],[116.773046061255,-20.627980074088],[116.773045999442,-20.6279790375791],[116.773045905317,-20.6279777841641],[116.77304583549,-20.627976974448],[116.77304578442,-20.6279764611368],[116.773045675557,-20.6279754372165],[116.773045577916,-20.6279746130063],[116.773045487778,-20.6279739071773],[116.773045345307,-20.6279728922488],[116.773045189392,-20.6279718818207],[116.773045020035,-20.6279708749893],[116.773044837232,-20.6279698726582],[116.773044641947,-20.6279688739251],[116.773044434177,-20.6279678796936],[116.773044323571,-20.6279673843762],[116.773044212964,-20.6279668890588],[116.773043979266,-20.6279659038292],[116.773043733083,-20.6279649231013],[116.773043474416,-20.6279639459713],[116.773043202304,-20.6279629742452],[116.773042918666,-20.6279620079256],[116.773042622545,-20.627961045204],[116.773042313938,-20.6279600878875],[116.773041993805,-20.6279591359776],[116.773041661188,-20.6279581885692],[116.773041316084,-20.627957246566],[116.773040959456,-20.6279563090656],[116.773040591301,-20.6279553778753],[116.773040211621,-20.6279544511879],[116.773039819454,-20.6279535308092],[116.773039416722,-20.6279526149346],[116.773039001503,-20.6279517053689],[116.773038575716,-20.6279508021144],[116.773038138404,-20.6279499033628],[116.773037689564,-20.6279490118248],[116.773037230159,-20.6279481247909],[116.773036759226,-20.6279472449707],[116.773036277726,-20.6279463705582],[116.773035784699,-20.6279455024558],[116.773035282064,-20.6279446406659],[116.773034767901,-20.6279437860896],[116.773034243171,-20.6279429369211],[116.773033707874,-20.6279420940638],[116.773033162008,-20.6279412584215],[116.773032606534,-20.6279404290917],[116.773032040492,-20.6279396069768],[116.773031463882,-20.6279387911732],[116.773030877663,-20.6279379825858],[116.773030280875,-20.6279371812133],[116.773029674479,-20.6279363861534],[116.773029057513,-20.627935599212],[116.7730284319,-20.6279348185844],[116.773027795716,-20.6279340460752],[116.773027150883,-20.6279332807835],[116.773026496441,-20.627932522708],[116.77302583143,-20.6279317718474],[116.773025157768,-20.6279310291078],[116.773024475456,-20.6279302944892],[116.773023783535,-20.6279295670868],[116.773023082004,-20.6279288478041],[116.773022371823,-20.6279281357389],[116.773021652991,-20.6279274326982],[116.773020925509,-20.627926736875],[116.773020189376,-20.6279260500764],[116.773019443632,-20.6279253713976],[116.773018690198,-20.6279247008411],[116.773017928111,-20.6279240393091],[116.773017157374,-20.6279233858982],[116.773016377987,-20.6279227406083],[116.773015590907,-20.6279221043443],[116.773014796136,-20.6279214771061],[116.773013992714,-20.627920857989],[116.773013181598,-20.6279202488013],[116.773012361832,-20.6279196477347],[116.773011535333,-20.6279190565988],[116.773010700182,-20.6279184744875],[116.773009858298,-20.6279179014034],[116.773009007763,-20.6279173373438],[116.773008150494,-20.627916783215],[116.773007286492,-20.6279162381133],[116.773006413838,-20.6279157029399],[116.773005534451,-20.6279151767936],[116.773004648331,-20.627914660578],[116.773003755478,-20.6279141542931],[116.773002854929,-20.6279136588414],[116.773001947648,-20.6279131724167],[116.773001033634,-20.6279126959228],[116.773000112887,-20.6279122293596],[116.772999186364,-20.627911773632],[116.772998252146,-20.6279113287375],[116.772997312156,-20.6279108928714],[116.77299636543,-20.6279104687432],[116.772995412932,-20.6279100536434],[116.772994453697,-20.6279096502815],[116.772993488687,-20.6279092577552],[116.772992517904,-20.6279088751609],[116.772991540384,-20.6279085043045],[116.772990558051,-20.6279081433814],[116.772989568981,-20.6279077941963],[116.772988575096,-20.6279074558479],[116.772987575434,-20.6279071292387],[116.772986569998,-20.6279068134652],[116.772985558786,-20.6279065085272],[116.772984542757,-20.6279062162333],[116.772983521912,-20.6279059347762],[116.772982495292,-20.6279056641547],[116.772981463854,-20.6279054061773],[116.7729804276,-20.6279051599403],[116.772979385571,-20.6279049245389],[116.772978339683,-20.6279047017828],[116.77297728898,-20.6279044907671],[116.772975173119,-20.6279041057643],[116.772974107963,-20.6279039317772],[116.77297303895,-20.6279037695318],[116.772971966079,-20.6279036199317],[116.772970888391,-20.627903482072],[116.772969806844,-20.6279033577613],[116.772968721439,-20.6279032460958],[116.772967631217,-20.6279031461708],[116.772966538095,-20.6279030597959],[116.772965441116,-20.6279029860664],[116.772964339318,-20.6279029249809],[116.772962680823,-20.6279028604529],[116.772962543625,-20.6279028214179],[116.772893083553,-20.6279027256001],[116.772724512005,-20.6279027036051],[116.77272393989,-20.6279027408036],[116.772722846516,-20.6279028243034],[116.77272230126,-20.6279028723804],[116.772721756002,-20.627902921361]]]},"properties":{"OBJECTID":116,"Layer":"INTERNAL ROADS","RefName":" ","Area_ha":3.3923632291659596,"Shape__Area":33923.63330078125,"Shape__Length":8157.540045543813}},{"type":"Feature","id":117,"geometry":{"type":"Polygon","coordinates":[[[116.776517761397,-20.6302693413377],[116.776511100611,-20.6302696173536],[116.776506749021,-20.6302700282824],[116.776502462407,-20.6302706407977],[116.776500345389,-20.6302710202808],[116.776499294051,-20.6302712285554],[116.776496167772,-20.6302719238956],[116.776492068587,-20.630273016464],[116.776487065412,-20.6302746382749],[116.776483165285,-20.6302761350092],[116.776478426313,-20.6302782460086],[116.776475660881,-20.6302796366828],[116.776472067176,-20.6302816325997],[116.776469447337,-20.6302832312899],[116.776466892642,-20.6302849159061],[116.776463593055,-20.6302872917149],[116.776461202214,-20.630289168106],[116.77645812879,-20.6302917908898],[116.776454479187,-20.630295256889],[116.776451721122,-20.6302981746539],[116.776448483739,-20.6303019926863],[116.776445947718,-20.6303053489838],[116.77644436254,-20.6303076420727],[116.776442750151,-20.6303101646404],[116.776441232701,-20.6303127460648],[116.776440275094,-20.6303144978068],[116.776438921645,-20.6303171707069],[116.776438075293,-20.6303189822303],[116.776437669862,-20.6303198961473],[116.776436162279,-20.6303236079864],[116.77643547899,-20.6303254956231],[116.776434844623,-20.6303274041059],[116.776434545667,-20.6303283651478],[116.776433473588,-20.6303322591738],[116.776433012858,-20.6303342329404],[116.776432602974,-20.6303362248448],[116.776432245856,-20.6303382339858],[116.77643180852,-20.6303412767399],[116.776431492076,-20.6303443539871],[116.77643132416,-20.6303469434833],[116.776431820096,-20.6303550394649],[116.776431233972,-20.6304264437767],[116.776430714196,-20.6308835591533],[116.77642944096,-20.6320024401163],[116.776428999616,-20.6323907013156],[116.776428057126,-20.6332193115078],[116.776427947577,-20.6333153394658],[116.776427949006,-20.6333156756062],[116.776427964319,-20.6333170201802],[116.776428002675,-20.6333183611697],[116.77642810245,-20.6333203672871],[116.776428223841,-20.6333220327758],[116.776428315493,-20.6333230286597],[116.776428417706,-20.6333240227501],[116.776428534322,-20.6333250141484],[116.77642866246,-20.6333260028508],[116.77642880404,-20.6333269888597],[116.776428904827,-20.6333276450026],[116.776429065611,-20.6333286265184],[116.776429300793,-20.6333299307151],[116.776429518036,-20.6333310306754],[116.776429626698,-20.6333315530959],[116.776429765895,-20.6333321993488],[116.77642998525,-20.6333331673865],[116.776430259079,-20.633334299046],[116.776430545415,-20.6333354108425],[116.776430805103,-20.633336366282],[116.776430895827,-20.6333366835625],[116.77643117184,-20.6333376345051],[116.77643166003,-20.6333392101088],[116.776431968694,-20.6333401502506],[116.776432180872,-20.6333407749116],[116.776432621554,-20.6333420188333],[116.776432967671,-20.6333429463731],[116.77643369256,-20.6333447879411],[116.776434029248,-20.6333455998082],[116.77643446451,-20.633346611498],[116.776435006034,-20.6333478166955],[116.77643528448,-20.6333484161416],[116.776435711273,-20.6333493112563],[116.77643607303,-20.6333500454463],[116.77643644917,-20.6333507904982],[116.776436753549,-20.633351378231],[116.77643706273,-20.6333519641629],[116.77643732981,-20.6333524596805],[116.776437858257,-20.6333534172751],[116.776438517923,-20.6333545693131],[116.776439026362,-20.6333554256788],[116.776439625804,-20.6333564077624],[116.776439973426,-20.6333569621181],[116.776440254983,-20.6333574034385],[116.776440984773,-20.6333585185198],[116.776441357352,-20.6333590720042],[116.776441734736,-20.633359622784],[116.776442504873,-20.6333607153275],[116.776442900502,-20.6333612607094],[116.77644298959,-20.6333613837141],[116.776443567253,-20.6333621615563],[116.776444103749,-20.6333628670573],[116.776444309733,-20.6333631320782],[116.776444515716,-20.6333633980027],[116.776444932488,-20.63336392534],[116.776445567733,-20.6333647104855],[116.776446649532,-20.6333660049348],[116.776447313601,-20.6333667711421],[116.776448119527,-20.6333676766871],[116.776448903447,-20.6333685334093],[116.776449604026,-20.6333692752667],[116.776450313254,-20.63337001081],[116.776451034971,-20.6333707382371],[116.776451607189,-20.6333713019195],[116.776453769673,-20.6333733396217],[116.776455320733,-20.6333747123878],[116.776455853756,-20.633375166684],[116.776456112599,-20.6333753865934],[116.776457183477,-20.6333762726021],[116.776457891987,-20.6333768418824],[116.776458548741,-20.633377358687],[116.776459548763,-20.6333781253291],[116.776460507589,-20.6333788386055],[116.776461644788,-20.6333796623517],[116.776462774335,-20.6333804680161],[116.776463915428,-20.6333812547198],[116.776465069026,-20.6333820233678],[116.776466233211,-20.6333827721503],[116.776467112607,-20.6333833217725],[116.776467999699,-20.633383859658],[116.776469490056,-20.6333847335592],[116.776471469616,-20.6333858330894],[116.776472825822,-20.6333865495908],[116.776474365274,-20.6333873268705],[116.776475433812,-20.6333878433043],[116.776475613183,-20.6333879284747],[116.776475921089,-20.6333880734489],[116.776476546499,-20.6333883634097],[116.776477174795,-20.6333886488563],[116.776478120611,-20.6333890684463],[116.776478754685,-20.63338934125],[116.77647970917,-20.6333897409721],[116.776480667506,-20.6333901316632],[116.776481309288,-20.6333903845976],[116.776481952995,-20.6333906339202],[116.776482598631,-20.6333908769201],[116.776483246192,-20.633391116308],[116.77648389568,-20.6333913502769],[116.776484547097,-20.6333915788267],[116.776485328039,-20.6333918454952],[116.776486182868,-20.6333921285241],[116.776487500155,-20.6333925467876],[116.776488161209,-20.6333927482419],[116.776488824191,-20.6333929442771],[116.776489646451,-20.6333931811803],[116.776489921821,-20.6333932583425],[116.776490619364,-20.6333934499044],[116.776491155719,-20.6333935942706],[116.776492496154,-20.6333939366618],[116.776492832948,-20.6333940184215],[116.776493168782,-20.6333941001799],[116.776493505579,-20.6333941801324],[116.776493842376,-20.6333942600849],[116.776494856622,-20.6333944882005],[116.776495872803,-20.6333947063791],[116.776497232538,-20.6333949783145],[116.776497914815,-20.6333951075084],[116.776499282273,-20.6333953496351],[116.7765006536,-20.633395570984],[116.776502374281,-20.6333958180857],[116.776504101725,-20.6333960353774],[116.776506181441,-20.6333962522214],[116.776508268903,-20.6333964229918],[116.776509663461,-20.6333965115417],[116.776511411263,-20.6333965915128],[116.776512111933,-20.6333966141058],[116.776513513294,-20.6333966448342],[116.776515971513,-20.6333966462078],[116.77651601663,-20.6333966435554],[116.776516322827,-20.6333966439516],[116.776516674147,-20.633396638081],[116.77651773004,-20.6333966114357],[116.776519842836,-20.6333965238096],[116.77652160531,-20.6333964158511],[116.776523720154,-20.6333962405787],[116.776525131368,-20.6333960978289],[116.776525836986,-20.6333960183216],[116.776527446019,-20.6333958161903],[116.776530066063,-20.6333954283222],[116.776533232537,-20.6333948586342],[116.776535690553,-20.6333943413419],[116.776571773981,-20.6333857279377],[116.776285546816,-20.6334550275705],[116.776287405501,-20.633454110115],[116.776289318341,-20.633453574048],[116.776290629133,-20.633453181777],[116.776291928437,-20.6334527696119],[116.776292789854,-20.6334524851906],[116.776293646483,-20.6334521926307],[116.776294072882,-20.6334520440892],[116.776294922809,-20.6334517397739],[116.77629534538,-20.6334515830951],[116.77629576795,-20.6334514273199],[116.776296608303,-20.6334511067274],[116.776297442907,-20.6334507788986],[116.776298273683,-20.6334504429324],[116.776299099671,-20.6334500997313],[116.776299920871,-20.6334497483916],[116.776300736323,-20.6334493898157],[116.776301546987,-20.6334490231012],[116.776302753406,-20.6334484590112],[116.776303949286,-20.63344788045],[116.776304739836,-20.6334474847942],[116.776305915603,-20.6334468763882],[116.77630669274,-20.6334464626431],[116.776307465089,-20.633446041663],[116.77630823169,-20.6334456134467],[116.776308992541,-20.6334451779942],[116.776309748603,-20.6334447362102],[116.776310498915,-20.63344428719],[116.776311614323,-20.6334436018999],[116.776312351222,-20.6334431365976],[116.776313082373,-20.6334426631555],[116.776313806813,-20.633442184283],[116.776314526464,-20.6334416981756],[116.776314883895,-20.6334414519562],[116.776315240365,-20.6334412057355],[116.776315593962,-20.6334409558967],[116.776315948517,-20.6334407069628],[116.776317160198,-20.6334398257165],[116.776318378649,-20.6334389092387],[116.776318714984,-20.6334386485344],[116.776319059007,-20.6334383815148],[116.776319734574,-20.6334378474596],[116.776320403432,-20.6334373070704],[116.776321066538,-20.6334367612523],[116.776322049695,-20.6334359312151],[116.776322696506,-20.6334353700147],[116.776323654742,-20.6334345164517],[116.776324600516,-20.6334336511258],[116.776325028244,-20.6334332495785],[116.776325529994,-20.6334327713212],[116.776325919287,-20.633432396832],[116.776326447009,-20.6334318806573],[116.776326747887,-20.6334315801487],[116.776327048764,-20.6334312796401],[116.77632764477,-20.6334306722903],[116.776328234064,-20.6334300595103],[116.776328815686,-20.6334294422023],[116.776329391558,-20.6334288185616],[116.776329960719,-20.6334281894907],[116.776330522207,-20.6334275558919],[116.776331077945,-20.633426916864],[116.776331626011,-20.6334262724046],[116.776332167366,-20.6334256225149],[116.776332702009,-20.6334249680985],[116.776333488629,-20.6334239769663],[116.776334261826,-20.6334229749735],[116.776335017764,-20.6334219612116],[116.776336000747,-20.6334205935332],[116.776336242176,-20.6334202495749],[116.77633648073,-20.6334199029021],[116.776336852995,-20.6334193576108],[116.776337188719,-20.6334188583558],[116.776337650481,-20.6334181559543],[116.77633810553,-20.6334174499297],[116.776338328739,-20.633417094201],[116.776338551949,-20.6334167384724],[116.776338772281,-20.6334163809328],[116.776338991653,-20.6334160233919],[116.776339208149,-20.6334156631366],[116.776339423685,-20.6334153037836],[116.776339635385,-20.6334149417148],[116.776339848045,-20.6334145796473],[116.776340055909,-20.6334142148628],[116.776340264732,-20.6334138509831],[116.776340468758,-20.63341348529],[116.776340673746,-20.6334131186946],[116.776340873936,-20.6334127502857],[116.776341271441,-20.6334120116571],[116.776341660312,-20.6334112694029],[116.776341852829,-20.6334108973697],[116.776342230191,-20.6334101487754],[116.776342599879,-20.6334093965568],[116.776342961895,-20.6334086398102],[116.776343487651,-20.6334074983429],[116.776343828563,-20.633406732533],[116.776344326501,-20.6334055783792],[116.776344647269,-20.6334048035073],[116.776344960363,-20.633404025011],[116.776345112593,-20.6334036348537],[116.776345412257,-20.6334028509184],[116.776345847842,-20.6334016704796],[116.776346127359,-20.6334008792894],[116.776346398244,-20.6334000844737],[116.776346786821,-20.633398885902],[116.776346910261,-20.6333984911894],[116.7763470366,-20.6333980829266],[116.776347159091,-20.633397680984],[116.776347395438,-20.6333968734732],[116.776347623151,-20.6333960632404],[116.776347842229,-20.6333952502857],[116.776348153097,-20.6333940245054],[116.776348446694,-20.6333927941847],[116.776348717267,-20.6333915557019],[116.776348970569,-20.6333903126787],[116.776349127283,-20.6333894806676],[116.776349274402,-20.6333886459333],[116.776349412886,-20.6333878093806],[116.776349718317,-20.6333857061994],[116.776349920443,-20.633384013118],[116.776350123203,-20.6333818863102],[116.776350304202,-20.6333788865984],[116.776350334458,-20.633376573426],[116.776350368369,-20.6333763575099],[116.776350372193,-20.6333737406943],[116.776350441722,-20.6333261563961],[116.776350589605,-20.6332249481593],[116.776352984046,-20.6315861545435],[116.776354761139,-20.630369780416],[116.776353980388,-20.6303549387021],[116.776354355104,-20.6303421984473],[116.77635396603,-20.6303391428768],[116.77635364071,-20.6303371256235],[116.776353263534,-20.6303351236643],[116.776352600778,-20.6303321544849],[116.776352094918,-20.6303301966355],[116.776351242972,-20.6303272958846],[116.776350935299,-20.6303263385753],[116.776350614182,-20.6303253857666],[116.776350281539,-20.6303244383646],[116.77634993737,-20.6303234963693],[116.776349212535,-20.6303216276926],[116.776348831868,-20.6303207019148],[116.776348440636,-20.6303197806413],[116.776347622632,-20.6303179561202],[116.776346759482,-20.6303161541307],[116.776346310617,-20.6303152616977],[116.776344898698,-20.6303126213617],[116.776344405645,-20.6303117532687],[116.776343387835,-20.6303100360172],[116.776341782822,-20.6303075092846],[116.77634018136,-20.6303051795411],[116.776338900597,-20.6303034312267],[116.776336416292,-20.6303002961373],[116.776335116004,-20.6302987727937],[116.77633309494,-20.6302965446134],[116.776330992187,-20.6302943868081],[116.776330273329,-20.6302936828776],[116.77632806389,-20.6302916225227],[116.776325776596,-20.6302896361621],[116.776323415279,-20.630287727415],[116.776320154372,-20.6302853078735],[116.776317627686,-20.6302835877643],[116.776314154273,-20.6302814281838],[116.77631237429,-20.630280405716],[116.776310567372,-20.6302794229717],[116.77630873256,-20.6302784808532],[116.776305930798,-20.630277144417],[116.776304031525,-20.6302763052252],[116.776301136427,-20.6302751267978],[116.776298188394,-20.6302740458905],[116.776296193844,-20.6302733800662],[116.776294178109,-20.6302727602978],[116.776290083091,-20.6302716571222],[116.77628590717,-20.6302707426939],[116.776282727053,-20.6302701828621],[116.77627950742,-20.6302697341218],[116.776275156087,-20.6302693119272],[116.776272958233,-20.6302691771552],[116.77626698527,-20.6302690609872],[116.77626851814,-20.6302690656834],[116.776517761397,-20.6302693413377]]]},"properties":{"OBJECTID":117,"Layer":"CAUSEWAY","RefName":" ","Area_ha":0.2882732446437309,"Shape__Area":2882.729248046875,"Shape__Length":780.4038520254751}},{"type":"Feature","id":118,"geometry":{"type":"Polygon","coordinates":[[[116.771540942019,-20.6349395013697],[116.771133101076,-20.6351261995119],[116.770929265738,-20.6351572913441],[116.770802323577,-20.6351766541916],[116.770618701052,-20.6352046613922],[116.770530834806,-20.6352180642985],[116.770499416049,-20.6352199942005],[116.769938441964,-20.6351235676696],[116.769923233053,-20.6351220555691],[116.769194984961,-20.6348180144656],[116.769195089981,-20.6348171173333],[116.769194462574,-20.6348175204031],[116.769189690638,-20.6348165083215],[116.76918101362,-20.6348144265825],[116.76917416679,-20.6348125406592],[116.769168719135,-20.6348108698547],[116.769161158261,-20.6348082790738],[116.769153117312,-20.6348051427815],[116.769133655373,-20.6347971732388],[116.769095797266,-20.6347816702023],[116.769007459795,-20.6347454940062],[116.768588954081,-20.6345741085999],[116.768305428437,-20.6344579983825],[116.768297839782,-20.6344553921656],[116.76829126338,-20.6344536936149],[116.768286413597,-20.6344527573062],[116.768279678526,-20.6344518844306],[116.76827536819,-20.634451583171],[116.76827043267,-20.634451484382],[116.768267348486,-20.6344515570496],[116.768263654553,-20.6344517816071],[116.768256308229,-20.6344526870944],[116.768247265111,-20.6344546872722],[116.768239618766,-20.6344572179286],[116.768234470658,-20.6344593218246],[116.768229492028,-20.6344617024488],[116.76822417843,-20.6344646979734],[116.768220607088,-20.6344670036801],[116.768216206974,-20.6344702082579],[116.768212941282,-20.6344728767173],[116.768210258632,-20.6344752821086],[116.76820685366,-20.6344786488621],[116.768203657678,-20.6344821893868],[116.768200679341,-20.6344858919475],[116.768197278856,-20.6344907324747],[116.768194255275,-20.634495788564],[116.768190694451,-20.6345031905756],[116.768295270594,-20.634250970504],[116.768292842575,-20.6342576421235],[116.768291066214,-20.6342643769655],[116.768289928119,-20.6342711442896],[116.76828937647,-20.6342798370638],[116.768289502623,-20.6342846389517],[116.768290331959,-20.6342922429362],[116.76829144843,-20.6342978575834],[116.768293896126,-20.6343060863179],[116.76829724271,-20.6343140198781],[116.7683004474,-20.6343199409357],[116.768303599923,-20.6343248146534],[116.768306507229,-20.6343287175781],[116.768310322666,-20.6343331936983],[116.768314485952,-20.6343374226993],[116.768319771737,-20.6343420164523],[116.768325502546,-20.6343462123154],[116.768331665952,-20.6343499759353],[116.768341188663,-20.634354539227],[116.768349111334,-20.6343577901552],[116.768640687725,-20.6344774206596],[116.769207715149,-20.6347095952261],[116.769938604966,-20.6350151316347],[116.770513193093,-20.6351105904285],[116.771111213643,-20.6350192134365],[116.771513133305,-20.6348341394057],[116.771983153636,-20.6345920822021],[116.772467723736,-20.6344219828221],[116.773949658895,-20.6340166256526],[116.776074502227,-20.6335058191289],[116.776253162855,-20.6334628686126],[116.776285328768,-20.6334551357198],[116.776285546816,-20.6334550275705],[116.776571773981,-20.6333857279377],[116.776637220373,-20.6333701053386],[116.776698675194,-20.6333554362718],[116.776836745656,-20.6332999304796],[116.777382635827,-20.6330804786345],[116.778137338811,-20.6327770780251],[116.77813775371,-20.6328841938235],[116.777427002297,-20.6331751678595],[116.777109407354,-20.6333051863908],[116.776940195148,-20.6333744591676],[116.776854748603,-20.6334094400336],[116.776768088982,-20.6334449162681],[116.7767649036,-20.6334459458675],[116.776763130683,-20.6334466321179],[116.776759389015,-20.6334480197267],[116.776755633995,-20.6334493476806],[116.776751623632,-20.6334506888584],[116.776748059934,-20.6334518056175],[116.776743987408,-20.6334529894887],[116.776739727841,-20.6334540818545],[116.776737706367,-20.6334547352538],[116.776728718806,-20.6334569284156],[116.776640520667,-20.6334784510394],[116.776547935305,-20.6335010432239],[116.776517818314,-20.6335083929802],[116.776493425135,-20.6335143450431],[116.776486747873,-20.6335159466142],[116.776347851174,-20.6335494122916],[116.776254054508,-20.6335719123894],[116.776242738538,-20.6335745940667],[116.776216154765,-20.6335806507805],[116.77611296511,-20.6336055548523],[116.775049949185,-20.6338621102312],[116.774476818439,-20.6340001744549],[116.773957923494,-20.6341250917323],[116.773417958462,-20.6342552297058],[116.772490168391,-20.6345279294327],[116.772035966609,-20.6346857194853],[116.771540942019,-20.6349395013697]]]},"properties":{"OBJECTID":118,"Layer":"HEARSON COVE ROAD PROPOSED REALIGNMENT","RefName":" ","Area_ha":1.2741367538796644,"Shape__Area":12711.76806640625,"Shape__Length":2236.7979434316453}},{"type":"Feature","id":120,"geometry":{"type":"Polygon","coordinates":[[[116.74958147101,-20.6189910157083],[116.749667301236,-20.6190189790239],[116.74948959021,-20.6194983786516],[116.75098231401,-20.6202924623818],[116.755387459409,-20.6155034010982],[116.769123373679,-20.623186869109],[116.769075916646,-20.6232190497167],[116.755461502009,-20.6156426185678],[116.7510281613,-20.6204073956753],[116.749375541988,-20.6195198535657],[116.74958147101,-20.6189910157083]]]},"properties":{"OBJECTID":120,"Layer":"CONVEYOR","RefName":null,"Area_ha":3.9727553882678084,"Shape__Area":24275.958251953125,"Shape__Length":5225.572543810383}},{"type":"Feature","id":121,"geometry":{"type":"Polygon","coordinates":[[[116.748819668073,-20.6152150646423],[116.748991430114,-20.615215043089],[116.748988697022,-20.6168802260773],[116.750223253752,-20.6168384639423],[116.750195566137,-20.6170205776744],[116.749960225829,-20.6169439049555],[116.748993421577,-20.6170040386009],[116.748993364891,-20.6170386345988],[116.748818775714,-20.6170383809474],[116.748819668073,-20.6152150646423]]]},"properties":{"OBJECTID":121,"Layer":"SHIP LOADER - FEED CONVEYOR","RefName":null,"Area_ha":0.523315744218377,"Shape__Area":5233.157470703125,"Shape__Length":701.9592162228331}},{"type":"Feature","id":122,"geometry":{"type":"Polygon","coordinates":[[[116.749960225829,-20.6169439049555],[116.750713030371,-20.6171891646784],[116.75000056167,-20.6191275526072],[116.749247749773,-20.6188822906545],[116.749960225829,-20.6169439049555]]]},"properties":{"OBJECTID":122,"Layer":"PORT - STORAGE SHED","RefName":null,"Area_ha":1.8840998163023428,"Shape__Area":18840.998291015625,"Shape__Length":619.9999364545671}},{"type":"Feature","id":123,"geometry":{"type":"Polygon","coordinates":[[[116.758895509943,-20.6160948321737],[116.759060809466,-20.6162050325193],[116.758482969174,-20.6169035051375],[116.758147532591,-20.617149947225],[116.757541627793,-20.6178659007721],[116.757376327617,-20.6177714432962],[116.757947434783,-20.6170377852665],[116.75825792424,-20.6167780221511],[116.758644095373,-20.6163642309291],[116.758895509943,-20.6160948321737]]]},"properties":{"OBJECTID":123,"Layer":"EXISTING INFRASTRUCTURE","RefName":null,"Area_ha":0.5671353837255718,"Shape__Area":5671.354248046875,"Shape__Length":529.4591605777898}},{"type":"Feature","id":126,"geometry":{"type":"Polygon","coordinates":[[[116.777732310154,-20.6304137167499],[116.777777226273,-20.6304137176127],[116.777777586628,-20.6304557516776],[116.777732671171,-20.6304559478002],[116.777732310154,-20.6304137167499]]]},"properties":{"OBJECTID":126,"Layer":"MUBRL TIE-IN","RefName":null,"Area_ha":0.00218196274546521,"Shape__Area":21.8193359375,"Shape__Length":18.68480286913147}},{"type":"Feature","id":130,"geometry":{"type":"Polygon","coordinates":[[[116.771208158326,-20.6300090177743],[116.771304671584,-20.6300091519031],[116.771304557787,-20.6300814721518],[116.771208045441,-20.6300813389274],[116.771208158326,-20.6300090177743]]]},"properties":{"OBJECTID":130,"Layer":null,"RefName":null,"Area_ha":null,"Shape__Area":80.477294921875,"Shape__Length":36.117400079315516}},{"type":"Feature","id":132,"geometry":{"type":"Polygon","coordinates":[[[116.775761639947,-20.634577686057],[116.775281702551,-20.6345770622576],[116.775270816857,-20.6345762411803],[116.775260202267,-20.6345738283153],[116.775250119781,-20.634569880929],[116.775240816902,-20.6345644978356],[116.775232522848,-20.6345578103555],[116.775225441828,-20.6345499841129],[116.775219749218,-20.6345412118026],[116.77521558388,-20.6345317095654],[116.775213050099,-20.6345217106656],[116.775212207985,-20.63451146096],[116.775212467719,-20.6343352687044],[116.77521248099,-20.6343262327406],[116.775212739769,-20.6341500350584],[116.775213814252,-20.6341386610599],[116.775216969227,-20.6341276349438],[116.775222111093,-20.6341172918228],[116.775229082927,-20.6341079468483],[116.775237672182,-20.6340998834734],[116.775247618372,-20.6340933471375],[116.775258619808,-20.6340885353359],[116.775270341278,-20.6340855949185],[116.775282426539,-20.6340846157817],[116.775762362391,-20.6340852395648],[116.775773248053,-20.6340860606108],[116.775783862618,-20.6340884734442],[116.775793945087,-20.6340924207994],[116.775803247957,-20.6340978038632],[116.775811542011,-20.6341044913163],[116.775818623041,-20.6341123175354],[116.77582431567,-20.6341210898265],[116.775828481035,-20.6341305920497],[116.77583101485,-20.6341405909413],[116.775831857003,-20.6341508406447],[116.775831603212,-20.6343234646093],[116.775831597979,-20.6343270374295],[116.775831584744,-20.6343360733937],[116.775831326683,-20.6345122656581],[116.775830253202,-20.6345236396614],[116.775827097303,-20.6345346657874],[116.775821955464,-20.6345450089262],[116.775814983646,-20.6345543539242],[116.775806394395,-20.6345624173275],[116.775796448196,-20.6345689545987],[116.775785446743,-20.6345737664342],[116.775773725244,-20.6345767068861],[116.775761639947,-20.634577686057]]]},"properties":{"OBJECTID":132,"Layer":null,"RefName":null,"Area_ha":null,"Shape__Area":3469.2802734375,"Shape__Length":225.49802573791067}},{"type":"Feature","id":140,"geometry":{"type":"Polygon","coordinates":[[[116.776424661524,-20.6349958507315],[116.776426676359,-20.6350201266955],[116.776432739881,-20.6350437988753],[116.776442702263,-20.6350662707019],[116.77645631092,-20.635086978906],[116.776472913357,-20.6351051148258],[116.776492309073,-20.6351206022985],[116.776514024436,-20.6351330648136],[116.776537532915,-20.6351421989835],[116.776562264665,-20.6351477835923],[116.77658761708,-20.6351496823203],[116.777811862875,-20.6351512544478],[116.777837387089,-20.6351531785143],[116.777862277162,-20.635158837236],[116.777885920895,-20.6351680924792],[116.777907735015,-20.6351807148837],[116.777927183402,-20.6351963938269],[116.777943786675,-20.6352147446639],[116.777957135623,-20.6352353141668],[116.7779669027,-20.6352575968037],[116.777972845854,-20.6352810428764],[116.777974820016,-20.6353050757033],[116.777974343109,-20.6356331489777],[116.777973316533,-20.6363400911588],[116.777973051334,-20.6365228841792],[116.777972596996,-20.6368360399373],[116.777970078906,-20.6368627109121],[116.777964540902,-20.636883498292],[116.777955984431,-20.6369033574099],[116.777947683075,-20.6369174094312],[116.777934276121,-20.6369347304295],[116.777911935496,-20.6369553407812],[116.777893268953,-20.6369676084175],[116.777875583885,-20.6369762457539],[116.777851434858,-20.6369842612305],[116.777834723152,-20.6369875830444],[116.777812041163,-20.6369894215999],[116.777280446443,-20.6369887594149],[116.777254575654,-20.6369866685551],[116.777216474816,-20.6369760699011],[116.777197350022,-20.6369668041319],[116.777173021176,-20.6369499667239],[116.777152867963,-20.6369297588591],[116.777139029923,-20.6369101717812],[116.777131053543,-20.6368948057442],[116.777122584559,-20.6368703380327],[116.777119843923,-20.6368566016142],[116.777118342531,-20.6368349386267],[116.777118801834,-20.6365195744975],[116.777119016001,-20.6363725223353],[116.777119184015,-20.6362571583893],[116.777116785309,-20.6362380125699],[116.777112736415,-20.6362262171976],[116.777105908703,-20.6362137287935],[116.777096192838,-20.6362018032172],[116.777087542959,-20.636194139481],[116.777067645946,-20.6361826344884],[116.777051763189,-20.6361777083513],[116.777032916823,-20.6361757232125],[116.777006384697,-20.6361756889552],[116.776509412005,-20.6361750465307],[116.77649528049,-20.6361744517469],[116.776484681291,-20.6361732407618],[116.77647046452,-20.6361705558434],[116.776456069243,-20.636166535175],[116.77643644908,-20.6361587316057],[116.776426214815,-20.6361534576093],[116.776410029,-20.6361431103368],[116.776395115887,-20.6361308653477],[116.776386740646,-20.6361224953186],[116.776376684183,-20.636110502395],[116.776366666693,-20.6360954878896],[116.776357723775,-20.6360775317565],[116.776351182654,-20.6360581483378],[116.776349024399,-20.6360485945121],[116.776346453513,-20.6360212248141],[116.776347033496,-20.6356230424528],[116.776347813218,-20.6350875116168],[116.776349201453,-20.6341342219009],[116.77634990081,-20.6336536422918],[116.776349899044,-20.6336522236403],[116.776349861763,-20.6336508040392],[116.776349798564,-20.6336493862118],[116.776349708487,-20.6336479692531],[116.776349591531,-20.6336465540668],[116.776349449615,-20.633645141559],[116.77634928082,-20.6336437308236],[116.776349086103,-20.633642323669],[116.776348865465,-20.6336409191916],[116.776348618905,-20.6336395191987],[116.776348345462,-20.6336381236889],[116.776348047057,-20.6336367317612],[116.776347722726,-20.6336353461252],[116.776347373432,-20.6336339649747],[116.776346997252,-20.6336325910183],[116.776346596106,-20.6336312224511],[116.776346169994,-20.6336298610804],[116.776345718915,-20.6336285069061],[116.776345242868,-20.6336271599283],[116.776344740893,-20.6336258219529],[116.776344214909,-20.6336244911751],[116.776343663955,-20.6336231703047],[116.776343088991,-20.6336218584391],[116.776342490017,-20.6336205555784],[116.77634186703,-20.6336192635298],[116.776341219073,-20.6336179813884],[116.776340548062,-20.6336167100603],[116.776339853998,-20.6336154504492],[116.77633913688,-20.633614202555],[116.776338395749,-20.6336129654729],[116.776337632522,-20.6336117419161],[116.776336846239,-20.6336105309798],[116.776336037861,-20.6336093326653],[116.776335207387,-20.6336081478762],[116.776334355775,-20.6336069766136],[116.776333481104,-20.6336058206824],[116.776332586256,-20.633604678279],[116.776331670269,-20.6336035512093],[116.776330733142,-20.6336024394735],[116.776329775836,-20.6336013421691],[116.776328798349,-20.633600262007],[116.77632780068,-20.6335991980834],[116.776326783791,-20.6335981503997],[116.77632574672,-20.6335971189547],[116.776324692346,-20.6335961055592],[116.776323617789,-20.6335951093059],[116.776322525928,-20.6335941311022],[116.776321415805,-20.6335931700432],[116.776320287415,-20.6335922288397],[116.776319142683,-20.6335913047834],[116.776317980643,-20.6335904005838],[116.776316801299,-20.6335895153373],[116.776315606567,-20.6335886499501],[116.776314396449,-20.6335878044221],[116.776313169984,-20.6335869787521],[116.776311928131,-20.6335861729413],[116.776310671851,-20.6335853878946],[116.776309402102,-20.6335846236132],[116.776308116965,-20.6335838800946],[116.776306819318,-20.6335831582462],[116.776305508201,-20.6335824580667],[116.776304183615,-20.6335817786524],[116.776302847479,-20.6335811218132],[116.776301498832,-20.633580486644],[116.776300139593,-20.6335798740512],[116.776298767845,-20.6335792831284],[116.776297386464,-20.6335787156868],[116.776295994491,-20.6335781708213],[116.776294591927,-20.6335776485321],[116.776293180689,-20.6335771497252],[116.776291759819,-20.6335766743994],[116.776290330276,-20.6335762216522],[116.77628889302,-20.6335757932922],[116.776287448049,-20.6335753884158],[116.776285996326,-20.6335750070242],[116.776284536888,-20.6335746500197],[116.776283071656,-20.6335743165012],[116.77628159967,-20.6335740073712],[116.776280122848,-20.633573722632],[116.776278640232,-20.6335734622824],[116.776277153742,-20.6335732254214],[116.776275662416,-20.6335730138549],[116.776274168174,-20.6335728266817],[116.776272670058,-20.6335726639006],[116.776271169984,-20.6335725264178],[116.776269666996,-20.6335724133283],[116.776268162052,-20.6335723246334],[116.776266656112,-20.6335722603343],[116.776265149176,-20.6335722213347],[116.776263641244,-20.633572206731],[116.776262133275,-20.6335722174279],[116.77626062623,-20.6335722525232],[116.776259120108,-20.6335723129204],[116.77625761491,-20.6335723977159],[116.776256111597,-20.6335725069111],[116.776254610167,-20.6335726405058],[116.77625311254,-20.6335727994061],[116.776251616797,-20.6335729827061],[116.776250125818,-20.6335731904093],[116.776248638641,-20.6335734234183],[116.776247155269,-20.6335736799257],[116.776245677621,-20.6335739608376],[116.776244204737,-20.6335742661529],[116.776242738538,-20.6335745940667],[116.776347816819,-20.6335492749002],[116.776490258604,-20.6335149517778],[116.776488809585,-20.6335153474859],[116.776487367261,-20.6335157594673],[116.776486747873,-20.6335159466142],[116.776485931624,-20.6335161940474],[116.776484505549,-20.633516653037],[116.77648308712,-20.6335171355301],[116.776481678256,-20.6335176406254],[116.776480278956,-20.6335181692267],[116.776478889222,-20.6335187204303],[116.776477510973,-20.6335192942387],[116.776476142289,-20.6335198915531],[116.776474786051,-20.6335205105699],[116.77647344034,-20.6335211512866],[116.776472108034,-20.6335218146107],[116.776470787215,-20.633522499636],[116.776469479802,-20.6335232063649],[116.776468184838,-20.6335239338928],[116.776466904239,-20.6335246831255],[116.776465638008,-20.6335254531596],[116.776464386145,-20.6335262439951],[116.77646314865,-20.6335270556319],[116.776461926483,-20.6335278871677],[116.776460720605,-20.6335287386038],[116.776459530057,-20.6335296090352],[116.776458355796,-20.6335305002704],[116.776457198787,-20.6335314096],[116.776456058068,-20.6335323379262],[116.776454935558,-20.6335332852515],[116.7764538303,-20.6335342506711],[116.776452743252,-20.6335352341862],[116.776451674417,-20.6335362348932],[116.776450623793,-20.6335372536958],[116.776449593301,-20.6335382896928],[116.776448581983,-20.6335393419794],[116.776447589838,-20.6335404105556],[116.776446617827,-20.6335414954226],[116.776445665949,-20.6335425965804],[116.776444734206,-20.6335437131254],[116.776443824519,-20.6335448441566],[116.776442934966,-20.6335459905749],[116.776442067469,-20.6335471514794],[116.77644122107,-20.6335483259652],[116.776440396727,-20.6335495140335],[116.776439594441,-20.6335507165879],[116.776438815174,-20.6335519309189],[116.776438057964,-20.6335531588323],[116.776437323773,-20.6335543985224],[116.776436612603,-20.633555649989],[116.776435924453,-20.6335569123287],[116.776435260282,-20.6335581873497],[116.776434620093,-20.6335594714377],[116.776434002925,-20.6335607673023],[116.7764334107,-20.6335620722352],[116.776432842457,-20.6335633871387],[116.776432298197,-20.6335647111092],[116.776431778883,-20.6335660432444],[116.776431284511,-20.6335673844479],[116.776430815085,-20.6335687329125],[116.776430370605,-20.6335700895417],[116.776429952031,-20.6335714525296],[116.776429558403,-20.6335728227786],[116.776429189722,-20.6335741993851],[116.77642884695,-20.6335755814467],[116.776428530087,-20.6335769689634],[116.776428238173,-20.6335783610305],[116.776427973128,-20.6335797585539],[116.776427733034,-20.633581159724],[116.776427519811,-20.6335825645432],[116.776427332499,-20.6335839730104],[116.776427171099,-20.633585384222],[116.776427035612,-20.6335867981778],[116.776426926999,-20.6335882139757],[116.7764268443,-20.6335896307107],[116.776426788475,-20.6335910492877],[116.776426757606,-20.6335924688006],[116.776426743002,-20.6335932666589],[116.776426618833,-20.6336710446203],[116.77642696683,-20.6336752856573],[116.776428015682,-20.6336794236877],[116.776429739622,-20.633683355668],[116.776432094638,-20.6336869857597],[116.776435025189,-20.6336902235312],[116.776438456518,-20.6336929911761],[116.77644230618,-20.6336952181071],[116.776446478265,-20.6336968517913],[116.776450871088,-20.6336978505316],[116.776455375259,-20.6336981897892],[116.776647347785,-20.6336984381525],[116.77664716799,-20.6338216462504],[116.776646937869,-20.6339786831915],[116.776646871938,-20.6340238630168],[116.776474097353,-20.6340236394969],[116.776474163335,-20.6339784596721],[116.776474391714,-20.6338214227304],[116.776474472676,-20.6337659843733],[116.776474257264,-20.6337636302211],[116.776473610766,-20.6337613477989],[116.776472553239,-20.6337592049024],[116.776471117224,-20.6337572675365],[116.776469344869,-20.6337555944896],[116.77646729081,-20.6337542373374],[116.776465017382,-20.633753235919],[116.776462594609,-20.6337526210473],[116.776460094454,-20.633752411791],[116.776455296075,-20.6337524055806],[116.776450295522,-20.633752811149],[116.776445444485,-20.6337540274385],[116.776440892755,-20.633756018499],[116.776436776722,-20.6337587239659],[116.776433223211,-20.6337620599688],[116.776430337953,-20.6337659272488],[116.77642821039,-20.6337702066467],[116.776426905021,-20.6337747699352],[116.776426460446,-20.6337794762029],[116.776426692443,-20.633782303862],[116.776427391999,-20.6337850616458],[116.776428540973,-20.6337876835679],[116.776430111625,-20.6337901036299],[116.776432064686,-20.6337922621434],[116.776449590782,-20.6338088062189],[116.776451519893,-20.6338109339788],[116.776453077162,-20.6338133160722],[116.776454225239,-20.6338158955239],[116.776454936375,-20.633818611757],[116.77645519435,-20.6338213978842],[116.776455195026,-20.6338215921587],[116.776454866349,-20.6340472870725],[116.776454865091,-20.6340474912841],[116.77645459802,-20.6340502749244],[116.776453877996,-20.6340529865943],[116.776452722389,-20.634055561257],[116.776451159128,-20.6340579375041],[116.776449225728,-20.6340600584573],[116.776431651338,-20.6340765570984],[116.776429691974,-20.6340787105473],[116.776428114255,-20.6340811265338],[116.776426957624,-20.6340837454713],[116.776426250012,-20.6340865014334],[116.776426009754,-20.6340893284811],[116.776425946564,-20.6341319303432],[116.776425915742,-20.6341530302245],[116.776426612698,-20.6341615122993],[116.776428709449,-20.6341697874549],[116.77643215638,-20.6341776523175],[116.776436868347,-20.634184912503],[116.776442727546,-20.6341913889467],[116.776449592148,-20.634196923335],[116.776457290537,-20.6342013780987],[116.776465635697,-20.634204644564],[116.776474420411,-20.6342066420424],[116.776483428782,-20.63420732146],[116.776868470329,-20.6342078175304],[116.776872975488,-20.634207489923],[116.776877371224,-20.6342065025474],[116.776881548075,-20.6342048796594],[116.776885404234,-20.634202662693],[116.776888844599,-20.634199903934],[116.776891783638,-20.6341966737527],[116.776894150207,-20.6341930497667],[116.776895885622,-20.6341891222599],[116.776896946549,-20.6341849869578],[116.776897306923,-20.6341807468369],[116.776897385862,-20.6341265924911],[116.777115948294,-20.6341268746837],[116.777115724752,-20.6342803803703],[116.776483321362,-20.6342795630918],[116.776482316365,-20.6342795699235],[116.776481311343,-20.6342795939236],[116.776480307258,-20.634279633286],[116.776479304109,-20.634279689818],[116.776478301895,-20.634279762616],[116.776477300616,-20.6342798525836],[116.776476302195,-20.634279957916],[116.776475305668,-20.6342800804192],[116.776474311037,-20.6342802191897],[116.776473319262,-20.6342803742286],[116.776472330344,-20.6342805446324],[116.77647134524,-20.6342807322094],[116.776470363952,-20.6342809360562],[116.776469386481,-20.6342811552691],[116.776468412826,-20.6342813907516],[116.776467443947,-20.6342816425051],[116.776466479843,-20.6342819105296],[116.776465520516,-20.6342821939214],[116.776464566926,-20.6342824926818],[116.776463619073,-20.6342828068107],[116.776462676955,-20.6342831372119],[116.776461741534,-20.6342834829829],[116.776460811849,-20.6342838441225],[116.776459889823,-20.6342842197295],[116.776458974491,-20.63428461161],[116.776458066819,-20.6342850170544],[116.776457166803,-20.6342854387734],[116.776456274445,-20.6342858740564],[116.776455389744,-20.6342863247103],[116.776454514621,-20.6342867889307],[116.776453648116,-20.6342872685234],[116.776452790229,-20.6342877616812],[116.776451941919,-20.634288269309],[116.776451102229,-20.6342887905018],[116.776450273078,-20.6342893252623],[116.776449454465,-20.6342898735904],[116.776448645431,-20.6342904354849],[116.776447846938,-20.6342910100434],[116.776447059943,-20.6342915981707],[116.776446283488,-20.6342921989621],[116.776445517573,-20.6342928124175],[116.776444764118,-20.6342934385393],[116.776444022163,-20.6342940773264],[116.77644329171,-20.6342947278752],[116.776442574677,-20.6342953901882],[116.776441869147,-20.6342960633592],[116.776441176077,-20.6342967491966],[116.776440495469,-20.6342974458934],[116.776439828284,-20.6342981534508],[116.776439174519,-20.6342988727723],[116.776438534179,-20.6342996020507],[116.776437907262,-20.6343003412861],[116.776437294727,-20.6343010913833],[116.776436695616,-20.6343018514375],[116.77643611089,-20.6343026205462],[116.776435540547,-20.6343033996132],[116.776434984588,-20.6343041886383],[116.776434443015,-20.6343049858145],[116.776433916787,-20.6343057920464],[116.776433404944,-20.6343066064294],[116.776432909408,-20.6343074289659],[116.776432428257,-20.634308260557],[116.776431963413,-20.634309099398],[116.776431512957,-20.6343099454864],[116.776431078807,-20.6343107988246],[116.776430660965,-20.6343116594128],[116.776430259432,-20.6343125263473],[116.776429873246,-20.6343134005304],[116.77642950337,-20.6343142801562],[116.776429149802,-20.6343151661283],[116.776428813504,-20.6343160575444],[116.776428493516,-20.6343169544032],[116.776428189838,-20.6343178567046],[116.776427902471,-20.6343187635452],[116.776427632376,-20.6343196749261],[116.776427379551,-20.6343205908474],[116.776427143999,-20.6343215104054],[116.776426924759,-20.6343224335989],[116.776426722791,-20.6343233604292],[116.776426538097,-20.6343242908962],[116.776426371635,-20.6343252240976],[116.776426221488,-20.634326160031],[116.776426088615,-20.6343270977938],[116.776425973978,-20.6343280373876],[116.776425875654,-20.6343289797131],[116.776425795566,-20.634329922966],[116.776425732755,-20.6343308671447],[116.776425687221,-20.6343318122495],[116.776425659922,-20.6343327582814],[116.776425649903,-20.6343337034321],[116.776425997901,-20.6343379444688],[116.776427046757,-20.634342082499],[116.776428770705,-20.634346014479],[116.77643112573,-20.6343496445706],[116.776434056292,-20.6343528832455],[116.776437487638,-20.6343556499868],[116.776441337315,-20.6343578778214],[116.776445509418,-20.6343595115057],[116.77644990226,-20.6343605102461],[116.77645440645,-20.6343608495038],[116.776511932514,-20.6343609239525],[116.776511022715,-20.6349688563724],[116.776453497383,-20.6349687819226],[116.77644849679,-20.6349691874906],[116.776443646673,-20.6349704037807],[116.776439094907,-20.6349723948405],[116.776434978842,-20.6349750994031],[116.776431424343,-20.634978435404],[116.776428540022,-20.6349823026845],[116.776426412442,-20.6349865820816],[116.776425106103,-20.6349911444645],[116.776424661524,-20.6349958507315]],[[116.777303027944,-20.6352228489701],[116.777284691135,-20.6352243352368],[116.777266906726,-20.635228796859],[116.777250215326,-20.6352360971871],[116.777235125031,-20.6352460154953],[116.777222092223,-20.6352582496674],[116.777211514834,-20.6352724279347],[116.777203714088,-20.6352881205994],[116.777198925853,-20.6353048499628],[116.777197296771,-20.6353221074884],[116.777196848101,-20.6356283218425],[116.777196271617,-20.6360223223767],[116.777196473572,-20.6360279963293],[116.777197316644,-20.6360350463852],[116.777199184933,-20.6360433745477],[116.777200463312,-20.6360474586528],[116.777203093314,-20.6360541071056],[116.777204963283,-20.6360579841463],[116.777207786679,-20.636063000047],[116.77721097512,-20.6360678176269],[116.77721451232,-20.6360724142752],[116.777217384305,-20.6360757034625],[116.777222564978,-20.6360808561363],[116.777230576368,-20.6360873154497],[116.777234254879,-20.6360897924389],[116.777241999548,-20.6360941866863],[116.777247415423,-20.6360966821809],[116.777257290433,-20.6361001719629],[116.777261646644,-20.6361013152113],[116.777270520313,-20.6361029513252],[116.777281034693,-20.6361037437868],[116.777810524146,-20.6361044375741],[116.777824039786,-20.6361034537759],[116.777835786694,-20.636100917127],[116.777847044341,-20.6360968654176],[116.777857593755,-20.6360913787863],[116.777868359555,-20.636083623498],[116.777874763028,-20.6360776128677],[116.777882195895,-20.6360686822286],[116.777888887037,-20.6360575838071],[116.77789322188,-20.6360469974057],[116.777896174321,-20.6360345423928],[116.777897030644,-20.6360232250248],[116.77789759744,-20.635632672592],[116.777898045873,-20.6353230100945],[116.777896466965,-20.635305748436],[116.77789172738,-20.6352890067997],[116.777883972282,-20.6352732940975],[116.777873436149,-20.6352590886343],[116.777860438954,-20.6352468209336],[116.777845377548,-20.635236863788],[116.777828707431,-20.6352295204882],[116.777810936058,-20.6352250130682],[116.777792603638,-20.6352234795695],[116.777303027944,-20.6352228489701]],[[116.77701510419,-20.635222477461],[116.777010103591,-20.6352228830452],[116.777005253469,-20.6352241002546],[116.777000701702,-20.6352260913291],[116.77699658564,-20.635228795905],[116.776993032106,-20.6352321328223],[116.776990147794,-20.6352360001121],[116.776988020226,-20.6352402795162],[116.776986714861,-20.6352448419046],[116.776986270299,-20.635249548173],[116.776986192349,-20.6353037007061],[116.776767628234,-20.6353034210448],[116.776767706264,-20.6352492667053],[116.776767358255,-20.6352450256696],[116.776766309384,-20.6352408876418],[116.776764585417,-20.6352369556654],[116.77676223037,-20.6352333255785],[116.776759299783,-20.6352300878129],[116.776755868414,-20.6352273201744],[116.776752018708,-20.6352250932504],[116.776747846578,-20.6352234595734],[116.77674345371,-20.6352224608405],[116.776738949494,-20.6352221215901],[116.776529970836,-20.6352218504057],[116.776511634021,-20.6352233365903],[116.77649384959,-20.6352277981326],[116.776477158154,-20.6352350983857],[116.77646206781,-20.635245016626],[116.776449034941,-20.6352572507391],[116.776438457481,-20.6352714289585],[116.776430656656,-20.6352871215875],[116.776425868337,-20.6353038509286],[116.776424239168,-20.6353211084462],[116.776424232511,-20.6353256652826],[116.776423794508,-20.6356235186436],[116.776423708119,-20.6356235185318],[116.776423209517,-20.6360213232963],[116.776423411443,-20.6360269972495],[116.776424033839,-20.6360326428319],[116.776425072904,-20.6360382338343],[116.776426522918,-20.6360437440448],[116.776428905115,-20.6360504753193],[116.776432571064,-20.6360582564294],[116.776436273909,-20.636064435508],[116.776441449966,-20.6360714152741],[116.776448428006,-20.6360788609185],[116.776455139822,-20.6360845658883],[116.776461192436,-20.6360887935254],[116.776467612475,-20.6360925083942],[116.776475734349,-20.6360962507663],[116.776481361089,-20.636098292048],[116.776485671971,-20.6360995780257],[116.77649209766,-20.6361013962488],[116.776495967412,-20.6361017401063],[116.776503454282,-20.6361025530942],[116.776509480135,-20.6361027587803],[116.77651769577,-20.6361027694121],[116.777033018302,-20.636103435503],[116.777039045693,-20.6361032453967],[116.777046534907,-20.6361024517668],[116.77705245512,-20.6361013768993],[116.777058281827,-20.6360999151709],[116.777063986221,-20.6360980746769],[116.777069539493,-20.6360958635124],[116.77707491571,-20.6360932933908],[116.77707881598,-20.6360911379225],[116.777085033232,-20.6360871276473],[116.77708857618,-20.6360844810639],[116.777093063403,-20.6360806890332],[116.777098258103,-20.6360755497474],[116.777102059903,-20.6360711432888],[116.777106337016,-20.6360653016264],[116.777108637437,-20.6360616359875],[116.777111382387,-20.6360565820921],[116.777112612894,-20.6360539903539],[116.777113746507,-20.6360513605395],[116.777114781306,-20.6360486944537],[116.777116147373,-20.6360446354472],[116.777117286037,-20.6360405147026],[116.777117916884,-20.63603773876],[116.777118868613,-20.6360321340662],[116.777119307691,-20.6360278967581],[116.777119528106,-20.6360208932543],[116.77712010052,-20.6356278451089],[116.777120545913,-20.6353220093596],[116.777118967093,-20.6353047476949],[116.777114227593,-20.6352880060379],[116.777106472576,-20.6352722933016],[116.777095936516,-20.635258086888],[116.777082940344,-20.6352458191306],[116.777067878029,-20.6352358619164],[116.777051207951,-20.6352285185419],[116.777033436602,-20.6352240110421],[116.77701510419,-20.635222477461]],[[116.777282434571,-20.6361760451804],[116.777259384448,-20.6361789638928],[116.777243643658,-20.6361846507151],[116.777230594505,-20.6361922331423],[116.777218978059,-20.6362020682793],[116.777210720307,-20.6362118634721],[116.777201849874,-20.6362277806542],[116.777197987186,-20.6362397239473],[116.777195932324,-20.6362566926739],[116.777195913018,-20.6362686346002],[116.77719588587,-20.6362872821171],[116.777195856632,-20.6363073645448],[116.777195835748,-20.636321709136],[116.777195760277,-20.6363735475519],[116.777195547243,-20.6365198723199],[116.777195088388,-20.6368350376596],[116.777196653449,-20.6368505571662],[116.777201335135,-20.6368655105234],[116.777211518298,-20.6368828600909],[116.777223583927,-20.6368955106661],[116.777247613875,-20.6369099648938],[116.777259004284,-20.636913673494],[116.777281359875,-20.6369164727583],[116.777809344173,-20.6369171528833],[116.777836045387,-20.6369132077903],[116.777855141075,-20.6369048550985],[116.777873583398,-20.6368903281829],[116.777882662128,-20.6368790186813],[116.77789007159,-20.6368650775621],[116.777895365574,-20.6368444407716],[116.777896305918,-20.6365225867023],[116.777896570921,-20.636339992474],[116.777896689685,-20.6362581600784],[116.777896056199,-20.6362482124565],[116.777893214607,-20.636235213255],[116.777887226296,-20.6362210398469],[116.777878273383,-20.636207857487],[116.777867050236,-20.6361967333136],[116.777856676791,-20.6361894369702],[116.777842208952,-20.6361824760157],[116.777832282414,-20.6361787621083],[116.777810419194,-20.6361767252825],[116.777789627168,-20.6361766985306],[116.777282434571,-20.6361760451804]]]},"properties":{"OBJECTID":140,"Layer":null,"RefName":null,"Area_ha":null,"Shape__Area":11000.706787109375,"Shape__Length":2321.862882221063}},{"type":"Feature","id":145,"geometry":{"type":"Polygon","coordinates":[[[116.776073500244,-20.6342221805427],[116.776299038181,-20.634222472814],[116.776298866491,-20.6343399403532],[116.776073328382,-20.6343396480801],[116.776073500244,-20.6342221805427]]]},"properties":{"OBJECTID":145,"Layer":null,"RefName":null,"Area_ha":null,"Shape__Area":305.45703125,"Shape__Length":72.99340000003576}},{"type":"Feature","id":146,"geometry":{"type":"Polygon","coordinates":[[[116.776434305162,-20.6349756515331],[116.77645830178,-20.6349752082057],[116.776458270705,-20.634997798118],[116.776460974501,-20.6350209219822],[116.77647027356,-20.6350473714911],[116.776481816418,-20.6350662065715],[116.776498021009,-20.6350839986067],[116.776516250127,-20.6350977505623],[116.776543687487,-20.6351107572152],[116.776566466777,-20.6351163853807],[116.776587663246,-20.6351180564469],[116.77779830734,-20.6351196110727],[116.777818623927,-20.6351197456425],[116.777835204058,-20.6351209615285],[116.777851356169,-20.6351234409961],[116.777867829698,-20.6351273413319],[116.777886214026,-20.6351334461923],[116.777899724567,-20.6351392240058],[116.777915574438,-20.6351475755631],[116.777932342917,-20.6351585713248],[116.777947725076,-20.6351710679861],[116.777960996411,-20.6351842631244],[116.77796867681,-20.6351932430174],[116.777977937684,-20.6352058393345],[116.777989110929,-20.6352248518491],[116.777996873994,-20.6352423572956],[116.778001899896,-20.6352575939028],[116.77800566284,-20.6352739872993],[116.778007657363,-20.6352886191169],[116.778008415732,-20.6353051188902],[116.778006193048,-20.6368360831277],[116.77800521346,-20.6368542947893],[116.778002988035,-20.6368691290073],[116.77799954025,-20.6368835911787],[116.777995097405,-20.6368971538944],[116.777989409624,-20.6369106879016],[116.777983415487,-20.6369223402237],[116.777975365181,-20.6369353742142],[116.777964089721,-20.636950340468],[116.777949945836,-20.636965493692],[116.777938518043,-20.6369756264028],[116.777917204698,-20.6369908047415],[116.777897804447,-20.6370013283942],[116.777875631455,-20.637010264471],[116.777857893932,-20.6370153578269],[116.77782813987,-20.6370202260871],[116.777809147223,-20.6370210663948],[116.777792270466,-20.6370210446798],[116.777287883705,-20.637020394934],[116.777272854969,-20.6370202138075],[116.777257785429,-20.6370190495125],[116.777233771208,-20.6370148800582],[116.777213587464,-20.6370090393681],[116.777196524718,-20.6370022683821],[116.777177664545,-20.636992553864],[116.777162904747,-20.636983030776],[116.777147267894,-20.6369706764863],[116.777136212781,-20.636960173255],[116.777125924144,-20.6369486797653],[116.777117356226,-20.6369374360816],[116.777109852336,-20.6369258711864],[116.777104257442,-20.6369157780051],[116.777097140597,-20.6369001166958],[116.777092418274,-20.6368867084359],[116.777089027216,-20.6368740292906],[116.77708605769,-20.6368572998598],[116.777084802629,-20.6368424774264],[116.777084798533,-20.6368202489119],[116.777084792298,-20.6367836730664],[116.777084786541,-20.6367507224564],[116.777085514374,-20.6363024529617],[116.777085547814,-20.636282131086],[116.777085571588,-20.6362677864985],[116.777085588092,-20.6362571150275],[116.777084904848,-20.6362490739306],[116.777080303915,-20.6362353748677],[116.777073122806,-20.6362249742211],[116.77706528225,-20.6362178735664],[116.777054528931,-20.6362117558801],[116.77704337042,-20.6362083565965],[116.777032866906,-20.6362073490781],[116.776539068444,-20.6362067108363],[116.776515576264,-20.6362066804371],[116.776494231183,-20.6362061043295],[116.776478409118,-20.6362043254502],[116.776458054071,-20.6362001949616],[116.776434647676,-20.636192694618],[116.776418224038,-20.6361854725838],[116.776400719443,-20.6361757100381],[116.77638554463,-20.6361651960031],[116.776370838197,-20.6361527416448],[116.776360551922,-20.6361423360443],[116.77635146115,-20.6361316247681],[116.776343238034,-20.6361203128189],[116.776335356037,-20.6361074407974],[116.776326806982,-20.6360899306467],[116.776319707234,-20.6360698760336],[116.776315458856,-20.6360514407466],[116.776313430825,-20.6360355393133],[116.776312872574,-20.6360122799781],[116.776312977406,-20.6359405570234],[116.776313097527,-20.6358577171217],[116.776314467216,-20.6349133631503],[116.776315137631,-20.6344513678512],[116.775831416789,-20.634450746104],[116.775831449875,-20.6344281561937],[116.776315170646,-20.6344287779402],[116.77631622573,-20.6337015869772],[116.776340222416,-20.6337016180538],[116.776339132937,-20.6344524236074],[116.776338472827,-20.6349074169388],[116.776337094551,-20.6358577482018],[116.776336856613,-20.6360212123854],[116.776337530276,-20.6360357819682],[116.776340445099,-20.636054407994],[116.776346484394,-20.6360749708622],[116.776350943604,-20.6360857619825],[116.776357671534,-20.6360988294933],[116.776365019766,-20.6361104357855],[116.776375104429,-20.6361234931847],[116.776388772635,-20.6361376639381],[116.776403093169,-20.6361494780479],[116.776414208166,-20.6361570248312],[116.776435275637,-20.6361682485877],[116.77646072125,-20.6361774286486],[116.776480648826,-20.6361817772543],[116.776509397849,-20.6361840824922],[116.776539101429,-20.6361841209295],[116.777032899819,-20.6361847591705],[116.777046782791,-20.6361859689398],[116.777060451045,-20.6361896109166],[116.777070535787,-20.6361940922271],[116.77708463879,-20.6362037201964],[116.777095273217,-20.6362150189583],[116.77710203528,-20.6362257886347],[116.777107148573,-20.6362389796327],[116.777109294046,-20.6362507535729],[116.777109508856,-20.6363042775738],[116.777108784577,-20.6367501561534],[116.77710870715,-20.6367980431301],[116.77710866161,-20.6368260148492],[116.777108975379,-20.6368452058672],[116.777112678838,-20.636870107481],[116.777115700772,-20.6368811723235],[116.777121297029,-20.6368962605957],[116.777129020715,-20.636911792569],[116.777139302981,-20.6369276594643],[116.777148815625,-20.6369394293564],[116.777158478651,-20.6369494419441],[116.777171059466,-20.6369603049674],[116.777181761556,-20.6369680237558],[116.777198088722,-20.6369776383205],[116.777210880127,-20.6369836321234],[116.777227238522,-20.6369895998044],[116.777245413056,-20.6369942306944],[116.777269153256,-20.6369973895712],[116.777286393238,-20.6369978030636],[116.777792303268,-20.6369984547733],[116.777825410855,-20.6369977790102],[116.777851235023,-20.6369936412238],[116.777865582543,-20.6369896431867],[116.777881446676,-20.6369836691233],[116.777894590994,-20.6369773409642],[116.777905646732,-20.6369709152404],[116.777918897046,-20.6369616586549],[116.777932264781,-20.636950200151],[116.7779479628,-20.636933012217],[116.777960692007,-20.6369144117551],[116.777971952841,-20.636891000456],[116.777976222723,-20.6368782272631],[116.777979978602,-20.6368618019698],[116.777981758986,-20.6368473909675],[116.777982195866,-20.6368360531817],[116.777984418792,-20.6353050880431],[116.777983316904,-20.63528652401],[116.777980416989,-20.6352700648563],[116.777975893715,-20.6352544078179],[116.777971270585,-20.6352407557353],[116.777963461446,-20.6352272224459],[116.777953946229,-20.6352126243312],[116.777944689558,-20.6352011014928],[116.777934232064,-20.6351902520978],[116.777922656064,-20.6351802352849],[116.77791232816,-20.6351726905136],[116.777895451769,-20.6351626352569],[116.777881203388,-20.6351559836184],[116.777867066122,-20.6351508140225],[116.777856213422,-20.6351477242153],[116.777842989412,-20.6351449177978],[116.777830234216,-20.635143162867],[116.777817829967,-20.635142322828],[116.777798274542,-20.6351422009841],[116.77658763027,-20.6351406463565],[116.776570890322,-20.6351397635718],[116.776556916568,-20.6351376852897],[116.776537955536,-20.6351328075318],[116.776519863551,-20.6351257134666],[116.776505280857,-20.6351179796755],[116.776490554669,-20.6351079406188],[116.776482141935,-20.6351009593754],[116.776471640634,-20.6350906050076],[116.776464025622,-20.6350816097721],[116.776456650669,-20.6350712395707],[116.776450321651,-20.6350604397065],[116.776446358665,-20.6350523148443],[116.776442077889,-20.6350416097981],[116.77643879724,-20.6350309503227],[116.776436534197,-20.6350208551062],[116.776434927586,-20.6350095309423],[116.776434270936,-20.6349977670522],[116.776434305162,-20.6349756515331]]]},"properties":{"OBJECTID":146,"Layer":null,"RefName":null,"Area_ha":null,"Shape__Area":2336.670166015625,"Shape__Length":1873.915298531755}},{"type":"Feature","id":147,"geometry":{"type":"Polygon","coordinates":[[[116.776905677404,-20.633897309731],[116.777097651146,-20.6338975575974],[116.777097391245,-20.6340760179133],[116.77690541728,-20.6340757700445],[116.776905677404,-20.633897309731]]]},"properties":{"OBJECTID":147,"Layer":null,"RefName":null,"Area_ha":null,"Shape__Area":395.00048828125,"Shape__Length":79.5}},{"type":"Feature","id":148,"geometry":{"type":"Polygon","coordinates":[[[116.776498155204,-20.6340652994002],[116.776538469733,-20.6340653515653],[116.776538376066,-20.6341295060125],[116.776510539833,-20.6341294699946],[116.776510560719,-20.6341151660622],[116.776507201398,-20.6341150081035],[116.776507186727,-20.6341250551929],[116.776498067961,-20.6341250433927],[116.776498155204,-20.6340652994002]]]},"properties":{"OBJECTID":148,"Layer":null,"RefName":null,"Area_ha":null,"Shape__Area":28.79931640625,"Shape__Length":24.80701261370626}},{"type":"Feature","id":149,"geometry":{"type":"Polygon","coordinates":[[[116.776765062176,-20.6338255467959],[116.776764928614,-20.6338269589474],[116.776764536911,-20.6338283273924],[116.776763898645,-20.6338296114841],[116.77676303307,-20.6338307714891],[116.776761967114,-20.6338317722017],[116.776760732497,-20.6338325838444],[116.776759366691,-20.6338331811646],[116.776757911955,-20.6338335461452],[116.7767564115,-20.6338336679987],[116.776754911407,-20.6338335422668],[116.776753457742,-20.6338331735269],[116.776752093683,-20.6338325726781],[116.776750861438,-20.6338317578469],[116.776749798406,-20.6338307543824],[116.776748936218,-20.6338295921442],[116.7767483017,-20.6338283064073],[116.77674791399,-20.6338269369549],[116.776747784548,-20.6338255244635],[116.77674791811,-20.6338241123121],[116.776748309813,-20.6338227438671],[116.77674894808,-20.6338214597754],[116.776749813655,-20.6338202997706],[116.776750879611,-20.633819299058],[116.776752114227,-20.6338184874154],[116.776753480034,-20.6338178900952],[116.776754934769,-20.6338175251147],[116.776756435224,-20.6338174032612],[116.776757935317,-20.6338175289931],[116.776759388982,-20.6338178977329],[116.776760753041,-20.6338184985816],[116.776761985286,-20.6338193134128],[116.776763048318,-20.6338203168772],[116.776763910506,-20.6338214791153],[116.776764545024,-20.6338227648521],[116.776764932734,-20.6338241343046],[116.776765062176,-20.6338255467959]]]},"properties":{"OBJECTID":149,"Layer":null,"RefName":null,"Area_ha":null,"Shape__Area":2.531005859375,"Shape__Length":5.647541612189299}},{"type":"Feature","id":150,"geometry":{"type":"Polygon","coordinates":[[[116.776771808348,-20.6338069784392],[116.776741092568,-20.6338069387371],[116.776741191421,-20.6337391689969],[116.776771907187,-20.6337392086988],[116.776771808348,-20.6338069784392]]]},"properties":{"OBJECTID":150,"Layer":null,"RefName":null,"Area_ha":null,"Shape__Area":23.99951171875,"Shape__Length":21.40000000037253}},{"type":"Feature","id":151,"geometry":{"type":"Polygon","coordinates":[[[116.776557134731,-20.6344668760111],[116.777060107799,-20.6344675260003],[116.777059415245,-20.6349482393259],[116.776556440598,-20.6349475893202],[116.776557134731,-20.6344668760111]]]},"properties":{"OBJECTID":151,"Layer":null,"RefName":null,"Area_ha":null,"Shape__Area":2787.679931640625,"Shape__Length":211.2000000103537}},{"type":"Feature","id":152,"geometry":{"type":"Polygon","coordinates":[[[116.776552029078,-20.6353393774184],[116.776962856749,-20.6353399084688],[116.776962457743,-20.6356136981695],[116.776551629337,-20.6356131671114],[116.776552029078,-20.6353393774184]]]},"properties":{"OBJECTID":152,"Layer":null,"RefName":null,"Area_ha":null,"Shape__Area":1296.84033203125,"Shape__Length":146.19999999925494}},{"type":"Feature","id":153,"geometry":{"type":"Polygon","coordinates":[[[116.777390335583,-20.63628929941],[116.777390296152,-20.6363164072994],[116.777390201516,-20.6363814662335],[116.777286054068,-20.6363813319534],[116.777286196746,-20.6362832917547],[116.777390344127,-20.636283426034],[116.777390335583,-20.63628929941]]]},"properties":{"OBJECTID":153,"Layer":null,"RefName":null,"Area_ha":null,"Shape__Area":117.72265625,"Shape__Length":43.40000000037253}},{"type":"Feature","id":154,"geometry":{"type":"Polygon","coordinates":[[[116.777390335583,-20.63628929941],[116.777404189585,-20.6362893172676],[116.777404150156,-20.6363164251569],[116.777390296152,-20.6363164072994],[116.777390335583,-20.63628929941]]]},"properties":{"OBJECTID":154,"Layer":null,"RefName":null,"Area_ha":null,"Shape__Area":4.330078125,"Shape__Length":8.886599998921156}},{"type":"Feature","id":155,"geometry":{"type":"Polygon","coordinates":[[[116.777282520949,-20.6353403562424],[116.77768614956,-20.6353408762882],[116.777685239931,-20.6359670685918],[116.777281609669,-20.6359665485288],[116.777282520949,-20.6353403562424]]]},"properties":{"OBJECTID":155,"Layer":null,"RefName":null,"Area_ha":null,"Shape__Area":2914.064453125,"Shape__Length":222.69999999925494}},{"type":"Feature","id":156,"geometry":{"type":"Polygon","coordinates":[[[116.776224124973,-20.6341817400544],[116.776224397379,-20.6339829497105],[116.776294620451,-20.6339830397773],[116.776294339495,-20.6341818310145],[116.776224124973,-20.6341817400544]]]},"properties":{"OBJECTID":156,"Layer":null,"RefName":null,"Area_ha":null,"Shape__Area":160.939453125,"Shape__Length":58.63080010584845}},{"type":"Feature","id":157,"geometry":{"type":"Polygon","coordinates":[[[116.776120525688,-20.6340998997359],[116.776176201023,-20.6340999718966],[116.776176138917,-20.6341424409305],[116.776120463567,-20.6341423687696],[116.776120525688,-20.6340998997359]]]},"properties":{"OBJECTID":157,"Layer":null,"RefName":null,"Area_ha":null,"Shape__Area":27.26123046875,"Shape__Length":21.00059999898076}},{"type":"Feature","id":158,"geometry":{"type":"Polygon","coordinates":[[[116.776176167988,-20.6341225618082],[116.776224205652,-20.6341226195374],[116.776224200009,-20.6341271357138],[116.776176161383,-20.6341270779834],[116.776176167988,-20.6341225618082]]]},"properties":{"OBJECTID":158,"Layer":null,"RefName":null,"Area_ha":null,"Shape__Area":2.501220703125,"Shape__Length":11.008900061602615}},{"type":"Feature","id":159,"geometry":{"type":"Polygon","coordinates":[[[116.776087814418,-20.6341588144004],[116.776108931564,-20.6341588417765],[116.776108902484,-20.6341787208985],[116.776087785335,-20.6341786935224],[116.776087814418,-20.6341588144004]]]},"properties":{"OBJECTID":159,"Layer":null,"RefName":null,"Area_ha":null,"Shape__Area":4.84033203125,"Shape__Length":8.800000000745058}},{"type":"Feature","id":175,"geometry":{"type":"Polygon","coordinates":[[[116.776479045444,-20.6342885483598],[116.776479045117,-20.6342887724517],[116.777115711593,-20.6342894163353],[116.777115678697,-20.634312006248],[116.776478965778,-20.6343115502518],[116.776471850651,-20.6343138967237],[116.776466534317,-20.6343175638732],[116.776463495223,-20.6343209430113],[116.776460993165,-20.6343253168024],[116.776459736734,-20.6343292304671],[116.776459454994,-20.6343512589222],[116.776435458206,-20.6343512278612],[116.776435560314,-20.6343286380392],[116.776437328592,-20.6343206208944],[116.776439871697,-20.634314431828],[116.77644376269,-20.6343080881838],[116.776448504794,-20.6343026040595],[116.776453212194,-20.6342985358283],[116.776458234298,-20.6342952170873],[116.776463434834,-20.6342926259736],[116.776469450576,-20.6342905048823],[116.776479045444,-20.6342885483598]]]},"properties":{"OBJECTID":175,"Layer":null,"RefName":null,"Area_ha":null,"Shape__Area":184.967041015625,"Shape__Length":152.432378705087}},{"type":"Feature","id":177,"geometry":{"type":"Polygon","coordinates":[[[116.776734085441,-20.635266444017],[116.776758082373,-20.6352664750378],[116.776758050382,-20.6352890649485],[116.776734053446,-20.6352890339277],[116.776734085441,-20.635266444017]]]},"properties":{"OBJECTID":177,"Layer":null,"RefName":null,"Area_ha":null,"Shape__Area":6.25048828125,"Shape__Length":10.000000003999986}},{"type":"Feature","id":178,"geometry":{"type":"Polygon","coordinates":[[[116.776995843982,-20.635266778597],[116.777019841874,-20.6352668095826],[116.777019808962,-20.6352893994926],[116.776995812024,-20.6352893694117],[116.776995843982,-20.635266778597]]]},"properties":{"OBJECTID":178,"Layer":null,"RefName":null,"Area_ha":null,"Shape__Area":6.250244140625,"Shape__Length":10.00020000459152}},{"type":"Feature","id":179,"geometry":{"type":"Polygon","coordinates":[[[116.776758082373,-20.6352664750378],[116.776734085441,-20.635266444017],[116.776734103974,-20.6352537403555],[116.776529924658,-20.6352534762787],[116.776517421714,-20.6352544892983],[116.77650529688,-20.6352575313839],[116.776493916004,-20.635262509035],[116.776483626784,-20.6352692708972],[116.776474741479,-20.635277612258],[116.776467529225,-20.635287279555],[116.776462210265,-20.635297979404],[116.776458946334,-20.6353093849122],[116.776457834884,-20.6353211519347],[116.776456808246,-20.6360220381635],[116.776457447758,-20.6360297665613],[116.776459373794,-20.636037304158],[116.776462537676,-20.636044461135],[116.776466859995,-20.6360510593806],[116.776472232525,-20.6360569333962],[116.776478522055,-20.6360619375301],[116.776485571349,-20.6360659459784],[116.776493202974,-20.6360688582122],[116.776501226018,-20.6360706016964],[116.776509441851,-20.6360711328012],[116.777033064379,-20.636071809632],[116.777042233316,-20.6360710660616],[116.777051125092,-20.6360688357143],[116.777059470843,-20.636065185109],[116.777067016037,-20.6360602259636],[116.777073532002,-20.6360541088839],[116.777078820731,-20.6360470197555],[116.77708272161,-20.6360391734275],[116.777085115265,-20.6360308091996],[116.777085930297,-20.6360221799869],[116.777086950195,-20.635321966],[116.777085963542,-20.6353106923403],[116.777082999084,-20.6352997296762],[116.777078137967,-20.6352893835287],[116.777071517033,-20.6352799432255],[116.777063320194,-20.6352716719509],[116.77705377653,-20.6352647986107],[116.777043150686,-20.6352595151092],[116.77703173905,-20.6352559700189],[116.777019860158,-20.6352542604359],[116.777019841874,-20.6352668095826],[116.776995843982,-20.635266778597],[116.776995869072,-20.6352495596641],[116.776996109321,-20.6352467326158],[116.776996815969,-20.6352439766505],[116.776997972598,-20.6352413586131],[116.77699955032,-20.6352389426218],[116.777001509691,-20.6352367891667],[116.777003802642,-20.6352349496909],[116.777006373431,-20.635233472013],[116.777009157696,-20.6352323903867],[116.777012088206,-20.635231731833],[116.777015091025,-20.635231513425],[116.777030104762,-20.6352326451384],[116.777044746704,-20.6352359739211],[116.777058654138,-20.6352414179812],[116.777071486503,-20.6352488431467],[116.777082926345,-20.6352580664812],[116.777092692751,-20.6352688608194],[116.777100545176,-20.6352809610969],[116.777106290162,-20.6352940679732],[116.777109786113,-20.6353078604884],[116.777110947137,-20.6353219969718],[116.777109927348,-20.6360222109599],[116.777108742809,-20.6360347622148],[116.777105259908,-20.6360469291849],[116.777099586689,-20.6360583415344],[116.777091894517,-20.6360686534061],[116.777082416138,-20.6360775515518],[116.777071440874,-20.6360847643616],[116.777059302123,-20.6360900735949],[116.777046367754,-20.6360933188859],[116.777033031467,-20.6360943995399],[116.776509538446,-20.6360937228759],[116.776497555455,-20.636092925756],[116.77648585437,-20.6360903624659],[116.77647472786,-20.6360860984438],[116.776464453181,-20.6360802379623],[116.776455286405,-20.6360729286395],[116.776447456681,-20.6360643514919],[116.77644115855,-20.6360547218277],[116.776436549085,-20.6360442784003],[116.776433743091,-20.6360332815947],[116.776432811196,-20.6360220070997],[116.776433837944,-20.6353211208722],[116.776435318919,-20.6353054318089],[116.77643967211,-20.6352902235634],[116.776446764379,-20.6352759577017],[116.776456380076,-20.6352630685751],[116.776468227791,-20.6352519461602],[116.776481946111,-20.6352429297418],[116.776497119969,-20.6352362934761],[116.776513287373,-20.6352322373637],[116.776529957642,-20.6352308863695],[116.776738935354,-20.6352311566491],[116.776742268606,-20.6352314356519],[116.776745500283,-20.635232254875],[116.776748530592,-20.6352335906958],[116.776751269364,-20.6352354014323],[116.776753632212,-20.635237631856],[116.776755548202,-20.6352402150088],[116.776756958897,-20.6352430712987],[116.776757820267,-20.6352461157305],[116.776758107492,-20.6352492542979],[116.776758082373,-20.6352664750378]]]},"properties":{"OBJECTID":179,"Layer":null,"RefName":null,"Area_ha":null,"Shape__Area":714.795166015625,"Shape__Length":576.8153051643593}},{"type":"Feature","id":181,"geometry":{"type":"Polygon","coordinates":[[[116.777887091236,-20.6362578811723],[116.77788625229,-20.6368359099289],[116.777885293265,-20.6368472190313],[116.777882466703,-20.6368582474234],[116.777877841149,-20.636868724114],[116.777871532165,-20.636878389919],[116.777863693679,-20.6368870073898],[116.777854519895,-20.6368943653343],[116.777844235692,-20.636900280611],[116.777833095653,-20.6369046080681],[116.777821373498,-20.6369072423365],[116.777809357293,-20.6369081169206],[116.777281373026,-20.6369074367959],[116.777269361328,-20.6369065312602],[116.777257648793,-20.6369038686116],[116.777246522336,-20.6368995133756],[116.777236256328,-20.6368935725309],[116.777227103965,-20.6368861945943],[116.777219291519,-20.6368775587702],[116.777213008739,-20.6368678785527],[116.777208412697,-20.6368573926945],[116.777205616285,-20.6368463597704],[116.777204687259,-20.6368350500436],[116.777205531159,-20.6362567050575],[116.777206494014,-20.6362454348182],[116.777209327274,-20.6362344462036],[116.777213959509,-20.6362240138152],[116.777220275155,-20.6362143959329],[116.777228118363,-20.6362058327126],[116.777237293967,-20.6361985353442],[116.77724757325,-20.6361926860593],[116.77725870163,-20.6361884309121],[116.777270402508,-20.6361858743633],[116.777282383985,-20.6361850810953],[116.777810360001,-20.6361857611867],[116.777823665273,-20.6361868716582],[116.777836564272,-20.6361901330729],[116.777848669343,-20.6361954491509],[116.777859613085,-20.6362026585793],[116.777869065617,-20.6362115422634],[116.777876740319,-20.6362218332732],[116.777882406313,-20.6362332195708],[116.777885891316,-20.636245358471],[116.777887091236,-20.6362578811723]],[[116.777863094006,-20.6362579469918],[116.777862268526,-20.6362493355443],[116.777859872291,-20.6362409877342],[116.777855975964,-20.6362331575634],[116.777850698229,-20.6362260810234],[116.777844198116,-20.6362199715679],[116.777836672135,-20.6362150137836],[116.77782834756,-20.6362113579599],[116.777819476679,-20.6362091146603],[116.777810327204,-20.6362083510955],[116.777282255122,-20.6362076708794],[116.77727403869,-20.636208204249],[116.777266012475,-20.6362099468776],[116.777258379073,-20.6362128565575],[116.777251325768,-20.6362168612425],[116.777245029326,-20.6362218599577],[116.777239647347,-20.6362277282099],[116.777235312508,-20.636234320691],[116.777232133516,-20.6362414730865],[116.77723018934,-20.6362490074896],[116.777229528247,-20.6362567360142],[116.777228684438,-20.6368350810012],[116.777229322964,-20.6368428563816],[116.777231246098,-20.6368504418563],[116.777234406117,-20.6368576512226],[116.777238724571,-20.6368643054668],[116.777244096107,-20.6368702427089],[116.777250388476,-20.6368753154917],[116.777257445397,-20.6368793989171],[116.777265095196,-20.6368823933678],[116.777273147921,-20.6368842245037],[116.777281405902,-20.6368848468898],[116.777809390091,-20.6368855270137],[116.777817655612,-20.6368849250086],[116.777825719395,-20.6368831119224],[116.777833382677,-20.6368801326792],[116.777840455291,-20.6368760620331],[116.777846763355,-20.6368709982525],[116.777852152143,-20.6368650676424],[116.77785648802,-20.63685841551],[116.777859664199,-20.6368512061731],[116.77786160267,-20.6368436184436],[116.777862255169,-20.6368358384008],[116.777863094006,-20.6362579469918]]]},"properties":{"OBJECTID":181,"Layer":null,"RefName":null,"Area_ha":null,"Shape__Area":700.366943359375,"Shape__Length":560.5683968285696}},{"type":"Feature","id":183,"geometry":{"type":"Polygon","coordinates":[[[116.777888447095,-20.6353229986535],[116.777887431823,-20.6360232126798],[116.777886469921,-20.6360345235867],[116.777883638574,-20.6360455528775],[116.777879009206,-20.6360560295644],[116.777872695457,-20.6360656953644],[116.777864852215,-20.6360743119268],[116.777855673685,-20.6360816671555],[116.777845385701,-20.6360875797176],[116.777834240927,-20.6360919035551],[116.777822515003,-20.6360945323979],[116.77781049695,-20.6360954015587],[116.777282555802,-20.6360947215151],[116.777270544167,-20.63609381598],[116.777258831695,-20.6360911533318],[116.777247705296,-20.636086798096],[116.777237439343,-20.6360808572513],[116.777228287028,-20.6360734793145],[116.777220474623,-20.63606484349],[116.777214191875,-20.6360551632719],[116.777209595857,-20.636044677413],[116.777206799459,-20.636033644488],[116.777205870438,-20.6360223347602],[116.777206895548,-20.6353221198714],[116.777208376444,-20.6353064308008],[116.777212729558,-20.6352912225351],[116.777219821755,-20.635276956641],[116.777229437388,-20.6352640674707],[116.777241285047,-20.6352529450023],[116.777255003322,-20.6352439285221],[116.777270177148,-20.6352372921882],[116.777286344532,-20.6352332360032],[116.777303014796,-20.6352318849343],[116.777792590518,-20.635232515534],[116.777809256792,-20.6352339095422],[116.777825412325,-20.635238007361],[116.777840566803,-20.6352446827596],[116.777854259775,-20.6352537354509],[116.777866074098,-20.6352648874941],[116.777875653186,-20.6352778022923],[116.777882702925,-20.6352920864026],[116.777887011813,-20.6353073058261],[116.777888447095,-20.6353229986535]],[[116.777864450152,-20.6353229677897],[116.777863373933,-20.6353111979434],[116.777860142269,-20.6352997831495],[116.777854854485,-20.6352890705173],[116.77784767041,-20.6352793846441],[116.777838809428,-20.6352710203846],[116.777828539938,-20.6352642310915],[116.777817174559,-20.6352592240907],[116.777805057667,-20.6352561507259],[116.77779255772,-20.6352551054452],[116.777302981925,-20.6352544748447],[116.777290478986,-20.6352554879203],[116.777278354166,-20.6352585300604],[116.777266973315,-20.6352635077626],[116.777256684128,-20.6352702696712],[116.777247798865,-20.6352786110722],[116.77724058666,-20.6352882784019],[116.777235267753,-20.6352989782752],[116.777232003878,-20.6353103847021],[116.777230892489,-20.6353221508266],[116.777229867489,-20.6360223657165],[116.777230506012,-20.6360301410976],[116.777232429137,-20.6360377265729],[116.777235589139,-20.6360449359397],[116.777239907571,-20.6360515901842],[116.777245279079,-20.6360575274266],[116.777251571414,-20.6360626002096],[116.777258628298,-20.636066683635],[116.777266278056,-20.6360696780855],[116.777274330739,-20.6360715092211],[116.777282588677,-20.6360721316068],[116.777810542225,-20.6360728116657],[116.777818804816,-20.6360722141745],[116.777826866628,-20.6360704065068],[116.77783452794,-20.6360674335856],[116.777841601467,-20.636063369265],[116.777847911406,-20.6360583127149],[116.777853303036,-20.6360523884328],[116.777857644638,-20.6360457435357],[116.77786082655,-20.6360385405305],[116.777862772682,-20.6360309582317],[116.777863434771,-20.6360231818149],[116.777864450152,-20.6353229677897]]]},"properties":{"OBJECTID":183,"Layer":null,"RefName":null,"Area_ha":null,"Shape__Area":773.65234375,"Shape__Length":619.2611227911141}},{"type":"Feature","id":184,"geometry":{"type":"Polygon","coordinates":[[[116.771834597694,-20.6268043141602],[116.770494768078,-20.6268025394619],[116.770490760585,-20.6267898801423],[116.771834616545,-20.6267916638028],[116.771834597694,-20.6268043141602]]]},"properties":{"OBJECTID":184,"Layer":null,"RefName":null,"Area_ha":null,"Shape__Area":195.74951171875,"Shape__Length":282.4637824873049}},{"type":"Feature","id":185,"geometry":{"type":"Polygon","coordinates":[[[116.770488313777,-20.6268201167249],[116.76941325074,-20.6234238355807],[116.769424352362,-20.6234209380963],[116.770499383142,-20.6268171197357],[116.770488313777,-20.6268201167249]]]},"properties":{"OBJECTID":185,"Layer":null,"RefName":null,"Area_ha":null,"Shape__Area":470.632568359375,"Shape__Length":786.7812837668737}},{"type":"Feature","id":187,"geometry":{"type":"Polygon","coordinates":[[[116.769424352362,-20.6234209380963],[116.76941325074,-20.6234238355807],[116.769098658438,-20.6232036285664],[116.769106119897,-20.623198569347],[116.769424352362,-20.6234209380963]]]},"properties":{"OBJECTID":187,"Layer":null,"RefName":null,"Area_ha":null,"Shape__Area":38.19677734375,"Shape__Length":84.29298045281104}},{"type":"Feature","id":188,"geometry":{"type":"Polygon","coordinates":[[[116.771654043646,-20.6269093954622],[116.771654289018,-20.6268040759338],[116.771667620972,-20.6268040935546],[116.771667481189,-20.6269094132227],[116.771654043646,-20.6269093954622]]]},"properties":{"OBJECTID":188,"Layer":null,"RefName":null,"Area_ha":null,"Shape__Area":16.25390625,"Shape__Length":26.10020377101162}},{"type":"Feature","id":189,"geometry":{"type":"Polygon","coordinates":[[[116.771816429187,-20.6268042901643],[116.771814191682,-20.6283365275816],[116.771806513014,-20.6283365174387],[116.771808811065,-20.6268042801021],[116.771816429187,-20.6268042901643]]]},"properties":{"OBJECTID":189,"Layer":null,"RefName":null,"Area_ha":null,"Shape__Area":135.1220703125,"Shape__Length":340.73550007498784}},{"type":"Feature","id":190,"geometry":{"type":"Polygon","coordinates":[[[116.771793623338,-20.6282972679688],[116.772333514193,-20.6282979803253],[116.772333503444,-20.6283052091],[116.771793612563,-20.6283044967432],[116.771793623338,-20.6282972679688]]]},"properties":{"OBJECTID":190,"Layer":null,"RefName":null,"Area_ha":null,"Shape__Area":44.9990234375,"Shape__Length":114.09679999947548}},{"type":"Feature","id":191,"geometry":{"type":"Polygon","coordinates":[[[116.771799819405,-20.6283195841954],[116.77179838053,-20.6292849110579],[116.772210715084,-20.6292854534658],[116.772210704329,-20.6292926822396],[116.771790691132,-20.6292920673393],[116.771792140738,-20.6283195740519],[116.771799819405,-20.6283195841954]]]},"properties":{"OBJECTID":191,"Layer":null,"RefName":null,"Area_ha":null,"Shape__Area":120.32080078125,"Shape__Length":302.7737005141103}},{"type":"Feature","id":192,"geometry":{"type":"Polygon","coordinates":[[[116.773024809324,-20.6347048896138],[116.773344928496,-20.6346240241548],[116.77400917734,-20.6353995048838],[116.773023788184,-20.6353934317034],[116.773024809324,-20.6347048896138]]]},"properties":{"OBJECTID":192,"Layer":"Waste Management (0.57ha)","RefName":null,"Area_ha":0.5652032138863584,"Shape__Area":5652.03173828125,"Shape__Length":323.6360477388585}},{"type":"Feature","id":193,"geometry":{"type":"Polygon","coordinates":[[[116.774842038535,-20.6340695259226],[116.775153195912,-20.6345904941557],[116.774296588416,-20.6351736315527],[116.773605035675,-20.6343850356311],[116.774842038535,-20.6340695259226]]]},"properties":{"OBJECTID":193,"Layer":"Concrete Batching Plant (1.05ha)","RefName":null,"Area_ha":1.0499929876260758,"Shape__Area":10499.929931640625,"Shape__Length":422.961340701838}}]}