{"type":"FeatureCollection","name":"Proposed Project Infrastructure","crs_epsg":28350,"source":"https://services-ap1.arcgis.com/oOhFjgN0cUEZBHqy/arcgis/rest/services/PR25_BDY_ProjectBoundaries/FeatureServer/0","geometryType":"esriGeometryPolygon","features":[{"type":"Feature","id":1,"geometry":{"type":"Polygon","coordinates":[[[476299.9824,7719159.5353],[476299.9592,7719159.2698],[476299.8902,7719159.0123],[476299.7776,7719158.7708],[476299.6247,7719158.5525],[476299.4363,7719158.3641],[476299.2179,7719158.2112],[476298.9764,7719158.0986],[476298.719,7719158.0296],[476298.4535,7719158.0064],[476298.188,7719158.0296],[476297.9306,7719158.0986],[476297.689,7719158.2112],[476297.4707,7719158.3641],[476297.2823,7719158.5525],[476297.1294,7719158.7708],[476297.0168,7719159.0123],[476296.9478,7719159.2698],[476296.9246,7719159.5353],[476296.9478,7719159.8008],[476297.0168,7719160.0582],[476297.1294,7719160.2997],[476297.2823,7719160.518],[476297.4707,7719160.7065],[476297.689,7719160.8593],[476297.9306,7719160.972],[476298.188,7719161.0409],[476298.4535,7719161.0642],[476298.719,7719161.0409],[476298.9764,7719160.972],[476299.2179,7719160.8593],[476299.4363,7719160.7065],[476299.6247,7719160.518],[476299.7776,7719160.2997],[476299.8902,7719160.0582],[476299.9592,7719159.8008],[476299.9824,7719159.5353]]]},"properties":{"OBJECTID":1,"Layer":"FLARE STACK","RefName":" ","Area_ha":0.0007306411729936399,"Shape__Area":7.305908203125,"Shape__Length":9.594209863871498}},{"type":"Feature","id":2,"geometry":{"type":"Polygon","coordinates":[[[476151.3486,7719124.2258],[476221.3486,7719124.2258],[476221.3486,7718824.2258],[476151.3486,7718824.2258],[476151.3486,7719124.2258]]]},"properties":{"OBJECTID":2,"Layer":"75,000 TON STORAGE BUILDING","RefName":" ","Area_ha":2.1,"Shape__Area":21000,"Shape__Length":740}},{"type":"Feature","id":3,"geometry":{"type":"Polygon","coordinates":[[[476201.9687,7718807.1952],[476222.6968,7718807.1952],[476222.6968,7718800.6495],[476201.9687,7718800.6495],[476201.9687,7718807.1952]]]},"properties":{"OBJECTID":3,"Layer":"STORAGE SUBSTN","RefName":" ","Area_ha":0.013567992416278051,"Shape__Area":135.6796875,"Shape__Length":54.54759999923408}},{"type":"Feature","id":4,"geometry":{"type":"Polygon","coordinates":[[[476156.6942,7718812.65],[476171.9676,7718812.65],[476171.9676,7718802.8314],[476156.6942,7718802.8314],[476156.6942,7718812.65]]]},"properties":{"OBJECTID":4,"Layer":"STORAGE SUBSTN","RefName":" ","Area_ha":0.0149963405255338,"Shape__Area":149.96337890625,"Shape__Length":50.18400000222027}},{"type":"Feature","id":5,"geometry":{"type":"Polygon","coordinates":[[[476190.5138,7718766.0664],[476178.0769,7718766.0664],[476178.0769,7718774.5758],[476190.5138,7718774.5758],[476190.5138,7718766.0664]]]},"properties":{"OBJECTID":5,"Layer":"GATE HOUSE","RefName":" ","Area_ha":0.010583055685906168,"Shape__Area":105.83056640625,"Shape__Length":41.89259999990463}},{"type":"Feature","id":6,"geometry":{"type":"Polygon","coordinates":[[[476251.0616,7718791.0492],[476330.4829,7718791.0492],[476330.4829,7718766.0664],[476251.0616,7718766.0664],[476251.0616,7718791.0492]]]},"properties":{"OBJECTID":6,"Layer":"CONTROL ROOM","RefName":" ","Area_ha":0.19841664536803436,"Shape__Area":1984.16650390625,"Shape__Length":208.8082000017166}},{"type":"Feature","id":7,"geometry":{"type":"Polygon","coordinates":[[[476347.1744,7718777.4123],[476347.1744,7718787.2308],[476404.013,7718787.2308],[476404.013,7718777.4123],[476347.1744,7718777.4123]]]},"properties":{"OBJECTID":7,"Layer":"UREA/AMMONIA SUBSTN","RefName":" ","Area_ha":0.055806979410656356,"Shape__Area":558.06982421875,"Shape__Length":133.31420000083745}},{"type":"Feature","id":8,"geometry":{"type":"Polygon","coordinates":[[[476355.4657,7718774.3576],[476399.5401,7718774.3576],[476399.5401,7718767.0482],[476355.4657,7718767.0482],[476355.4657,7718774.3576]]]},"properties":{"OBJECTID":8,"Layer":"UREA/AMMONIA SUBSTN","RefName":" ","Area_ha":0.03221574193478181,"Shape__Area":322.1572265625,"Shape__Length":102.76759999990463}},{"type":"Feature","id":9,"geometry":{"type":"Polygon","coordinates":[[[476517.0356,7718805.8861],[476517.0356,7718765.8482],[476436.7416,7718765.8482],[476436.7416,7718805.8861],[476517.0356,7718805.8861]],[[476446.7783,7718795.8493],[476446.7783,7718775.8849],[476506.7807,7718775.8849],[476506.7807,7718795.8493],[476446.7783,7718795.8493]]]},"properties":{"OBJECTID":9,"Layer":"CLEAN STORM WATER POND","RefName":" ","Area_ha":0.2016891228031449,"Shape__Area":2016.89111328125,"Shape__Length":400.59739999845624}},{"type":"Feature","id":10,"geometry":{"type":"Polygon","coordinates":[[[476446.7783,7718795.8493],[476506.7807,7718795.8493],[476506.7807,7718775.8849],[476446.7783,7718775.8849],[476446.7783,7718795.8493]]]},"properties":{"OBJECTID":10,"Layer":"CLEAN STORM WATER POND","RefName":" ","Area_ha":0.11979119145493135,"Shape__Area":1197.912109375,"Shape__Length":159.93359999917448}},{"type":"Feature","id":11,"geometry":{"type":"Polygon","coordinates":[[[476452.0149,7718840.9057],[476472.0884,7718840.9057],[476472.0884,7718820.9412],[476452.0149,7718820.9412],[476452.0149,7718840.9057]]]},"properties":{"OBJECTID":11,"Layer":"CPI","RefName":" ","Area_ha":0.04007573907441737,"Shape__Area":400.75732421875,"Shape__Length":80.07599999941885}},{"type":"Feature","id":12,"geometry":{"type":"Polygon","coordinates":[[[476517.0356,7718845.924],[476517.0356,7718815.9229],[476487.0345,7718815.9229],[476487.0345,7718845.924],[476517.0356,7718845.924]],[[476492.0528,7718840.9057],[476492.0528,7718820.9412],[476512.0173,7718820.9412],[476512.0173,7718840.9057],[476492.0528,7718840.9057]]]},"properties":{"OBJECTID":12,"Layer":"CONTAMINATED STORM WATER POND","RefName":" ","Area_ha":0.050148474095027123,"Shape__Area":501.48486328125,"Shape__Length":199.86240000091493}},{"type":"Feature","id":13,"geometry":{"type":"Polygon","coordinates":[[[476492.0528,7718840.9057],[476512.0173,7718840.9057],[476512.0173,7718820.9412],[476492.0528,7718820.9412],[476492.0528,7718840.9057]]]},"properties":{"OBJECTID":13,"Layer":"CONTAMINATED STORM WATER POND","RefName":" ","Area_ha":0.03985812602593711,"Shape__Area":398.5810546875,"Shape__Length":79.85800000093877}},{"type":"Feature","id":14,"geometry":{"type":"Polygon","coordinates":[[[476633.222,7718772.3939],[476620.6761,7718772.3939],[476620.6761,7718815.4865],[476633.222,7718815.4865],[476633.222,7718772.3939]]]},"properties":{"OBJECTID":14,"Layer":"AIR SEPARATION UNIT","RefName":" ","Area_ha":0.05406354503523134,"Shape__Area":540.63525390625,"Shape__Length":111.27700000070035}},{"type":"Feature","id":15,"geometry":{"type":"Polygon","coordinates":[[[476635.4039,7718821.2685],[476653.7864,7718821.2685],[476653.7864,7718817.4502],[476635.4039,7718817.4502],[476635.4039,7718821.2685]]]},"properties":{"OBJECTID":15,"Layer":"AIR SEPARATION UNIT","RefName":" ","Area_ha":0.007018989975478599,"Shape__Area":70.18994140625,"Shape__Length":44.4015999995172}},{"type":"Feature","id":16,"geometry":{"type":"Polygon","coordinates":[[[476658.3139,7718799.995],[476658.3139,7718817.0138],[476666.1687,7718817.0138],[476666.1687,7718799.995],[476658.3139,7718799.995]]]},"properties":{"OBJECTID":16,"Layer":"AIR SEPARATION UNIT","RefName":" ","Area_ha":0.013367927023540987,"Shape__Area":133.67919921875,"Shape__Length":49.747199999168515}},{"type":"Feature","id":17,"geometry":{"type":"Polygon","coordinates":[[[476654.4956,7718772.3939],[476641.9496,7718772.3939],[476641.9496,7718815.4865],[476654.4956,7718815.4865],[476654.4956,7718772.3939]]]},"properties":{"OBJECTID":17,"Layer":"AIR SEPARATION UNIT","RefName":" ","Area_ha":0.05406397596049932,"Shape__Area":540.6396484375,"Shape__Length":111.27720000036061}},{"type":"Feature","id":18,"geometry":{"type":"Polygon","coordinates":[[[476639.3313,7718834.7963],[476639.3313,7718846.7968],[476667.3688,7718846.7968],[476667.3688,7718834.7963],[476639.3313,7718834.7963]]]},"properties":{"OBJECTID":18,"Layer":"SUBSTATION","RefName":" ","Area_ha":0.033646401875900366,"Shape__Area":336.46435546875,"Shape__Length":80.0760000012815}},{"type":"Feature","id":19,"geometry":{"type":"Polygon","coordinates":[[[476623.6216,7718911.3811],[476635.6221,7718911.3811],[476635.6221,7718886.3983],[476623.6216,7718886.3983],[476623.6216,7718911.3811]]]},"properties":{"OBJECTID":19,"Layer":null,"RefName":" ","Area_ha":0.029980609140621402,"Shape__Area":299.80615234375,"Shape__Length":73.9666000008583}},{"type":"Feature","id":20,"geometry":{"type":"Polygon","coordinates":[[[476641.6223,7718898.3988],[476653.6228,7718898.3988],[476653.6228,7718886.3983],[476641.6223,7718886.3983],[476641.6223,7718898.3988]]]},"properties":{"OBJECTID":20,"Layer":"POWER GENERATION","RefName":" ","Area_ha":0.014401200025196704,"Shape__Area":144.01171875,"Shape__Length":48.002000000327826}},{"type":"Feature","id":21,"geometry":{"type":"Polygon","coordinates":[[[476723.4437,7718888.0348],[476723.4437,7718897.8533],[476756.2814,7718897.8533],[476756.2814,7718888.0348],[476723.4437,7718888.0348]]]},"properties":{"OBJECTID":21,"Layer":null,"RefName":" ","Area_ha":0.03224169574520345,"Shape__Area":322.4169921875,"Shape__Length":85.31240000016987}},{"type":"Feature","id":22,"geometry":{"type":"Polygon","coordinates":[[[476719.6254,7718908.2174],[476767.6273,7718908.2174],[476767.6273,7718899.2716],[476719.6254,7718899.2716],[476719.6254,7718908.2174]]]},"properties":{"OBJECTID":22,"Layer":null,"RefName":" ","Area_ha":0.042941539705460316,"Shape__Area":429.41552734375,"Shape__Length":113.89540000073612}},{"type":"Feature","id":23,"geometry":{"type":"Polygon","coordinates":[[[476780.3914,7718881.1618],[476780.3914,7718905.1627],[476786.9371,7718905.1627],[476786.9371,7718881.1618],[476780.3914,7718881.1618]]]},"properties":{"OBJECTID":23,"Layer":"U&O & 33kV SUBSTATION & RIE","RefName":" ","Area_ha":0.015710269112420946,"Shape__Area":157.1025390625,"Shape__Length":61.09320000000298}},{"type":"Feature","id":24,"geometry":{"type":"Polygon","coordinates":[[[476758.5724,7718933.0911],[476758.5724,7718941.4914],[476781.1551,7718941.4914],[476781.1551,7718933.0911],[476758.5724,7718933.0911]]]},"properties":{"OBJECTID":24,"Layer":null,"RefName":" ","Area_ha":0.018970145480811832,"Shape__Area":189.70166015625,"Shape__Length":61.9660000000149}},{"type":"Feature","id":25,"geometry":{"type":"Polygon","coordinates":[[[476801.665,7718911.0539],[476801.665,7719066.0781],[476830.6843,7719066.0781],[476830.6843,7718911.0539],[476801.665,7718911.0539]]]},"properties":{"OBJECTID":25,"Layer":"SEAWATER COOLING TOWER","RefName":" ","Area_ha":0.44986937670268573,"Shape__Area":4498.69384765625,"Shape__Length":368.08699999935925}},{"type":"Feature","id":26,"geometry":{"type":"Polygon","coordinates":[[[476728.6803,7719092.9155],[476736.6442,7719092.9155],[476736.6442,7719082.8788],[476728.6803,7719082.8788],[476728.6803,7719092.9155]]]},"properties":{"OBJECTID":26,"Layer":null,"RefName":" ","Area_ha":0.007993127512900332,"Shape__Area":79.93115234375,"Shape__Length":36.001199999824166}},{"type":"Feature","id":27,"geometry":{"type":"Polygon","coordinates":[[[476731.2986,7719077.8604],[476736.6442,7719077.8604],[476736.6442,7719072.5147],[476731.2986,7719072.5147],[476731.2986,7719077.8604]]]},"properties":{"OBJECTID":27,"Layer":null,"RefName":" ","Area_ha":0.0028575973915364004,"Shape__Area":28.57568359375,"Shape__Length":21.382599998265505}},{"type":"Feature","id":28,"geometry":{"type":"Polygon","coordinates":[[[476775.0457,7719165.0274],[476829.0479,7719165.0274],[476829.0479,7719123.0258],[476739.0443,7719123.0258],[476739.0443,7719165.0274],[476775.0457,7719165.0274]]]},"properties":{"OBJECTID":28,"Layer":null,"RefName":" ","Area_ha":0.3780295205744684,"Shape__Area":3780.29541015625,"Shape__Length":264.010399999097}},{"type":"Feature","id":29,"geometry":{"type":"Polygon","coordinates":[[[476775.0457,7719207.0291],[476829.0479,7719207.0291],[476829.0479,7719165.0274],[476775.0457,7719165.0274],[476775.0457,7719207.0291]]]},"properties":{"OBJECTID":29,"Layer":"DESALINATION PLANT","RefName":" ","Area_ha":0.22681842037344296,"Shape__Area":2268.18408203125,"Shape__Length":192.0077999997884}},{"type":"Feature","id":30,"geometry":{"type":"Polygon","coordinates":[[[476791.6282,7719220.666],[476791.6282,7719233.7574],[476826.7569,7719233.7574],[476826.7569,7719220.666],[476791.6282,7719220.666]]]},"properties":{"OBJECTID":30,"Layer":"WASTE WATER TREATMENT PLANT","RefName":" ","Area_ha":0.045988386315971644,"Shape__Area":459.88330078125,"Shape__Length":96.44019999913871}},{"type":"Feature","id":31,"geometry":{"type":"Polygon","coordinates":[[[476803.5196,7719244.2305],[476803.5196,7719257.6492],[476827.3023,7719257.6492],[476827.3023,7719244.2305],[476803.5196,7719244.2305]]]},"properties":{"OBJECTID":31,"Layer":"SALT STORAGE","RefName":" ","Area_ha":0.03191329164883917,"Shape__Area":319.13330078125,"Shape__Length":74.40279999934137}},{"type":"Feature","id":32,"geometry":{"type":"Polygon","coordinates":[[[476433.5778,7718916.3995],[476439.9053,7718916.3995],[476439.9053,7718892.3986],[476433.5778,7718892.3986],[476433.5778,7718916.3995]]]},"properties":{"OBJECTID":32,"Layer":"RIE","RefName":" ","Area_ha":0.015186569474406511,"Shape__Area":151.865234375,"Shape__Length":60.65679999999702}},{"type":"Feature","id":33,"geometry":{"type":"Polygon","coordinates":[[[476467.6155,7718915.4177],[476479.616,7718915.4177],[476479.616,7718897.3079],[476467.6155,7718897.3079],[476467.6155,7718915.4177]]]},"properties":{"OBJECTID":33,"Layer":"AMMONIA UNIT","RefName":" ","Area_ha":0.02173266548984085,"Shape__Area":217.32666015625,"Shape__Length":60.22059999965131}},{"type":"Feature","id":34,"geometry":{"type":"Polygon","coordinates":[[[476491.6165,7718918.3632],[476494.7802,7718918.3632],[476494.7802,7718901.3444],[476491.6165,7718901.3444],[476491.6165,7718918.3632]]]},"properties":{"OBJECTID":34,"Layer":null,"RefName":" ","Area_ha":0.005384237756565951,"Shape__Area":53.8427734375,"Shape__Length":40.36500000022352}},{"type":"Feature","id":35,"geometry":{"type":"Polygon","coordinates":[[[476516.4902,7718897.417],[476516.4902,7718893.3804],[476510.4899,7718893.3804],[476510.4899,7718897.417],[476516.4902,7718897.417]],[[476513.4434,7718894.7702],[476513.5446,7718894.7614],[476513.6458,7718894.7702],[476513.7439,7718894.7965],[476513.836,7718894.8395],[476513.9192,7718894.8977],[476513.991,7718894.9696],[476514.0493,7718895.0528],[476514.0922,7718895.1448],[476514.1185,7718895.243],[476514.1274,7718895.3442],[476514.1185,7718895.4454],[476514.0922,7718895.5435],[476514.0493,7718895.6355],[476513.991,7718895.7188],[476513.9192,7718895.7906],[476513.836,7718895.8489],[476513.7439,7718895.8918],[476513.6458,7718895.9181],[476513.5446,7718895.9269],[476513.4434,7718895.9181],[476513.3453,7718895.8918],[476513.2532,7718895.8489],[476513.17,7718895.7906],[476513.0982,7718895.7188],[476513.0399,7718895.6355],[476512.997,7718895.5435],[476512.9707,7718895.4454],[476512.9618,7718895.3442],[476512.9707,7718895.243],[476512.997,7718895.1448],[476513.0399,7718895.0528],[476513.0982,7718894.9696],[476513.17,7718894.8977],[476513.2532,7718894.8395],[476513.3453,7718894.7965],[476513.4434,7718894.7702]]]},"properties":{"OBJECTID":35,"Layer":null,"RefName":" ","Area_ha":0.0023159257849383057,"Shape__Area":23.158447265625,"Shape__Length":23.73082588756296}},{"type":"Feature","id":36,"geometry":{"type":"Polygon","coordinates":[[[476516.4902,7718897.417],[476510.4899,7718897.417],[476510.4899,7718903.4172],[476522.4904,7718903.4172],[476522.4904,7718897.417],[476516.4902,7718897.417]],[[476519.9174,7718898.2493],[476520.2787,7718898.3461],[476520.6177,7718898.5042],[476520.9241,7718898.7187],[476521.1886,7718898.9832],[476521.4032,7718899.2896],[476521.5612,7718899.6286],[476521.6581,7718899.9899],[476521.6907,7718900.3625],[476521.6581,7718900.7352],[476521.5612,7718901.0964],[476521.4032,7718901.4354],[476521.1886,7718901.7418],[476520.9241,7718902.0063],[476520.6177,7718902.2209],[476520.2787,7718902.379],[476519.9174,7718902.4758],[476519.5448,7718902.5084],[476519.1722,7718902.4758],[476518.8109,7718902.379],[476518.4719,7718902.2209],[476518.1655,7718902.0063],[476517.901,7718901.7418],[476517.6865,7718901.4354],[476517.5284,7718901.0964],[476517.4316,7718900.7352],[476517.399,7718900.3625],[476517.4316,7718899.9899],[476517.5284,7718899.6286],[476517.6865,7718899.2896],[476517.901,7718898.9832],[476518.1655,7718898.7187],[476518.4719,7718898.5042],[476518.8109,7718898.3461],[476519.1722,7718898.2493],[476519.5448,7718898.2167],[476519.9174,7718898.2493]],[[476513.7074,7718899.4391],[476513.8653,7718899.4815],[476514.0134,7718899.5505],[476514.1473,7718899.6443],[476514.2629,7718899.7598],[476514.3566,7718899.8937],[476514.4257,7718900.0418],[476514.468,7718900.1997],[476514.4822,7718900.3625],[476514.468,7718900.5253],[476514.4257,7718900.6832],[476514.3566,7718900.8313],[476514.2629,7718900.9652],[476514.1473,7718901.0808],[476514.0134,7718901.1745],[476513.8653,7718901.2436],[476513.7074,7718901.2859],[476513.5446,7718901.3002],[476513.3818,7718901.2859],[476513.2239,7718901.2436],[476513.0758,7718901.1745],[476512.9419,7718901.0808],[476512.8263,7718900.9652],[476512.7326,7718900.8313],[476512.6635,7718900.6832],[476512.6212,7718900.5253],[476512.607,7718900.3625],[476512.6212,7718900.1997],[476512.6635,7718900.0418],[476512.7326,7718899.8937],[476512.8263,7718899.7598],[476512.9419,7718899.6443],[476513.0758,7718899.5505],[476513.2239,7718899.4815],[476513.3818,7718899.4391],[476513.5446,7718899.4249],[476513.7074,7718899.4391]]]},"properties":{"OBJECTID":36,"Layer":null,"RefName":" ","Area_ha":0.0054865016906074015,"Shape__Area":54.86572265625,"Shape__Length":55.35078921959419}},{"type":"Feature","id":37,"geometry":{"type":"Polygon","coordinates":[[[476545.6186,7718885.4165],[476545.6186,7718915.4177],[476563.6193,7718915.4177],[476563.6193,7718885.4165],[476545.6186,7718885.4165]]]},"properties":{"OBJECTID":37,"Layer":null,"RefName":" ","Area_ha":0.054004260085704164,"Shape__Area":540.04248046875,"Shape__Length":96.0038000009954}},{"type":"Feature","id":38,"geometry":{"type":"Polygon","coordinates":[[[476587.6202,7718920.3269],[476587.6202,7718890.3258],[476569.6195,7718890.3258],[476569.6195,7718920.3269],[476587.6202,7718920.3269]],[[476577.4746,7718893.1951],[476578.5653,7718893.0997],[476579.656,7718893.1951],[476580.7135,7718893.4785],[476581.7058,7718893.9412],[476582.6027,7718894.5691],[476583.3768,7718895.3433],[476584.0048,7718896.2402],[476584.4675,7718897.2324],[476584.7509,7718898.29],[476584.8463,7718899.3807],[476584.7509,7718900.4714],[476584.4675,7718901.5289],[476584.0048,7718902.5212],[476583.3768,7718903.418],[476582.6027,7718904.1922],[476581.7058,7718904.8202],[476580.7135,7718905.2829],[476579.656,7718905.5663],[476578.5653,7718905.6617],[476577.4746,7718905.5663],[476576.4171,7718905.2829],[476575.4248,7718904.8202],[476574.528,7718904.1922],[476573.7538,7718903.418],[476573.1258,7718902.5212],[476572.6631,7718901.5289],[476572.3797,7718900.4714],[476572.2843,7718899.3807],[476572.3797,7718898.29],[476572.6631,7718897.2324],[476573.1258,7718896.2402],[476573.7538,7718895.3433],[476574.528,7718894.5691],[476575.4248,7718893.9412],[476576.4171,7718893.4785],[476577.4746,7718893.1951]]]},"properties":{"OBJECTID":38,"Layer":null,"RefName":" ","Area_ha":0.041673013317664334,"Shape__Area":416.729736328125,"Shape__Length":135.4182307151105}},{"type":"Feature","id":39,"geometry":{"type":"Polygon","coordinates":[[[476658.6412,7718892.3986],[476662.5686,7718892.3986],[476662.5686,7718886.3983],[476658.6412,7718886.3983],[476658.6412,7718892.3986]]]},"properties":{"OBJECTID":39,"Layer":null,"RefName":" ","Area_ha":0.0023565578218428442,"Shape__Area":23.56494140625,"Shape__Length":19.855399999767542}},{"type":"Feature","id":40,"geometry":{"type":"Polygon","coordinates":[[[476614.5667,7718892.3986],[476618.6032,7718892.3986],[476618.6032,7718886.3983],[476614.5667,7718886.3983],[476614.5667,7718892.3986]]]},"properties":{"OBJECTID":40,"Layer":null,"RefName":" ","Area_ha":0.002422021094848339,"Shape__Area":24.22021484375,"Shape__Length":20.073599999770522}},{"type":"Feature","id":41,"geometry":{"type":"Polygon","coordinates":[[[476659.623,7718917.5996],[476663.6596,7718917.5996],[476663.6596,7718907.6719],[476659.623,7718907.6719],[476659.623,7718917.5996]]]},"properties":{"OBJECTID":41,"Layer":null,"RefName":" ","Area_ha":0.004007415382176464,"Shape__Area":40.07373046875,"Shape__Length":27.928600000217557}},{"type":"Feature","id":42,"geometry":{"type":"Polygon","coordinates":[[[476667.6961,7718917.5996],[476671.6235,7718917.5996],[476671.6235,7718907.6719],[476667.6961,7718907.6719],[476667.6961,7718917.5996]]]},"properties":{"OBJECTID":42,"Layer":null,"RefName":" ","Area_ha":0.0038990048974203097,"Shape__Area":38.98974609375,"Shape__Length":27.710199998691678}},{"type":"Feature","id":43,"geometry":{"type":"Polygon","coordinates":[[[476756.2814,7718888.0348],[476723.4437,7718888.0348],[476723.4437,7718897.8533],[476756.2814,7718897.8533],[476756.2814,7718888.0348]]]},"properties":{"OBJECTID":43,"Layer":null,"RefName":" ","Area_ha":0.03224169574520345,"Shape__Area":322.4169921875,"Shape__Length":85.31240000016987}},{"type":"Feature","id":44,"geometry":{"type":"Polygon","coordinates":[[[476767.6273,7718899.2716],[476719.6254,7718899.2716],[476719.6254,7718908.2174],[476767.6273,7718908.2174],[476767.6273,7718899.2716]]]},"properties":{"OBJECTID":44,"Layer":null,"RefName":" ","Area_ha":0.042941539705460316,"Shape__Area":429.41552734375,"Shape__Length":113.89540000073612}},{"type":"Feature","id":45,"geometry":{"type":"Polygon","coordinates":[[[476571.6923,7718980.3293],[476618.6032,7718980.3293],[476618.6032,7718932.3274],[476571.6923,7718932.3274],[476571.6923,7718980.3293]]]},"properties":{"OBJECTID":45,"Layer":null,"RefName":" ","Area_ha":0.22518123307118176,"Shape__Area":2251.8125,"Shape__Length":189.82560000009835}},{"type":"Feature","id":46,"geometry":{"type":"Polygon","coordinates":[[[476623.6216,7718969.4198],[476635.6221,7718969.4198],[476635.6221,7718939.4186],[476623.6216,7718939.4186],[476623.6216,7718969.4198]]]},"properties":{"OBJECTID":46,"Layer":null,"RefName":" ","Area_ha":0.03600294006003487,"Shape__Area":360.029296875,"Shape__Length":84.00339999981225}},{"type":"Feature","id":47,"geometry":{"type":"Polygon","coordinates":[[[476663.3323,7718974.8745],[476671.4053,7718974.8745],[476671.4053,7718960.9104],[476663.3323,7718960.9104],[476663.3323,7718974.8745]]]},"properties":{"OBJECTID":47,"Layer":null,"RefName":" ","Area_ha":0.01127321792941256,"Shape__Area":112.73193359375,"Shape__Length":44.07419999875128}},{"type":"Feature","id":48,"geometry":{"type":"Polygon","coordinates":[[[476668.6779,7718950.8736],[476671.6235,7718950.8736],[476671.6235,7718944.8734],[476668.6779,7718944.8734],[476668.6779,7718950.8736]]]},"properties":{"OBJECTID":48,"Layer":null,"RefName":" ","Area_ha":0.001767418912025992,"Shape__Area":17.673828125,"Shape__Length":17.89159999974072}},{"type":"Feature","id":49,"geometry":{"type":"Polygon","coordinates":[[[476663.2232,7718942.146],[476667.2597,7718942.146],[476667.2597,7718934.182],[476663.2232,7718934.182],[476663.2232,7718942.146]]]},"properties":{"OBJECTID":49,"Layer":null,"RefName":" ","Area_ha":0.0032146686001881713,"Shape__Area":32.14599609375,"Shape__Length":24.001000000163913}},{"type":"Feature","id":50,"geometry":{"type":"Polygon","coordinates":[[[476455.615,7718970.4016],[476502.6351,7718970.4016],[476502.6351,7718940.4005],[476455.615,7718940.4005],[476455.615,7718970.4016]]]},"properties":{"OBJECTID":50,"Layer":null,"RefName":" ","Area_ha":0.1410654722091212,"Shape__Area":1410.654296875,"Shape__Length":154.04239999875426}},{"type":"Feature","id":51,"geometry":{"type":"Polygon","coordinates":[[[476510.7081,7718970.4016],[476551.6188,7718970.4016],[476551.6188,7718940.4005],[476510.7081,7718940.4005],[476510.7081,7718970.4016]]]},"properties":{"OBJECTID":51,"Layer":null,"RefName":" ","Area_ha":0.12273660017664927,"Shape__Area":1227.3662109375,"Shape__Length":141.82359999977052}},{"type":"Feature","id":52,"geometry":{"type":"Polygon","coordinates":[[[476681.7694,7719062.9144],[476681.7694,7719022.9855],[476601.4753,7719022.9855],[476601.4753,7719062.9144],[476681.7694,7719062.9144]],[[476606.4937,7719057.896],[476606.4937,7719027.8948],[476676.5328,7719027.8948],[476676.5328,7719057.896],[476606.4937,7719057.896]]]},"properties":{"OBJECTID":52,"Layer":"BRINE EVAP POND","RefName":" ","Area_ha":0.1104798042551458,"Shape__Area":1104.7978515625,"Shape__Length":440.52659999765456}},{"type":"Feature","id":53,"geometry":{"type":"Polygon","coordinates":[[[476606.4937,7719057.896],[476676.5328,7719057.896],[476676.5328,7719027.8948],[476606.4937,7719027.8948],[476606.4937,7719057.896]]]},"properties":{"OBJECTID":53,"Layer":"BRINE EVAP POND","RefName":" ","Area_ha":0.21012570468987882,"Shape__Area":2101.2568359375,"Shape__Length":200.08059999905527}},{"type":"Feature","id":54,"geometry":{"type":"Polygon","coordinates":[[[476325.4645,7718942.0369],[476307.5729,7718942.0369],[476307.5729,7718963.3105],[476347.829,7718963.3105],[476347.829,7718942.0369],[476325.4645,7718942.0369]],[[476340.052,7718945.9175],[476341.291,7718946.2495],[476342.4536,7718946.7916],[476343.5043,7718947.5273],[476344.4114,7718948.4344],[476345.1471,7718949.4851],[476345.6892,7718950.6477],[476346.0212,7718951.8867],[476346.133,7718953.1646],[476346.0212,7718954.4425],[476345.6892,7718955.6815],[476345.1471,7718956.8441],[476344.4114,7718957.8948],[476343.5043,7718958.8019],[476342.4536,7718959.5376],[476341.291,7718960.0797],[476340.052,7718960.4117],[476338.7741,7718960.5235],[476337.4962,7718960.4117],[476336.2572,7718960.0797],[476335.0946,7718959.5376],[476334.0439,7718958.8019],[476333.1369,7718957.8948],[476332.4011,7718956.8441],[476331.859,7718955.6815],[476331.527,7718954.4425],[476331.4152,7718953.1646],[476331.527,7718951.8867],[476331.859,7718950.6477],[476332.4011,7718949.4851],[476333.1368,7718948.4344],[476334.0439,7718947.5273],[476335.0946,7718946.7916],[476336.2572,7718946.2495],[476337.4962,7718945.9175],[476338.7741,7718945.8057],[476340.052,7718945.9175]],[[476318.2477,7718946.4525],[476319.3952,7718946.76],[476320.472,7718947.2621],[476321.4451,7718947.9435],[476322.2852,7718948.7836],[476322.9666,7718949.7568],[476323.4687,7718950.8335],[476323.7762,7718951.9811],[476323.8798,7718953.1646],[476323.7762,7718954.3481],[476323.4687,7718955.4957],[476322.9666,7718956.5724],[476322.2852,7718957.5456],[476321.4451,7718958.3856],[476320.472,7718959.0671],[476319.3952,7718959.5692],[476318.2477,7718959.8767],[476317.0642,7718959.9802],[476315.8806,7718959.8767],[476314.7331,7718959.5692],[476313.6564,7718959.0671],[476312.6832,7718958.3856],[476311.8431,7718957.5456],[476311.1617,7718956.5724],[476310.6596,7718955.4957],[476310.3521,7718954.3481],[476310.2486,7718953.1646],[476310.3521,7718951.9811],[476310.6596,7718950.8335],[476311.1617,7718949.7568],[476311.8431,7718948.7836],[476312.6832,7718947.9435],[476313.6564,7718947.2621],[476314.7331,7718946.76],[476315.8806,7718946.4525],[476317.0642,7718946.349],[476318.2477,7718946.4525]]]},"properties":{"OBJECTID":54,"Layer":"UREA UNIT 1","RefName":" ","Area_ha":0.05419311356405209,"Shape__Area":541.930419921875,"Shape__Length":212.00751644237198}},{"type":"Feature","id":55,"geometry":{"type":"Polygon","coordinates":[[[476325.4645,7718942.0369],[476325.4645,7718927.4181],[476307.5729,7718927.4181],[476307.5729,7718942.0369],[476325.4645,7718942.0369]],[[476316.3566,7718931.1514],[476317.0642,7718931.0895],[476317.7717,7718931.1514],[476318.4577,7718931.3352],[476319.1014,7718931.6353],[476319.6832,7718932.0427],[476320.1854,7718932.5449],[476320.5927,7718933.1267],[476320.8929,7718933.7704],[476321.0767,7718934.4564],[476321.1386,7718935.1639],[476321.0767,7718935.8714],[476320.8929,7718936.5574],[476320.5927,7718937.2011],[476320.1854,7718937.7829],[476319.6832,7718938.2851],[476319.1014,7718938.6925],[476318.4577,7718938.9926],[476317.7717,7718939.1764],[476317.0642,7718939.2383],[476316.3566,7718939.1764],[476315.6706,7718938.9926],[476315.027,7718938.6925],[476314.4452,7718938.2851],[476313.943,7718937.7829],[476313.5356,7718937.2011],[476313.2355,7718936.5574],[476313.0516,7718935.8714],[476312.9897,7718935.1639],[476313.0516,7718934.4564],[476313.2355,7718933.7704],[476313.5356,7718933.1267],[476313.943,7718932.5449],[476314.4452,7718932.0427],[476315.027,7718931.6353],[476315.6706,7718931.3352],[476316.3566,7718931.1514]]]},"properties":{"OBJECTID":55,"Layer":"UREA UNIT 1","RefName":" ","Area_ha":0.020966462547228473,"Shape__Area":209.665771484375,"Shape__Length":90.58870785401888}},{"type":"Feature","id":56,"geometry":{"type":"Polygon","coordinates":[[[476317.0642,7718993.6389],[476365.066,7718993.6389],[476365.066,7718969.638],[476317.0642,7718969.638],[476317.0642,7718993.6389]]]},"properties":{"OBJECTID":56,"Layer":null,"RefName":" ","Area_ha":0.1152086401584987,"Shape__Area":1152.08642578125,"Shape__Length":144.00539999827743}},{"type":"Feature","id":57,"geometry":{"type":"Polygon","coordinates":[[[476279.099,7719003.6757],[476299.0635,7719003.6757],[476299.0635,7718987.2023],[476279.099,7718987.2023],[476279.099,7719003.6757]]]},"properties":{"OBJECTID":57,"Layer":null,"RefName":" ","Area_ha":0.03288831942872406,"Shape__Area":328.88330078125,"Shape__Length":72.87579999864101}},{"type":"Feature","id":58,"geometry":{"type":"Polygon","coordinates":[[[476291.645,7718962.6559],[476270.8078,7718962.6559],[476267.0986,7718962.6559],[476267.0986,7718983.7112],[476301.0272,7718983.7112],[476301.0272,7718962.6559],[476291.645,7718962.6559]]]},"properties":{"OBJECTID":58,"Layer":null,"RefName":" ","Area_ha":0.07143768515887769,"Shape__Area":714.376953125,"Shape__Length":109.96780000068247}},{"type":"Feature","id":59,"geometry":{"type":"Polygon","coordinates":[[[476270.8078,7718962.6559],[476291.645,7718962.6559],[476291.645,7718919.6724],[476270.8078,7718919.6724],[476270.8078,7718962.6559]]]},"properties":{"OBJECTID":59,"Layer":null,"RefName":" ","Area_ha":0.08956557861997493,"Shape__Area":895.6552734375,"Shape__Length":127.64140000008047}},{"type":"Feature","id":60,"geometry":{"type":"Polygon","coordinates":[[[476391.9035,7718947.2735],[476398.4492,7718947.2735],[476398.4492,7718926.2181],[476391.9035,7718926.2181],[476391.9035,7718947.2735]]]},"properties":{"OBJECTID":60,"Layer":"RIE","RefName":" ","Area_ha":0.013782233177270101,"Shape__Area":137.822265625,"Shape__Length":55.20219999924302}},{"type":"Feature","id":61,"geometry":{"type":"Polygon","coordinates":[[[476325.4645,7718832.7235],[476307.5729,7718832.7235],[476307.5729,7718853.9971],[476347.829,7718853.9971],[476347.829,7718832.7235],[476325.4645,7718832.7235]],[[476340.052,7718836.6041],[476341.291,7718836.9361],[476342.4536,7718837.4782],[476343.5043,7718838.214],[476344.4114,7718839.121],[476345.1471,7718840.1718],[476345.6892,7718841.3343],[476346.0212,7718842.5734],[476346.133,7718843.8512],[476346.0212,7718845.1291],[476345.6892,7718846.3681],[476345.1471,7718847.5307],[476344.4114,7718848.5814],[476343.5043,7718849.4885],[476342.4536,7718850.2242],[476341.291,7718850.7663],[476340.052,7718851.0983],[476338.7741,7718851.2101],[476337.4962,7718851.0983],[476336.2572,7718850.7663],[476335.0946,7718850.2242],[476334.0439,7718849.4885],[476333.1369,7718848.5814],[476332.4011,7718847.5307],[476331.859,7718846.3681],[476331.527,7718845.1291],[476331.4152,7718843.8512],[476331.527,7718842.5734],[476331.859,7718841.3343],[476332.4011,7718840.1718],[476333.1368,7718839.121],[476334.0439,7718838.214],[476335.0946,7718837.4782],[476336.2572,7718836.9361],[476337.4962,7718836.6041],[476338.7741,7718836.4923],[476340.052,7718836.6041]],[[476318.2477,7718837.1392],[476319.3952,7718837.4467],[476320.472,7718837.9487],[476321.4451,7718838.6302],[476322.2852,7718839.4702],[476322.9666,7718840.4434],[476323.4687,7718841.5202],[476323.7762,7718842.6677],[476323.8798,7718843.8512],[476323.7762,7718845.0347],[476323.4687,7718846.1823],[476322.9666,7718847.259],[476322.2852,7718848.2322],[476321.4451,7718849.0723],[476320.472,7718849.7537],[476319.3952,7718850.2558],[476318.2477,7718850.5633],[476317.0642,7718850.6668],[476315.8806,7718850.5633],[476314.7331,7718850.2558],[476313.6564,7718849.7537],[476312.6832,7718849.0723],[476311.8431,7718848.2322],[476311.1617,7718847.259],[476310.6596,7718846.1823],[476310.3521,7718845.0347],[476310.2486,7718843.8512],[476310.3521,7718842.6677],[476310.6596,7718841.5202],[476311.1617,7718840.4434],[476311.8431,7718839.4702],[476312.6832,7718838.6302],[476313.6564,7718837.9487],[476314.7331,7718837.4467],[476315.8806,7718837.1392],[476317.0642,7718837.0356],[476318.2477,7718837.1392]]]},"properties":{"OBJECTID":61,"Layer":"UREA UNIT 2","RefName":" ","Area_ha":0.054193204006918065,"Shape__Area":541.930908203125,"Shape__Length":212.00738725403266}},{"type":"Feature","id":62,"geometry":{"type":"Polygon","coordinates":[[[476325.4645,7718832.7235],[476325.4645,7718818.1048],[476307.5729,7718818.1048],[476307.5729,7718832.7235],[476325.4645,7718832.7235]],[[476316.3566,7718821.838],[476317.0642,7718821.7761],[476317.7717,7718821.838],[476318.4577,7718822.0218],[476319.1014,7718822.322],[476319.6832,7718822.7293],[476320.1854,7718823.2315],[476320.5927,7718823.8133],[476320.8929,7718824.457],[476321.0767,7718825.143],[476321.1386,7718825.8505],[476321.0767,7718826.558],[476320.8929,7718827.2441],[476320.5927,7718827.8877],[476320.1854,7718828.4695],[476319.6832,7718828.9717],[476319.1014,7718829.3791],[476318.4577,7718829.6792],[476317.7717,7718829.863],[476317.0642,7718829.9249],[476316.3566,7718829.863],[476315.6706,7718829.6792],[476315.027,7718829.3791],[476314.4452,7718828.9717],[476313.943,7718828.4695],[476313.5356,7718827.8877],[476313.2355,7718827.2441],[476313.0516,7718826.558],[476312.9897,7718825.8505],[476313.0516,7718825.143],[476313.2355,7718824.457],[476313.5356,7718823.8133],[476313.943,7718823.2315],[476314.4452,7718822.7293],[476315.027,7718822.322],[476315.6706,7718822.0218],[476316.3566,7718821.838]]]},"properties":{"OBJECTID":62,"Layer":"UREA UNIT 2","RefName":" ","Area_ha":0.02096629104805068,"Shape__Area":209.66357421875,"Shape__Length":90.58848959524215}},{"type":"Feature","id":63,"geometry":{"type":"Polygon","coordinates":[[[476317.0642,7718884.3255],[476365.066,7718884.3255],[476365.066,7718860.3246],[476317.0642,7718860.3246],[476317.0642,7718884.3255]]]},"properties":{"OBJECTID":63,"Layer":null,"RefName":" ","Area_ha":0.11520864016296921,"Shape__Area":1152.08642578125,"Shape__Length":144.00540000014007}},{"type":"Feature","id":64,"geometry":{"type":"Polygon","coordinates":[[[476279.099,7718894.3623],[476299.0635,7718894.3623],[476299.0635,7718877.8889],[476279.099,7718877.8889],[476279.099,7718894.3623]]]},"properties":{"OBJECTID":64,"Layer":null,"RefName":" ","Area_ha":0.032888319430583395,"Shape__Area":328.8828125,"Shape__Length":72.87580000050366}},{"type":"Feature","id":65,"geometry":{"type":"Polygon","coordinates":[[[476291.645,7718853.3425],[476270.8078,7718853.3425],[476267.0986,7718853.3425],[476267.0986,7718874.3979],[476301.0272,7718874.3979],[476301.0272,7718853.3425],[476291.645,7718853.3425]]]},"properties":{"OBJECTID":65,"Layer":null,"RefName":" ","Area_ha":0.07143802444430135,"Shape__Area":714.3798828125,"Shape__Length":109.96800000034273}},{"type":"Feature","id":66,"geometry":{"type":"Polygon","coordinates":[[[476270.8078,7718853.3425],[476291.645,7718853.3425],[476291.645,7718810.359],[476270.8078,7718810.359],[476270.8078,7718853.3425]]]},"properties":{"OBJECTID":66,"Layer":null,"RefName":" ","Area_ha":0.08956557861997493,"Shape__Area":895.65625,"Shape__Length":127.64140000008047}},{"type":"Feature","id":67,"geometry":{"type":"Polygon","coordinates":[[[476391.9035,7718837.9601],[476398.4492,7718837.9601],[476398.4492,7718816.9047],[476391.9035,7718816.9047],[476391.9035,7718837.9601]]]},"properties":{"OBJECTID":67,"Layer":"RIE","RefName":" ","Area_ha":0.013782233177270101,"Shape__Area":137.822265625,"Shape__Length":55.20219999924302}},{"type":"Feature","id":68,"geometry":{"type":"Polygon","coordinates":[[[476327.5373,7719090.9518],[476327.5373,7719035.9518],[476262.5373,7719035.9518],[476262.5373,7719090.9518],[476327.5373,7719090.9518]],[[476286.5301,7719048.3143],[476290.0086,7719048.0099],[476293.4871,7719048.3143],[476296.8599,7719049.218],[476300.0245,7719050.6937],[476302.8848,7719052.6965],[476305.3539,7719055.1656],[476307.3567,7719058.0259],[476308.8324,7719061.1905],[476309.7361,7719064.5633],[476310.0404,7719068.0418],[476309.7361,7719071.5203],[476308.8324,7719074.8931],[476307.3567,7719078.0578],[476305.3539,7719080.9181],[476302.8848,7719083.3871],[476300.0245,7719085.3899],[476296.8599,7719086.8656],[476293.4871,7719087.7694],[476290.0086,7719088.0737],[476286.5301,7719087.7694],[476283.1573,7719086.8656],[476279.9926,7719085.3899],[476277.1323,7719083.3871],[476274.6633,7719080.9181],[476272.6604,7719078.0578],[476271.1848,7719074.8931],[476270.281,7719071.5203],[476269.9767,7719068.0418],[476270.281,7719064.5633],[476271.1848,7719061.1905],[476272.6604,7719058.0259],[476274.6633,7719055.1656],[476277.1323,7719052.6965],[476279.9926,7719050.6937],[476283.1573,7719049.218],[476286.5301,7719048.3143]]]},"properties":{"OBJECTID":68,"Layer":"AMMONIA STORAGE","RefName":" ","Area_ha":0.2320744283959828,"Shape__Area":2320.744384765625,"Shape__Length":365.7043138173632}},{"type":"Feature","id":69,"geometry":{"type":"Polygon","coordinates":[[[476720.4981,7718848.1059],[476730.3167,7718848.1059],[476730.3167,7718823.7777],[476720.4981,7718823.7777],[476720.4981,7718848.1059]]]},"properties":{"OBJECTID":69,"Layer":"SUBSTATION","RefName":" ","Area_ha":0.023886886451131302,"Shape__Area":238.8681640625,"Shape__Length":68.29359999857843}},{"type":"Feature","id":70,"geometry":{"type":"Polygon","coordinates":[[[476711.6614,7718817.5593],[476711.6614,7718848.1059],[476718.9708,7718848.1059],[476718.9708,7718817.5593],[476711.6614,7718817.5593]]]},"properties":{"OBJECTID":70,"Layer":"SUBSTATION","RefName":" ","Area_ha":0.022327731805862776,"Shape__Area":223.27734375,"Shape__Length":75.7120000012219}},{"type":"Feature","id":71,"geometry":{"type":"Polygon","coordinates":[[[476745.6991,7718860.1064],[476753.554,7718860.1064],[476753.554,7718856.179],[476745.6991,7718856.179],[476745.6991,7718860.1064]]]},"properties":{"OBJECTID":71,"Layer":"DIESEL GENSETS","RefName":" ","Area_ha":0.003084933426185521,"Shape__Area":30.849609375,"Shape__Length":23.564600000157952}},{"type":"Feature","id":72,"geometry":{"type":"Polygon","coordinates":[[[476745.6991,7718852.1425],[476753.554,7718852.1425],[476753.554,7718848.1059],[476745.6991,7718848.1059],[476745.6991,7718852.1425]]]},"properties":{"OBJECTID":72,"Layer":"DIESEL GENSETS","RefName":" ","Area_ha":0.003170708934049825,"Shape__Area":31.70654296875,"Shape__Length":23.782999999821186}},{"type":"Feature","id":73,"geometry":{"type":"Polygon","coordinates":[[[476743.7354,7718769.9938],[476743.7354,7718779.9215],[476798.6103,7718779.9215],[476798.6103,7718769.9938],[476743.7354,7718769.9938]]]},"properties":{"OBJECTID":73,"Layer":null,"RefName":" ","Area_ha":0.05447815447253084,"Shape__Area":544.78173828125,"Shape__Length":129.6052000001073}},{"type":"Feature","id":74,"geometry":{"type":"Polygon","coordinates":[[[476807.9925,7718821.0503],[476773.4093,7718821.0503],[476773.4093,7718827.596],[476807.9925,7718827.596],[476807.9925,7718821.0503]]]},"properties":{"OBJECTID":74,"Layer":"POWER PLANT","RefName":" ","Area_ha":0.02263712522238946,"Shape__Area":226.37158203125,"Shape__Length":82.25779999792576}},{"type":"Feature","id":75,"geometry":{"type":"Polygon","coordinates":[[[476765.3363,7718819.6321],[476745.3718,7718819.6321],[476745.3718,7718827.0506],[476765.3363,7718827.0506],[476765.3363,7718819.6321]]]},"properties":{"OBJECTID":75,"Layer":"POWER PLANT","RefName":" ","Area_ha":0.014810664324189043,"Shape__Area":148.10693359375,"Shape__Length":54.765999998897314}},{"type":"Feature","id":76,"geometry":{"type":"Polygon","coordinates":[[[476766.209,7718787.5581],[476750.9357,7718787.5581],[476750.9357,7718796.3948],[476766.209,7718796.3948],[476766.209,7718787.5581]]]},"properties":{"OBJECTID":76,"Layer":null,"RefName":" ","Area_ha":0.013496557010388889,"Shape__Area":134.9658203125,"Shape__Length":48.21999999880791}},{"type":"Feature","id":77,"geometry":{"type":"Polygon","coordinates":[[[476785.628,7718784.6125],[476778.4277,7718784.6125],[476778.4277,7718788.9764],[476785.628,7718788.9764],[476785.628,7718784.6125]]]},"properties":{"OBJECTID":77,"Layer":null,"RefName":" ","Area_ha":0.003142138917024122,"Shape__Area":31.4208984375,"Shape__Length":23.128399999812245}},{"type":"Feature","id":78,"geometry":{"type":"Polygon","coordinates":[[[476778.4277,7718803.8133],[476785.628,7718803.8133],[476785.628,7718799.3404],[476778.4277,7718799.3404],[476778.4277,7718803.8133]]]},"properties":{"OBJECTID":78,"Layer":null,"RefName":" ","Area_ha":0.003220622186473404,"Shape__Area":32.20654296875,"Shape__Length":23.346399998292327}},{"type":"Feature","id":79,"geometry":{"type":"Polygon","coordinates":[[[476817.9201,7718801.8496],[476823.0476,7718801.8496],[476823.0476,7718789.74],[476817.9201,7718789.74],[476817.9201,7718801.8496]]]},"properties":{"OBJECTID":79,"Layer":null,"RefName":" ","Area_ha":0.006209197400539017,"Shape__Area":62.091796875,"Shape__Length":34.47420000098646}},{"type":"Feature","id":80,"geometry":{"type":"Polygon","coordinates":[[[476817.9201,7718816.6865],[476823.0476,7718816.6865],[476823.0476,7718804.577],[476817.9201,7718804.577],[476817.9201,7718816.6865]]]},"properties":{"OBJECTID":80,"Layer":null,"RefName":" ","Area_ha":0.006209146125626115,"Shape__Area":62.091796875,"Shape__Length":34.4740000013262}},{"type":"Feature","id":92,"geometry":{"type":"Polygon","coordinates":[[[475984.3239,7718164.4064],[476344.8834,7718164.4064],[476344.8834,7718008.206],[476325.1629,7717974.3628],[475984.3239,7717974.3626],[475984.3239,7718164.4064]]]},"properties":{"OBJECTID":92,"Layer":"LAYDOWN AREA (6.82ha)","RefName":" ","Area_ha":6.818835706513361,"Shape__Area":68188.35693359375,"Shape__Length":1086.8123350046053}},{"type":"Feature","id":93,"geometry":{"type":"Polygon","coordinates":[[[475948.977,7718171.8249],[475960.3777,7718164.8449],[475955.7172,7718157.2329],[475944.3166,7718164.2129],[475948.977,7718171.8249]]]},"properties":{"OBJECTID":93,"Layer":"CONSTRUCTION CONSTRUCTION\r\nGATE HOUSE","RefName":" ","Area_ha":0.01193116888058891,"Shape__Area":119.31201171875,"Shape__Length":44.5861384851407}},{"type":"Feature","id":94,"geometry":{"type":"Polygon","coordinates":[[[476723.1237,7719146.1741],[476720.6072,7719145.9539],[476718.0908,7719146.1741],[476715.6508,7719146.8279],[476713.3615,7719147.8954],[476711.2923,7719149.3443],[476709.5061,7719151.1305],[476708.0572,7719153.1997],[476706.9897,7719155.489],[476706.3359,7719157.929],[476706.1157,7719160.4454],[476706.3359,7719162.9619],[476706.9897,7719165.4018],[476708.0572,7719167.6912],[476709.5061,7719169.7604],[476711.2923,7719171.5466],[476713.3615,7719172.9955],[476715.6508,7719174.063],[476718.0908,7719174.7168],[476720.6072,7719174.937],[476723.1237,7719174.7168],[476725.5636,7719174.063],[476727.853,7719172.9955],[476729.9222,7719171.5466],[476731.7084,7719169.7604],[476733.1573,7719167.6912],[476734.2248,7719165.4018],[476734.8786,7719162.9619],[476735.0988,7719160.4454],[476734.8786,7719157.929],[476734.2248,7719155.489],[476733.1573,7719153.1997],[476731.7084,7719151.1305],[476729.9222,7719149.3443],[476727.853,7719147.8954],[476725.5636,7719146.8279],[476723.1237,7719146.1741]]]},"properties":{"OBJECTID":94,"Layer":null,"RefName":" ","Area_ha":0.06564029643143253,"Shape__Area":656.402099609375,"Shape__Length":90.93737298334898}},{"type":"Feature","id":95,"geometry":{"type":"Polygon","coordinates":[[[476673.5507,7719120.9701],[476671.8417,7719120.8205],[476670.1327,7719120.9701],[476668.4756,7719121.4141],[476666.9207,7719122.1391],[476665.5154,7719123.1231],[476664.3024,7719124.3362],[476663.3183,7719125.7415],[476662.5933,7719127.2963],[476662.1493,7719128.9534],[476661.9998,7719130.6625],[476662.1493,7719132.3715],[476662.5933,7719134.0286],[476663.3183,7719135.5834],[476664.3024,7719136.9887],[476665.5154,7719138.2018],[476666.9207,7719139.1858],[476668.4756,7719139.9108],[476670.1327,7719140.3549],[476671.8417,7719140.5044],[476673.5507,7719140.3549],[476675.2078,7719139.9108],[476676.7627,7719139.1858],[476678.168,7719138.2018],[476679.381,7719136.9887],[476680.365,7719135.5834],[476681.0901,7719134.0286],[476681.5341,7719132.3715],[476681.6836,7719130.6625],[476681.5341,7719128.9534],[476681.0901,7719127.2963],[476680.365,7719125.7415],[476679.381,7719124.3362],[476678.168,7719123.1231],[476676.7627,7719122.1391],[476675.2078,7719121.4141],[476673.5507,7719120.9701]]]},"properties":{"OBJECTID":95,"Layer":null,"RefName":" ","Area_ha":0.030276256640669977,"Shape__Area":302.7626953125,"Shape__Length":61.760133537464284}},{"type":"Feature","id":96,"geometry":{"type":"Polygon","coordinates":[[[476708.7045,7719120.8681],[476707.8431,7719120.7927],[476706.9817,7719120.8681],[476706.1465,7719121.0919],[476705.3629,7719121.4573],[476704.6546,7719121.9532],[476704.0432,7719122.5646],[476703.5472,7719123.2729],[476703.1818,7719124.0566],[476702.958,7719124.8918],[476702.8826,7719125.7532],[476702.958,7719126.6146],[476703.1818,7719127.4498],[476703.5472,7719128.2334],[476704.0432,7719128.9417],[476704.6546,7719129.5531],[476705.3629,7719130.0491],[476706.1465,7719130.4145],[476706.9817,7719130.6383],[476707.8431,7719130.7137],[476708.7045,7719130.6383],[476709.5397,7719130.4145],[476710.3233,7719130.0491],[476711.0316,7719129.5531],[476711.6431,7719128.9417],[476712.139,7719128.2334],[476712.5044,7719127.4498],[476712.7282,7719126.6146],[476712.8036,7719125.7532],[476712.7282,7719124.8918],[476712.5044,7719124.0566],[476712.139,7719123.2729],[476711.6431,7719122.5646],[476711.0316,7719121.9532],[476710.3233,7719121.4573],[476709.5397,7719121.0919],[476708.7045,7719120.8681]]]},"properties":{"OBJECTID":96,"Layer":null,"RefName":" ","Area_ha":0.007691103246071273,"Shape__Area":76.910400390625,"Shape__Length":31.128017231080637}},{"type":"Feature","id":97,"geometry":{"type":"Polygon","coordinates":[[[476722.075,7719120.5228],[476721.1527,7719120.4421],[476720.2305,7719120.5228],[476719.3362,7719120.7624],[476718.4972,7719121.1537],[476717.7389,7719121.6847],[476717.0842,7719122.3393],[476716.5532,7719123.0977],[476716.162,7719123.9367],[476715.9224,7719124.8309],[476715.8417,7719125.7532],[476715.9224,7719126.6754],[476716.162,7719127.5697],[476716.5532,7719128.4087],[476717.0842,7719129.167],[476717.7389,7719129.8217],[476718.4972,7719130.3527],[476719.3362,7719130.7439],[476720.2305,7719130.9835],[476721.1527,7719131.0642],[476722.075,7719130.9835],[476722.9692,7719130.7439],[476723.8082,7719130.3527],[476724.5666,7719129.8217],[476725.2212,7719129.167],[476725.7522,7719128.4087],[476726.1435,7719127.5697],[476726.3831,7719126.6754],[476726.4637,7719125.7532],[476726.3831,7719124.8309],[476726.1435,7719123.9367],[476725.7522,7719123.0977],[476725.2212,7719122.3393],[476724.5666,7719121.6847],[476723.8082,7719121.1537],[476722.9692,7719120.7624],[476722.075,7719120.5228]]]},"properties":{"OBJECTID":97,"Layer":null,"RefName":" ","Area_ha":0.008816604323013266,"Shape__Area":88.166015625,"Shape__Length":33.327889519143824}},{"type":"Feature","id":98,"geometry":{"type":"Polygon","coordinates":[[[476758.8142,7719076.9159],[476756.6087,7719076.723],[476754.4031,7719076.9159],[476752.2645,7719077.4889],[476750.2579,7719078.4246],[476748.4443,7719079.6945],[476746.8787,7719081.2601],[476745.6088,7719083.0737],[476744.6731,7719085.0803],[476744.1001,7719087.2189],[476743.9071,7719089.4245],[476744.1001,7719091.6301],[476744.6731,7719093.7687],[476745.6088,7719095.7752],[476746.8787,7719097.5889],[476748.4443,7719099.1544],[476750.2579,7719100.4243],[476752.2645,7719101.36],[476754.4031,7719101.933],[476756.6087,7719102.126],[476758.8142,7719101.933],[476760.9528,7719101.36],[476762.9594,7719100.4243],[476764.773,7719099.1544],[476766.3386,7719097.5889],[476767.6085,7719095.7752],[476768.5442,7719093.7687],[476769.1172,7719091.6301],[476769.3102,7719089.4245],[476769.1172,7719087.2189],[476768.5442,7719085.0803],[476767.6085,7719083.0737],[476766.3386,7719081.2601],[476764.773,7719079.6945],[476762.9594,7719078.4246],[476760.9528,7719077.4889],[476758.8142,7719076.9159]]]},"properties":{"OBJECTID":98,"Layer":"FIRE WATER","RefName":" ","Area_ha":0.050426016244361604,"Shape__Area":504.260009765625,"Shape__Length":79.70479827292635}},{"type":"Feature","id":100,"geometry":{"type":"Polygon","coordinates":[[[476742.7665,7718923.1185],[476741.008,7718922.9646],[476739.2496,7718923.1185],[476737.5446,7718923.5753],[476735.9448,7718924.3213],[476734.4989,7718925.3338],[476733.2507,7718926.5819],[476732.2383,7718928.0279],[476731.4923,7718929.6276],[476731.0354,7718931.3326],[476730.8816,7718933.0911],[476731.0354,7718934.8495],[476731.4923,7718936.5545],[476732.2383,7718938.1543],[476733.2507,7718939.6002],[476734.4989,7718940.8484],[476735.9448,7718941.8608],[476737.5446,7718942.6068],[476739.2496,7718943.0637],[476741.008,7718943.2175],[476742.7665,7718943.0637],[476744.4715,7718942.6068],[476746.0713,7718941.8608],[476747.5172,7718940.8484],[476748.7653,7718939.6002],[476749.7778,7718938.1543],[476750.5238,7718936.5545],[476750.9806,7718934.8495],[476751.1345,7718933.0911],[476750.9806,7718931.3326],[476750.5238,7718929.6276],[476749.7778,7718928.0279],[476748.7653,7718926.5819],[476747.5172,7718925.3338],[476746.0713,7718924.3213],[476744.4715,7718923.5753],[476742.7665,7718923.1185]]]},"properties":{"OBJECTID":100,"Layer":null,"RefName":" ","Area_ha":0.03205211089790373,"Shape__Area":320.5224609375,"Shape__Length":63.54559575832238}},{"type":"Feature","id":101,"geometry":{"type":"Polygon","coordinates":[[[476519.839,7718891.7123],[476519.5448,7718891.6866],[476519.2507,7718891.7123],[476518.9655,7718891.7887],[476518.6979,7718891.9135],[476518.456,7718892.0829],[476518.2472,7718892.2916],[476518.0779,7718892.5335],[476517.9531,7718892.8011],[476517.8767,7718893.0863],[476517.851,7718893.3804],[476517.8767,7718893.6746],[476517.9531,7718893.9598],[476518.0779,7718894.2274],[476518.2472,7718894.4692],[476518.456,7718894.678],[476518.6979,7718894.8474],[476518.9655,7718894.9722],[476519.2507,7718895.0486],[476519.5448,7718895.0743],[476519.839,7718895.0486],[476520.1242,7718894.9722],[476520.3918,7718894.8474],[476520.6336,7718894.678],[476520.8424,7718894.4692],[476521.0118,7718894.2274],[476521.1365,7718893.9598],[476521.213,7718893.6746],[476521.2387,7718893.3804],[476521.213,7718893.0863],[476521.1365,7718892.8011],[476521.0118,7718892.5335],[476520.8424,7718892.2916],[476520.6336,7718892.0829],[476520.3918,7718891.9135],[476520.1242,7718891.7887],[476519.839,7718891.7123]]]},"properties":{"OBJECTID":101,"Layer":null,"RefName":" ","Area_ha":0.0008968234047022278,"Shape__Area":8.96875,"Shape__Length":10.629445482356878}},{"type":"Feature","id":102,"geometry":{"type":"Polygon","coordinates":[[[476519.9174,7718898.2493],[476519.5448,7718898.2167],[476519.1722,7718898.2493],[476518.8109,7718898.3461],[476518.4719,7718898.5042],[476518.1655,7718898.7187],[476517.901,7718898.9832],[476517.6865,7718899.2896],[476517.5284,7718899.6286],[476517.4316,7718899.9899],[476517.399,7718900.3625],[476517.4316,7718900.7352],[476517.5284,7718901.0964],[476517.6865,7718901.4354],[476517.901,7718901.7418],[476518.1655,7718902.0063],[476518.4719,7718902.2209],[476518.8109,7718902.379],[476519.1722,7718902.4758],[476519.5448,7718902.5084],[476519.9174,7718902.4758],[476520.2787,7718902.379],[476520.6177,7718902.2209],[476520.9241,7718902.0063],[476521.1886,7718901.7418],[476521.4032,7718901.4354],[476521.5612,7718901.0964],[476521.6581,7718900.7352],[476521.6907,7718900.3625],[476521.6581,7718899.9899],[476521.5612,7718899.6286],[476521.4032,7718899.2896],[476521.1886,7718898.9832],[476520.9241,7718898.7187],[476520.6177,7718898.5042],[476520.2787,7718898.3461],[476519.9174,7718898.2493]]]},"properties":{"OBJECTID":102,"Layer":null,"RefName":" ","Area_ha":0.0014392458374591333,"Shape__Area":14.39208984375,"Shape__Length":13.465566538580282}},{"type":"Feature","id":103,"geometry":{"type":"Polygon","coordinates":[[[476513.7074,7718899.4391],[476513.5446,7718899.4249],[476513.3818,7718899.4391],[476513.2239,7718899.4815],[476513.0758,7718899.5505],[476512.9419,7718899.6443],[476512.8263,7718899.7598],[476512.7326,7718899.8937],[476512.6635,7718900.0418],[476512.6212,7718900.1997],[476512.607,7718900.3625],[476512.6212,7718900.5253],[476512.6635,7718900.6832],[476512.7326,7718900.8313],[476512.8263,7718900.9652],[476512.9419,7718901.0808],[476513.0758,7718901.1745],[476513.2239,7718901.2436],[476513.3818,7718901.2859],[476513.5446,7718901.3002],[476513.7074,7718901.2859],[476513.8653,7718901.2436],[476514.0134,7718901.1745],[476514.1473,7718901.0808],[476514.2629,7718900.9652],[476514.3566,7718900.8313],[476514.4257,7718900.6832],[476514.468,7718900.5253],[476514.4822,7718900.3625],[476514.468,7718900.1997],[476514.4257,7718900.0418],[476514.3566,7718899.8937],[476514.2629,7718899.7598],[476514.1473,7718899.6443],[476514.0134,7718899.5505],[476513.8653,7718899.4815],[476513.7074,7718899.4391]]]},"properties":{"OBJECTID":103,"Layer":null,"RefName":" ","Area_ha":0.0002747924810161159,"Shape__Area":2.7470703125,"Shape__Length":5.883822683392105}},{"type":"Feature","id":104,"geometry":{"type":"Polygon","coordinates":[[[476513.6458,7718894.7702],[476513.5446,7718894.7614],[476513.4434,7718894.7702],[476513.3453,7718894.7965],[476513.2532,7718894.8395],[476513.17,7718894.8977],[476513.0982,7718894.9696],[476513.0399,7718895.0528],[476512.997,7718895.1448],[476512.9707,7718895.243],[476512.9618,7718895.3442],[476512.9707,7718895.4454],[476512.997,7718895.5435],[476513.0399,7718895.6355],[476513.0982,7718895.7188],[476513.17,7718895.7906],[476513.2532,7718895.8489],[476513.3453,7718895.8918],[476513.4434,7718895.9181],[476513.5446,7718895.9269],[476513.6458,7718895.9181],[476513.7439,7718895.8918],[476513.836,7718895.8489],[476513.9192,7718895.7906],[476513.991,7718895.7188],[476514.0493,7718895.6355],[476514.0922,7718895.5435],[476514.1185,7718895.4454],[476514.1274,7718895.3442],[476514.1185,7718895.243],[476514.0922,7718895.1448],[476514.0493,7718895.0528],[476513.991,7718894.9696],[476513.9192,7718894.8977],[476513.836,7718894.8395],[476513.7439,7718894.7965],[476513.6458,7718894.7702]]]},"properties":{"OBJECTID":104,"Layer":null,"RefName":" ","Area_ha":0.0001061553129909924,"Shape__Area":1.062255859375,"Shape__Length":3.657025888132177}},{"type":"Feature","id":105,"geometry":{"type":"Polygon","coordinates":[[[476579.656,7718893.1951],[476578.5653,7718893.0997],[476577.4746,7718893.1951],[476576.4171,7718893.4785],[476575.4248,7718893.9412],[476574.528,7718894.5691],[476573.7538,7718895.3433],[476573.1258,7718896.2402],[476572.6631,7718897.2324],[476572.3797,7718898.29],[476572.2843,7718899.3807],[476572.3797,7718900.4714],[476572.6631,7718901.5289],[476573.1258,7718902.5212],[476573.7538,7718903.418],[476574.528,7718904.1922],[476575.4248,7718904.8202],[476576.4171,7718905.2829],[476577.4746,7718905.5663],[476578.5653,7718905.6617],[476579.656,7718905.5663],[476580.7135,7718905.2829],[476581.7058,7718904.8202],[476582.6027,7718904.1922],[476583.3768,7718903.418],[476584.0048,7718902.5212],[476584.4675,7718901.5289],[476584.7509,7718900.4714],[476584.8463,7718899.3807],[476584.7509,7718898.29],[476584.4675,7718897.2324],[476584.0048,7718896.2402],[476583.3768,7718895.3433],[476582.6027,7718894.5691],[476581.7058,7718893.9412],[476580.7135,7718893.4785],[476579.656,7718893.1951]]]},"properties":{"OBJECTID":105,"Layer":null,"RefName":" ","Area_ha":0.012331066758551534,"Shape__Area":123.311279296875,"Shape__Length":39.41463071563798}},{"type":"Feature","id":106,"geometry":{"type":"Polygon","coordinates":[[[476293.4871,7719048.3143],[476290.0086,7719048.0099],[476286.5301,7719048.3143],[476283.1573,7719049.218],[476279.9926,7719050.6937],[476277.1323,7719052.6965],[476274.6633,7719055.1656],[476272.6604,7719058.0259],[476271.1848,7719061.1905],[476270.281,7719064.5633],[476269.9767,7719068.0418],[476270.281,7719071.5203],[476271.1848,7719074.8931],[476272.6604,7719078.0578],[476274.6633,7719080.9181],[476277.1323,7719083.3871],[476279.9926,7719085.3899],[476283.1573,7719086.8656],[476286.5301,7719087.7694],[476290.0086,7719088.0737],[476293.4871,7719087.7694],[476296.8599,7719086.8656],[476300.0245,7719085.3899],[476302.8848,7719083.3871],[476305.3539,7719080.9181],[476307.3567,7719078.0578],[476308.8324,7719074.8931],[476309.7361,7719071.5203],[476310.0404,7719068.0418],[476309.7361,7719064.5633],[476308.8324,7719061.1905],[476307.3567,7719058.0259],[476305.3539,7719055.1656],[476302.8848,7719052.6965],[476300.0245,7719050.6937],[476296.8599,7719049.218],[476293.4871,7719048.3143]]]},"properties":{"OBJECTID":106,"Layer":"AMMONIA STORAGE","RefName":" ","Area_ha":0.12542557160401718,"Shape__Area":1254.255615234375,"Shape__Length":125.70431381736303}},{"type":"Feature","id":107,"geometry":{"type":"Polygon","coordinates":[[[476318.2477,7718946.4525],[476317.0642,7718946.349],[476315.8806,7718946.4525],[476314.7331,7718946.76],[476313.6564,7718947.2621],[476312.6832,7718947.9435],[476311.8431,7718948.7836],[476311.1617,7718949.7568],[476310.6596,7718950.8335],[476310.3521,7718951.9811],[476310.2486,7718953.1646],[476310.3521,7718954.3481],[476310.6596,7718955.4957],[476311.1617,7718956.5724],[476311.8431,7718957.5456],[476312.6832,7718958.3856],[476313.6564,7718959.0671],[476314.7331,7718959.5692],[476315.8806,7718959.8767],[476317.0642,7718959.9802],[476318.2477,7718959.8767],[476319.3952,7718959.5692],[476320.472,7718959.0671],[476321.4451,7718958.3856],[476322.2852,7718957.5456],[476322.9666,7718956.5724],[476323.4687,7718955.4957],[476323.7762,7718954.3481],[476323.8798,7718953.1646],[476323.7762,7718951.9811],[476323.4687,7718950.8335],[476322.9666,7718949.7568],[476322.2852,7718948.7836],[476321.4451,7718947.9435],[476320.472,7718947.2621],[476319.3952,7718946.76],[476318.2477,7718946.4525]]]},"properties":{"OBJECTID":107,"Layer":"UREA UNIT 1","RefName":" ","Area_ha":0.014519487666690596,"Shape__Area":145.19482421875,"Shape__Length":42.76936315114271}},{"type":"Feature","id":108,"geometry":{"type":"Polygon","coordinates":[[[476340.052,7718945.9175],[476338.7741,7718945.8057],[476337.4962,7718945.9175],[476336.2572,7718946.2495],[476335.0946,7718946.7916],[476334.0439,7718947.5273],[476333.1368,7718948.4344],[476332.4011,7718949.4851],[476331.859,7718950.6477],[476331.527,7718951.8867],[476331.4152,7718953.1646],[476331.527,7718954.4425],[476331.859,7718955.6815],[476332.4011,7718956.8441],[476333.1369,7718957.8948],[476334.0439,7718958.8019],[476335.0946,7718959.5376],[476336.2572,7718960.0797],[476337.4962,7718960.4117],[476338.7741,7718960.5235],[476340.052,7718960.4117],[476341.291,7718960.0797],[476342.4536,7718959.5376],[476343.5043,7718958.8019],[476344.4114,7718957.8948],[476345.1471,7718956.8441],[476345.6892,7718955.6815],[476346.0212,7718954.4425],[476346.133,7718953.1646],[476346.0212,7718951.8867],[476345.6892,7718950.6477],[476345.1471,7718949.4851],[476344.4114,7718948.4344],[476343.5043,7718947.5273],[476342.4536,7718946.7916],[476341.291,7718946.2495],[476340.052,7718945.9175]]]},"properties":{"OBJECTID":108,"Layer":"UREA UNIT 1","RefName":" ","Area_ha":0.016926615664832927,"Shape__Area":169.266845703125,"Shape__Length":46.17875329155122}},{"type":"Feature","id":109,"geometry":{"type":"Polygon","coordinates":[[[476317.7717,7718931.1514],[476317.0642,7718931.0895],[476316.3566,7718931.1514],[476315.6706,7718931.3352],[476315.027,7718931.6353],[476314.4452,7718932.0427],[476313.943,7718932.5449],[476313.5356,7718933.1267],[476313.2355,7718933.7704],[476313.0516,7718934.4564],[476312.9897,7718935.1639],[476313.0516,7718935.8714],[476313.2355,7718936.5574],[476313.5356,7718937.2011],[476313.943,7718937.7829],[476314.4452,7718938.2851],[476315.027,7718938.6925],[476315.6706,7718938.9926],[476316.3566,7718939.1764],[476317.0642,7718939.2383],[476317.7717,7718939.1764],[476318.4577,7718938.9926],[476319.1014,7718938.6925],[476319.6832,7718938.2851],[476320.1854,7718937.7829],[476320.5927,7718937.2011],[476320.8929,7718936.5574],[476321.0767,7718935.8714],[476321.1386,7718935.1639],[476321.0767,7718934.4564],[476320.8929,7718933.7704],[476320.5927,7718933.1267],[476320.1854,7718932.5449],[476319.6832,7718932.0427],[476319.1014,7718931.6353],[476318.4577,7718931.3352],[476317.7717,7718931.1514]]]},"properties":{"OBJECTID":109,"Layer":"UREA UNIT 1","RefName":" ","Area_ha":0.005188909659240755,"Shape__Area":51.888427734375,"Shape__Length":25.56790785582487}},{"type":"Feature","id":110,"geometry":{"type":"Polygon","coordinates":[[[476340.052,7718836.6041],[476338.7741,7718836.4923],[476337.4962,7718836.6041],[476336.2572,7718836.9361],[476335.0946,7718837.4782],[476334.0439,7718838.214],[476333.1368,7718839.121],[476332.4011,7718840.1718],[476331.859,7718841.3343],[476331.527,7718842.5734],[476331.4152,7718843.8512],[476331.527,7718845.1291],[476331.859,7718846.3681],[476332.4011,7718847.5307],[476333.1369,7718848.5814],[476334.0439,7718849.4885],[476335.0946,7718850.2242],[476336.2572,7718850.7663],[476337.4962,7718851.0983],[476338.7741,7718851.2101],[476340.052,7718851.0983],[476341.291,7718850.7663],[476342.4536,7718850.2242],[476343.5043,7718849.4885],[476344.4114,7718848.5814],[476345.1471,7718847.5307],[476345.6892,7718846.3681],[476346.0212,7718845.1291],[476346.133,7718843.8512],[476346.0212,7718842.5734],[476345.6892,7718841.3343],[476345.1471,7718840.1718],[476344.4114,7718839.121],[476343.5043,7718838.214],[476342.4536,7718837.4782],[476341.291,7718836.9361],[476340.052,7718836.6041]]]},"properties":{"OBJECTID":110,"Layer":"UREA UNIT 2","RefName":" ","Area_ha":0.016926578870843353,"Shape__Area":169.265625,"Shape__Length":46.17870311178857}},{"type":"Feature","id":111,"geometry":{"type":"Polygon","coordinates":[[[476318.2477,7718837.1392],[476317.0642,7718837.0356],[476315.8806,7718837.1392],[476314.7331,7718837.4467],[476313.6564,7718837.9487],[476312.6832,7718838.6302],[476311.8431,7718839.4702],[476311.1617,7718840.4434],[476310.6596,7718841.5202],[476310.3521,7718842.6677],[476310.2486,7718843.8512],[476310.3521,7718845.0347],[476310.6596,7718846.1823],[476311.1617,7718847.259],[476311.8431,7718848.2322],[476312.6832,7718849.0723],[476313.6564,7718849.7537],[476314.7331,7718850.2558],[476315.8806,7718850.5633],[476317.0642,7718850.6668],[476318.2477,7718850.5633],[476319.3952,7718850.2558],[476320.472,7718849.7537],[476321.4451,7718849.0723],[476322.2852,7718848.2322],[476322.9666,7718847.259],[476323.4687,7718846.1823],[476323.7762,7718845.0347],[476323.8798,7718843.8512],[476323.7762,7718842.6677],[476323.4687,7718841.5202],[476322.9666,7718840.4434],[476322.2852,7718839.4702],[476321.4451,7718838.6302],[476320.472,7718837.9487],[476319.3952,7718837.4467],[476318.2477,7718837.1392]]]},"properties":{"OBJECTID":111,"Layer":"UREA UNIT 2","RefName":" ","Area_ha":0.014519434017814194,"Shape__Area":145.195556640625,"Shape__Length":42.76928414256592}},{"type":"Feature","id":112,"geometry":{"type":"Polygon","coordinates":[[[476317.7717,7718821.838],[476317.0642,7718821.7761],[476316.3566,7718821.838],[476315.6706,7718822.0218],[476315.027,7718822.322],[476314.4452,7718822.7293],[476313.943,7718823.2315],[476313.5356,7718823.8133],[476313.2355,7718824.457],[476313.0516,7718825.143],[476312.9897,7718825.8505],[476313.0516,7718826.558],[476313.2355,7718827.2441],[476313.5356,7718827.8877],[476313.943,7718828.4695],[476314.4452,7718828.9717],[476315.027,7718829.3791],[476315.6706,7718829.6792],[476316.3566,7718829.863],[476317.0642,7718829.9249],[476317.7717,7718829.863],[476318.4577,7718829.6792],[476319.1014,7718829.3791],[476319.6832,7718828.9717],[476320.1854,7718828.4695],[476320.5927,7718827.8877],[476320.8929,7718827.2441],[476321.0767,7718826.558],[476321.1386,7718825.8505],[476321.0767,7718825.143],[476320.8929,7718824.457],[476320.5927,7718823.8133],[476320.1854,7718823.2315],[476319.6832,7718822.7293],[476319.1014,7718822.322],[476318.4577,7718822.0218],[476317.7717,7718821.838]]]},"properties":{"OBJECTID":112,"Layer":"UREA UNIT 2","RefName":" ","Area_ha":0.005188902244388765,"Shape__Area":51.888671875,"Shape__Length":25.56788959484576}},{"type":"Feature","id":115,"geometry":{"type":"Polygon","coordinates":[[[476159.8093,7718758.169],[476167.0335,7718751.095],[476166.6984,7718750.6321],[476166.2241,7718749.9778],[476165.9615,7718749.6249],[476165.575,7718749.1242],[476165.1364,7718748.5816],[476164.7677,7718748.1446],[476164.3905,7718747.7144],[476164.0746,7718747.3665],[476163.2992,7718746.5569],[476162.6228,7718745.8976],[476161.8151,7718745.1621],[476161.0814,7718744.5386],[476160.3864,7718743.984],[476160.0536,7718743.7301],[476159.5908,7718743.389],[476159.1087,7718743.0479],[476158.6129,7718742.7117],[476158.0045,7718742.3185],[476157.617,7718742.0786],[476157.0379,7718741.7351],[476156.3169,7718741.3315],[476155.7002,7718741.0066],[476154.8913,7718740.6075],[476154.326,7718740.3462],[476153.7405,7718740.0904],[476153.4557,7718739.9713],[476153.1142,7718739.833],[476152.7631,7718739.6959],[476152.5148,7718739.602],[476152.1048,7718739.4523],[476151.4688,7718739.2334],[476150.9958,7718739.0809],[476150.558,7718738.9473],[476150.0178,7718738.7925],[476149.5514,7718738.6676],[476148.9054,7718738.5078],[476148.1524,7718738.3405],[476147.3412,7718738.1829],[476146.846,7718738.098],[476146.3802,7718738.0258],[476145.9798,7718737.9698],[476145.6998,7718737.9339],[476145.4128,7718737.8999],[476145.0126,7718737.8571],[476144.4997,7718737.8102],[476143.9342,7718737.7688],[476143.1449,7718737.7288],[476142.4919,7718737.7115],[476141.384,7718737.7147],[476140.4612,7718737.7486],[476139.9042,7718737.7829],[476139.2464,7718737.8368],[476138.6436,7718737.899],[476137.8486,7718737.9999],[476137.1154,7718738.1122],[476136.7392,7718738.1771],[476136.3218,7718738.2548],[476136.0126,7718738.3164],[476135.6436,7718738.3942],[476135.3565,7718738.4582],[476134.8287,7718738.5836],[476134.3373,7718738.7094],[476133.7448,7718738.8729],[476133.2884,7718739.0079],[476132.9045,7718739.1276],[476132.3966,7718739.2947],[476131.696,7718739.5417],[476130.641,7718739.9513],[476128.7032,7718740.7775],[476126.0302,7718741.9225],[476123.5489,7718742.9854],[476108.8818,7718749.2681],[476104.4045,7718751.186],[476094.6068,7718755.3828],[476088.1304,7718758.157],[476079.7252,7718761.7575],[476075.7269,7718763.4702],[476068.1135,7718766.7314],[476057.361,7718771.3373],[476048.911,7718774.9569],[476042.4505,7718777.7242],[476030.1204,7718783.0059],[476028.0606,7718783.8882],[476026.0838,7718784.735],[476012.9841,7718790.3463],[476004.8246,7718793.8415],[475992.1887,7718799.2541],[475989.8332,7718800.2631],[475981.6476,7718803.7695],[475981.0901,7718804.0083],[475980.6751,7718804.1817],[475980.2341,7718804.3564],[475979.9293,7718804.4715],[475979.5526,7718804.6076],[475979.1292,7718804.7525],[475978.7855,7718804.864],[475978.4136,7718804.9784],[475977.9974,7718805.0991],[475977.5518,7718805.2196],[475977.2188,7718805.304],[475976.9028,7718805.3795],[475976.496,7718805.4705],[475976.1173,7718805.5487],[475975.8632,7718805.5978],[475975.5435,7718805.6558],[475975.1645,7718805.7189],[475974.7781,7718805.7771],[475974.4678,7718805.8194],[475973.9475,7718805.8815],[475973.3969,7718805.9352],[475972.9521,7718805.9696],[475972.1633,7718806.011],[475971.4556,7718806.027],[475950.8175,7718805.774],[475916.1109,7718805.3393],[475914.8367,7718815.3242],[475918.7284,7718815.3729],[475931.2661,7718815.5299],[475945.8728,7718815.7128],[475958.3612,7718815.8692],[475967.1833,7718815.9797],[475969.0884,7718816.0036],[475971.4438,7718816.0273],[475972.5677,7718816.0029],[475973.2937,7718815.9679],[475974.0691,7718815.9138],[475974.6628,7718815.8607],[475975.3395,7718815.7877],[475975.616,7718815.754],[475976.2914,7718815.6623],[475976.8967,7718815.5687],[475977.4984,7718815.4649],[475978.0657,7718815.3571],[475978.5186,7718815.264],[475978.9458,7718815.1705],[475979.489,7718815.0434],[475979.8956,7718814.9423],[475980.486,7718814.7862],[475981.1479,7718814.598],[475981.8219,7718814.3919],[475982.4285,7718814.1935],[475983.1675,7718813.9351],[475983.7365,7718813.7234],[475984.349,7718813.4827],[475985.0276,7718813.2004],[475988.3894,7718811.7604],[475993.7826,7718809.4502],[475995.9593,7718808.5178],[475999.7135,7718806.9097],[476028.6402,7718794.5188],[476040.8395,7718789.2932],[476069.236,7718777.1293],[476076.4151,7718774.0542],[476090.1536,7718768.1692],[476100.4941,7718763.7398],[476112.0673,7718758.7824],[476119.9259,7718755.4161],[476128.0118,7718751.9525],[476128.8708,7718751.5845],[476129.7267,7718751.2179],[476131.1733,7718750.5982],[476132.339,7718750.0989],[476132.9617,7718749.8321],[476133.4184,7718749.6365],[476134.149,7718749.3236],[476134.853,7718749.0377],[476135.3673,7718748.8482],[476135.7732,7718748.7098],[476135.9408,7718748.6555],[476136.2051,7718748.5731],[476136.5874,7718748.461],[476136.9432,7718748.364],[476137.3658,7718748.2579],[476137.8612,7718748.1459],[476138.43,7718748.0335],[476138.9176,7718747.9506],[476139.4002,7718747.8808],[476139.9726,7718747.8134],[476140.4366,7718747.771],[476141.1222,7718747.7282],[476141.7872,7718747.7093],[476142.5357,7718747.7144],[476142.8735,7718747.726],[476143.5198,7718747.7639],[476144.0081,7718747.8066],[476144.4317,7718747.8534],[476144.8149,7718747.9036],[476145.3509,7718747.9866],[476145.8108,7718748.0697],[476146.4428,7718748.2021],[476146.7903,7718748.2841],[476147.3532,7718748.431],[476147.8501,7718748.5753],[476148.2253,7718748.6936],[476148.6678,7718748.8437],[476149.2391,7718749.0547],[476149.7755,7718749.2711],[476150.2572,7718749.4812],[476150.8735,7718749.7723],[476151.2769,7718749.977],[476151.7582,7718750.2366],[476152.3696,7718750.5915],[476152.8113,7718750.8665],[476153.3876,7718751.2498],[476153.7584,7718751.5121],[476154.2592,7718751.887],[476154.7581,7718752.2858],[476155.1986,7718752.6603],[476155.6087,7718753.0295],[476156.0054,7718753.4068],[476156.6295,7718754.0448],[476157.3338,7718754.8389],[476157.7762,7718755.3844],[476158.0851,7718755.7897],[476158.3374,7718756.1359],[476158.6708,7718756.5963],[476158.8335,7718756.8211],[476159.0938,7718757.1807],[476159.3928,7718757.5936],[476159.6591,7718757.9614],[476159.8093,7718758.169]]]},"properties":{"OBJECTID":115,"Layer":"POTENTIAL ACCESS ROAD","RefName":" ","Area_ha":0.26582488127504683,"Shape__Area":2658.250244140625,"Shape__Length":551.8198779187725}},{"type":"Feature","id":116,"geometry":{"type":"Polygon","coordinates":[[[476846.9395,7718909.8348],[476846.9395,7718860.7941],[476846.9395,7718770.1574],[476846.9174,7718769.2833],[476846.9051,7718769.0665],[476846.8901,7718768.8505],[476846.8724,7718768.6353],[476846.852,7718768.4208],[476846.829,7718768.2071],[476846.8034,7718767.9942],[476846.7751,7718767.7821],[476846.7443,7718767.5709],[476846.7109,7718767.3606],[476846.6749,7718767.1511],[476846.6364,7718766.9425],[476846.5953,7718766.7348],[476846.5057,7718766.3222],[476846.4572,7718766.1173],[476846.4062,7718765.9134],[476846.3527,7718765.7105],[476846.2969,7718765.5086],[476846.2386,7718765.3078],[476846.1779,7718765.1079],[476846.1148,7718764.9091],[476846.0494,7718764.7114],[476845.9816,7718764.5148],[476845.9115,7718764.3193],[476845.8391,7718764.1249],[476845.7644,7718763.9317],[476845.6082,7718763.5487],[476845.5267,7718763.3589],[476845.4429,7718763.1704],[476845.357,7718762.9831],[476845.2688,7718762.797],[476845.1785,7718762.6122],[476845.086,7718762.4287],[476844.8946,7718762.0655],[476844.6947,7718761.7075],[476844.4865,7718761.355],[476844.2701,7718761.0081],[476844.0457,7718760.6668],[476843.8133,7718760.3313],[476843.5731,7718760.0018],[476843.1985,7718759.519],[476842.8071,7718759.0502],[476842.6729,7718758.8972],[476842.3993,7718758.5961],[476842.1186,7718758.3016],[476841.9756,7718758.157],[476841.6846,7718757.8728],[476841.5365,7718757.7333],[476841.3868,7718757.5956],[476841.0823,7718757.3255],[476840.7715,7718757.0627],[476840.4542,7718756.8073],[476839.9668,7718756.4384],[476839.4658,7718756.0869],[476838.9517,7718755.7533],[476838.602,7718755.5409],[476838.0671,7718755.238],[476837.5204,7718754.9541],[476836.9622,7718754.6897],[476836.2009,7718754.3682],[476835.8133,7718754.2211],[476835.4212,7718754.0832],[476834.8248,7718753.894],[476834.4221,7718753.7799],[476834.0153,7718753.6754],[476833.3978,7718753.5373],[476832.9815,7718753.4577],[476832.5617,7718753.3883],[476832.3505,7718753.3574],[476831.9255,7718753.3036],[476831.4973,7718753.2602],[476831.0661,7718753.2275],[476830.8493,7718753.2152],[476830.6318,7718753.2056],[476829.9752,7718753.1931],[476722.8132,7718753.0906],[476715.9707,7718753.084],[476715.973,7718753.0892],[476690.006,7718753.084],[476689.8463,7718753.0843],[476169.1942,7718754.0793],[476167.0335,7718751.095],[476159.8093,7718758.169],[476161.0942,7718759.9436],[476223.6559,7718761.1754],[476224.1109,7718761.2159],[476224.3359,7718761.2445],[476224.6701,7718761.2979],[476225.1091,7718761.3879],[476225.4332,7718761.4693],[476225.9627,7718761.6307],[476226.2736,7718761.7425],[476226.5791,7718761.8653],[476226.9777,7718762.0458],[476227.3657,7718762.2448],[476227.6495,7718762.4058],[476228.0176,7718762.6358],[476228.3737,7718762.8828],[476228.6324,7718763.0789],[476229.1276,7718763.4976],[476229.4403,7718763.7958],[476229.8819,7718764.2702],[476230.4166,7718764.9503],[476230.7744,7718765.4935],[476231.0931,7718766.0631],[476231.3708,7718766.657],[476231.6054,7718767.2734],[476231.7668,7718767.8029],[476231.9382,7718768.566],[476232.079,7718770.1574],[476232.079,7718775.0122],[476231.6544,7718776.2182],[476231.3213,7718776.9177],[476230.7801,7718777.8214],[476230.3299,7718778.4334],[476229.639,7718779.2082],[476229.088,7718779.7201],[476228.1137,7718780.4531],[476227.3045,7718780.9285],[476226.4494,7718781.322],[476225.4626,7718781.6553],[476224.8128,7718781.8105],[476223.9559,7718781.942],[476223.0787,7718781.9943],[476175.3606,7718781.9943],[476168.9675,7718781.9943],[476167.7452,7718782.0389],[476167.2597,7718782.0814],[476166.5357,7718782.1712],[476165.8971,7718782.277],[476165.5005,7718782.3553],[476164.8707,7718782.5],[476164.2469,7718782.6683],[476163.6299,7718782.8597],[476163.0958,7718783.046],[476162.4928,7718783.2801],[476162.0459,7718783.4703],[476161.4578,7718783.7432],[476160.9507,7718783.9998],[476160.5931,7718784.1932],[476160.2394,7718784.3949],[476159.8898,7718784.6048],[476159.5445,7718784.8228],[476159.2034,7718785.0489],[476157.954,7718786.075],[476154.8797,7718788.644],[476153.228,7718790.0242],[476151.3486,7718791.5946],[476149.5308,7718793.1136],[476147.5193,7718794.7944],[476145.066,7718796.8444],[476142.9603,7718798.4789],[476142.0518,7718799.205],[476141.2923,7718799.8956],[476140.9298,7718800.2561],[476140.5792,7718800.6262],[476140.324,7718800.91],[476139.9138,7718801.3945],[476139.5227,7718801.8927],[476139.2237,7718802.3008],[476138.8677,7718802.8223],[476138.5972,7718803.2482],[476138.4027,7718803.5726],[476138.095,7718804.1222],[476137.9776,7718804.3451],[476137.7529,7718804.7959],[476137.5415,7718805.2531],[476137.25,7718805.9502],[476137.0729,7718806.4221],[476136.9492,7718806.7796],[476136.8333,7718807.1399],[476136.7606,7718807.3817],[476136.6581,7718807.7466],[476136.5052,7718808.3603],[476136.4244,7718808.7318],[476136.3294,7718809.2304],[476136.2493,7718809.7327],[476136.2148,7718809.9851],[476136.1571,7718810.4923],[476136.1146,7718811.0024],[476136.0874,7718811.5151],[476136.0753,7718812.6421],[476136.0753,7718819.1746],[476136.0753,7718824.9293],[476136.0753,7718866.9982],[476136.0753,7718932.4365],[476136.1123,7718932.4358],[476136.0753,7718961.4013],[476136.0753,7718975.9677],[476136.0753,7719047.5211],[476136.0753,7719138.6835],[476136.0938,7719140.6147],[476136.0973,7719140.9733],[476136.1204,7719141.2173],[476136.1335,7719141.5137],[476136.1525,7719141.7286],[476136.1742,7719141.9427],[476136.1985,7719142.156],[476136.2255,7719142.3685],[476136.2367,7719142.4442],[476136.2396,7719142.4745],[476136.2479,7719142.5197],[476136.3038,7719142.8961],[476136.3218,7719143.0008],[476136.3989,7719143.418],[476136.4412,7719143.6252],[476136.509,7719143.9344],[476136.583,7719144.2412],[476136.662,7719144.5461],[476136.747,7719144.8484],[476136.8368,7719145.1487],[476136.8999,7719145.3475],[476136.9992,7719145.6435],[476137.0331,7719145.7418],[476137.0681,7719145.8396],[476137.0994,7719145.9246],[476137.1036,7719145.9372],[476137.1756,7719146.1317],[476137.2888,7719146.421],[476137.3669,7719146.6125],[476137.4066,7719146.708],[476137.4473,7719146.8028],[476137.5108,7719146.9488],[476137.5718,7719147.0862],[476137.7018,7719147.3666],[476137.7687,7719147.5062],[476137.8362,7719147.6444],[476137.9287,7719147.828],[476138.0234,7719148.0102],[476138.1044,7719148.1605],[476138.1204,7719148.191],[476138.2861,7719148.4893],[476138.4756,7719148.8138],[476138.6023,7719149.022],[476138.69,7719149.1622],[476138.7626,7719149.2763],[476138.8223,7719149.3638],[476138.8558,7719149.4199],[476138.889,7719149.4666],[476138.9691,7719149.5898],[476139.0843,7719149.7583],[476139.1829,7719149.8989],[476139.2771,7719150.0304],[476139.3509,7719150.1319],[476139.4835,7719150.3102],[476139.5507,7719150.3978],[476139.5649,7719150.417],[476139.6623,7719150.5432],[476139.8347,7719150.7603],[476139.9568,7719150.9097],[476140.0753,7719151.0517],[476140.1808,7719151.175],[476140.3418,7719151.3594],[476140.5844,7719151.6268],[476140.6852,7719151.7346],[476140.7947,7719151.8498],[476140.946,7719152.0054],[476141.0391,7719152.0997],[476141.3302,7719152.3839],[476141.4548,7719152.5013],[476141.5531,7719152.5922],[476141.6569,7719152.687],[476141.7547,7719152.7748],[476141.8269,7719152.8386],[476141.9139,7719152.9139],[476141.9327,7719152.9308],[476142.0538,7719153.035],[476142.1651,7719153.1287],[476142.3222,7719153.2582],[476142.4376,7719153.3515],[476142.5284,7719153.4238],[476142.6149,7719153.4915],[476142.6946,7719153.5523],[476142.7217,7719153.5738],[476142.8027,7719153.6356],[476142.9659,7719153.7577],[476143.0479,7719153.8182],[476143.1307,7719153.8777],[476143.2135,7719153.9373],[476143.297,7719153.9959],[476143.3805,7719154.0545],[476143.5489,7719154.1697],[476143.6888,7719154.2622],[476143.7189,7719154.2828],[476143.8494,7719154.3677],[476143.9278,7719154.4179],[476144.001,7719154.4642],[476144.063,7719154.5034],[476144.1165,7719154.5363],[476144.194,7719154.584],[476144.2723,7719154.6316],[476144.3249,7719154.6631],[476144.4127,7719154.7157],[476144.5012,7719154.7672],[476144.5897,7719154.8188],[476144.6788,7719154.8692],[476144.7583,7719154.9139],[476144.768,7719154.9196],[476144.8083,7719154.942],[476144.9922,7719155.0425],[476145.1873,7719155.1459],[476145.3108,7719155.21],[476145.4549,7719155.2826],[476145.5867,7719155.3477],[476145.7087,7719155.4069],[476145.818,7719155.4586],[476145.9589,7719155.524],[476146.0932,7719155.585],[476146.2018,7719155.6332],[476146.2803,7719155.6675],[476146.3679,7719155.7015],[476146.4308,7719155.7322],[476146.4975,7719155.7575],[476146.6732,7719155.8321],[476146.7526,7719155.8639],[476146.8138,7719155.8884],[476146.9104,7719155.9258],[476147.007,7719155.9632],[476147.1042,7719155.9994],[476147.2992,7719156.0706],[476147.3969,7719156.1057],[476147.5587,7719156.1608],[476147.5936,7719156.1733],[476147.7489,7719156.2249],[476147.99,7719156.3019],[476148.1899,7719156.3626],[476148.4917,7719156.4488],[476148.6493,7719156.4917],[476148.7574,7719156.5202],[476148.8572,7719156.5456],[476148.9914,7719156.5789],[476148.9995,7719156.5811],[476149.0307,7719156.5886],[476149.3072,7719156.6528],[476149.5608,7719156.7076],[476149.6955,7719156.7349],[476149.8605,7719156.7671],[476150.1379,7719156.8169],[476150.3864,7719156.8577],[476150.5199,7719156.8781],[476150.7033,7719156.9007],[476150.7704,7719156.9127],[476150.8022,7719156.9175],[476151.1961,7719156.9645],[476151.4101,7719156.9862],[476151.625,7719157.0053],[476151.8407,7719157.0216],[476152.0571,7719157.0353],[476152.3829,7719157.0511],[476152.6011,7719157.058],[476152.82,7719157.0621],[476153.0396,7719157.0635],[476200.359,7719157.0575],[476216.5648,7719157.0554],[476224.3856,7719157.0141],[476225.2419,7719156.9274],[476226.2936,7719156.7604],[476227.7275,7719156.4209],[476228.9168,7719156.0356],[476230.6239,7719155.3025],[476231.5286,7719154.8188],[476232.9048,7719153.9373],[476233.875,7719153.1939],[476234.7881,7719152.3839],[476235.3633,7719151.8086],[476236.302,7719150.7377],[476236.7977,7719150.0908],[476237.4828,7719149.0758],[476238.0949,7719148.0102],[476238.4605,7719147.2735],[476238.6302,7719146.8977],[476238.9426,7719146.1317],[476239.1529,7719145.5452],[476239.4562,7719144.5461],[476239.6988,7719143.5218],[476239.7784,7719143.1056],[476239.8787,7719142.4745],[476239.9325,7719142.0495],[476240.0086,7719141.1901],[476240.043,7719140.0992],[476240.043,7719139.0952],[476240.043,7719137.7723],[476239.942,7719137.7727],[476240.043,7719105.3572],[476240.043,7719057.0971],[476240.043,7719049.7443],[476240.043,7719039.8806],[476240.043,7719032.176],[476240.0547,7719030.9778],[476240.0895,7719030.5213],[476240.1304,7719030.1832],[476240.1646,7719029.9599],[476240.2738,7719029.4099],[476240.4159,7719028.8724],[476240.5899,7719028.3485],[476240.9317,7719027.5414],[476241.2369,7719026.9635],[476241.5819,7719026.4113],[476241.8331,7719026.0583],[476242.2401,7719025.5531],[476242.7585,7719025.0028],[476243.2382,7719024.5668],[476243.7483,7719024.1658],[476244.3794,7719023.7447],[476245.0463,7719023.3768],[476245.5429,7719023.1483],[476246.2641,7719022.8788],[476247.0129,7719022.6709],[476247.7861,7719022.5275],[476248.4661,7719022.4583],[476249.0433,7719022.44],[476254.3693,7719022.4404],[476411.0497,7719022.44],[476411.3676,7719022.4371],[476411.8958,7719022.4191],[476412.2115,7719022.4004],[476412.5263,7719022.376],[476412.9445,7719022.3345],[476413.2568,7719022.2966],[476413.4644,7719022.2682],[476413.8779,7719022.2039],[476414.0838,7719022.1679],[476414.4938,7719022.0886],[476415.0028,7719021.9755],[476415.5076,7719021.8471],[476415.8083,7719021.7629],[476416.5033,7719021.5452],[476416.7981,7719021.4429],[476416.9936,7719021.3719],[476417.2853,7719021.2608],[476417.671,7719021.1046],[476417.9579,7719020.9814],[476418.2426,7719020.853],[476418.6187,7719020.6738],[476419.2671,7719020.3385],[476419.6317,7719020.1346],[476419.9917,7719019.9219],[476420.17,7719019.8123],[476420.4352,7719019.6438],[476420.7846,7719019.4115],[476421.0434,7719019.2317],[476421.2143,7719019.1091],[476421.4683,7719018.9213],[476421.7193,7719018.7288],[476421.8849,7719018.5978],[476422.293,7719018.2614],[476422.5336,7719018.0533],[476422.9274,7719017.6964],[476423.3599,7719017.268],[476423.6489,7719016.9858],[476423.8182,7719016.8295],[476423.947,7719016.7146],[476424.1654,7719016.5277],[476424.3432,7719016.3822],[476424.5238,7719016.2404],[476424.7069,7719016.1022],[476424.8927,7719015.9678],[476425.0336,7719015.8694],[476425.1759,7719015.7731],[476425.3196,7719015.6789],[476425.4161,7719015.6172],[476425.5619,7719015.5266],[476425.7584,7719015.409],[476425.957,7719015.2952],[476426.2588,7719015.1317],[476426.4626,7719015.0276],[476426.7718,7719014.8786],[476426.928,7719014.8074],[476427.1905,7719014.6936],[476427.4024,7719014.607],[476427.616,7719014.5244],[476427.7772,7719014.4651],[476427.9392,7719014.408],[476428.1565,7719014.3354],[476428.2656,7719014.3006],[476428.3751,7719014.2668],[476428.5951,7719014.2023],[476428.7056,7719014.1716],[476428.8718,7719014.1274],[476429.0387,7719014.0855],[476429.1504,7719014.0589],[476429.3183,7719014.0208],[476429.4868,7719013.9852],[476429.7993,7719013.9852],[476440.2498,7719013.9852],[476690.006,7719013.9852],[476691.3751,7719014.1436],[476691.5975,7719014.1805],[476691.9275,7719014.246],[476692.2531,7719014.3235],[476692.6799,7719014.4449],[476692.89,7719014.5133],[476693.0979,7719014.5866],[476693.3034,7719014.6649],[476693.5065,7719014.748],[476693.8064,7719014.8816],[476694.1004,7719015.0256],[476694.3884,7719015.18],[476694.5768,7719015.2884],[476694.8541,7719015.4594],[476695.0352,7719015.5787],[476695.2132,7719015.7022],[476695.4744,7719015.8951],[476695.7282,7719016.0972],[476695.8933,7719016.2368],[476696.0549,7719016.3803],[476696.3677,7719016.6784],[476696.5927,7719016.9117],[476696.738,7719017.0716],[476696.8796,7719017.2349],[476697.0846,7719017.4863],[476697.2806,7719017.745],[476697.4062,7719017.9215],[476697.5276,7719018.1011],[476697.6448,7719018.2837],[476697.7018,7719018.3761],[476697.7577,7719018.4693],[476697.8661,7719018.6577],[476697.9702,7719018.849],[476698.0205,7719018.9457],[476698.1177,7719019.1411],[476698.2103,7719019.3391],[476698.2981,7719019.5396],[476698.3403,7719019.6409],[476698.421,7719019.8452],[476698.5328,7719020.1561],[476698.6334,7719020.4721],[476698.6645,7719020.5786],[476698.7497,7719020.9011],[476698.8001,7719021.1186],[476698.8656,7719021.4487],[476698.9189,7719021.7828],[476698.9599,7719022.121],[476698.9881,7719022.4628],[476699.0064,7719022.8764],[476699.0064,7719023.7379],[476699.0064,7719036.7861],[476699.0064,7719050.6957],[476699.0071,7719050.86],[476699.0099,7719051.0792],[476699.0119,7719051.1887],[476699.0188,7719051.4069],[476699.0284,7719051.6244],[476699.0346,7719051.7327],[476699.0408,7719051.8411],[476699.0483,7719051.9491],[476699.0558,7719052.0571],[476699.0646,7719052.1648],[476699.0689,7719052.2163],[476699.0837,7719052.3796],[476699.0938,7719052.4869],[476699.1053,7719052.5937],[476699.1168,7719052.7006],[476699.1297,7719052.807],[476699.1493,7719052.9649],[476699.1707,7719053.1255],[476699.1861,7719053.2311],[476699.2016,7719053.3368],[476699.2183,7719053.4419],[476699.235,7719053.5471],[476699.253,7719053.6519],[476699.2709,7719053.7566],[476699.2902,7719053.8609],[476699.3095,7719053.9652],[476699.33,7719054.069],[476699.3505,7719054.1729],[476699.3723,7719054.2763],[476699.3941,7719054.3797],[476699.4171,7719054.4826],[476699.4401,7719054.5855],[476699.4644,7719054.6879],[476699.4887,7719054.7903],[476699.5142,7719054.8923],[476699.5397,7719054.9942],[476699.5931,7719055.1971],[476699.6211,7719055.2981],[476699.649,7719055.399],[476699.6897,7719055.5392],[476699.7134,7719055.62],[476699.7376,7719055.6998],[476699.768,7719055.7998],[476699.7995,7719055.8991],[476699.831,7719055.9985],[476699.8637,7719056.0974],[476699.8964,7719056.1962],[476699.9642,7719056.3929],[476699.9993,7719056.4906],[476700.0343,7719056.5884],[476700.083,7719056.7191],[476700.1197,7719056.8164],[476700.1441,7719056.8794],[476700.1814,7719056.976],[476700.2199,7719057.0721],[476700.2584,7719057.1681],[476700.3377,7719057.359],[476700.4192,7719057.5488],[476700.5029,7719057.7373],[476700.5459,7719057.8309],[476700.5889,7719057.9246],[476700.633,7719058.0176],[476700.677,7719058.1107],[476700.7222,7719058.2031],[476700.7674,7719058.2955],[476700.8136,7719058.3872],[476700.8599,7719058.479],[476700.9072,7719058.5701],[476700.9302,7719058.6146],[476700.9545,7719058.6613],[476701.0029,7719058.7517],[476701.0513,7719058.8422],[476701.1007,7719058.932],[476701.1502,7719059.0218],[476701.2006,7719059.111],[476701.2511,7719059.2001],[476701.3027,7719059.2886],[476701.3542,7719059.3771],[476701.4068,7719059.4649],[476701.4593,7719059.5526],[476701.5129,7719059.6397],[476701.5665,7719059.7268],[476701.6211,7719059.8132],[476701.6757,7719059.8996],[476701.7313,7719059.9853],[476701.8436,7719060.1559],[476701.9002,7719060.2409],[476702.0154,7719060.4093],[476702.1326,7719060.5763],[476702.2517,7719060.7419],[476702.4342,7719060.9871],[476702.6206,7719061.2293],[476702.876,7719061.5465],[476703.1388,7719061.8574],[476703.2729,7719062.0104],[476703.4088,7719062.1618],[476703.6163,7719062.3856],[476703.7566,7719062.5328],[476703.8273,7719062.606],[476704.0426,7719062.8222],[476704.2613,7719063.0349],[476704.3353,7719063.1046],[476704.4094,7719063.1744],[476704.4842,7719063.2432],[476704.5591,7719063.3121],[476704.6348,7719063.3801],[476704.7105,7719063.448],[476704.787,7719063.5151],[476704.8635,7719063.5821],[476704.9408,7719063.6483],[476705.0182,7719063.7145],[476705.1744,7719063.8449],[476705.2533,7719063.9092],[476705.3322,7719063.9736],[476705.4916,7719064.1003],[476705.6526,7719064.2252],[476705.7746,7719064.3176],[476705.8971,7719064.4087],[476705.9791,7719064.4692],[476706.1446,7719064.5884],[476706.2281,7719064.6469],[476706.3958,7719064.7631],[476706.4801,7719064.8207],[476706.65,7719064.934],[476706.8213,7719065.0452],[476706.9077,7719065.0998],[476706.9941,7719065.1544],[476707.0812,7719065.208],[476707.1683,7719065.2616],[476707.2561,7719065.3142],[476707.3439,7719065.3667],[476707.4323,7719065.4183],[476707.5208,7719065.4698],[476707.6099,7719065.5203],[476707.6991,7719065.5708],[476707.7889,7719065.6202],[476707.9692,7719065.7181],[476708.0597,7719065.7664],[476708.1508,7719065.8138],[476708.2419,7719065.8611],[476708.3337,7719065.9073],[476708.4255,7719065.9536],[476708.5179,7719065.9987],[476708.6103,7719066.0439],[476708.7033,7719066.088],[476708.7963,7719066.132],[476708.89,7719066.175],[476708.9837,7719066.218],[476709.0779,7719066.2599],[476709.1722,7719066.3017],[476709.267,7719066.3425],[476709.3619,7719066.3832],[476709.4574,7719066.4229],[476709.5528,7719066.4625],[476709.6489,7719066.501],[476709.8416,7719066.5768],[476710.0354,7719066.6504],[476710.1326,7719066.6866],[476710.2303,7719066.7217],[476710.3281,7719066.7567],[476710.4264,7719066.7906],[476710.5247,7719066.8245],[476710.6236,7719066.8572],[476710.7224,7719066.8899],[476710.9212,7719066.953],[476711.0211,7719066.9833],[476711.121,7719067.0137],[476711.3219,7719067.0719],[476711.5238,7719067.1278],[476711.6252,7719067.1545],[476711.7267,7719067.1813],[476711.8286,7719067.2068],[476712.033,7719067.2565],[476712.2384,7719067.3038],[476712.3413,7719067.3269],[476712.4447,7719067.3486],[476712.548,7719067.3704],[476712.6519,7719067.3909],[476712.86,7719067.4307],[476712.9643,7719067.45],[476713.1738,7719067.486],[476713.3842,7719067.5194],[476713.5954,7719067.5502],[476713.8075,7719067.5785],[476714.0203,7719067.6041],[476714.234,7719067.6271],[476714.6638,7719067.6652],[476714.8798,7719067.6802],[476714.9608,7719067.6848],[476715.0297,7719067.6887],[476715.0966,7719067.6925],[476715.1718,7719067.6958],[476715.2538,7719067.6995],[476715.3438,7719067.7031],[476715.4231,7719067.7056],[476715.4867,7719067.7076],[476715.6614,7719067.7115],[476715.9622,7719067.714],[476715.9707,7719067.7143],[476716.0252,7719067.7145],[476769.4819,7719067.7145],[476769.4819,7719059.7506],[476716.0252,7719059.7506],[476715.6232,7719059.744],[476715.3934,7719059.7323],[476715.1651,7719059.7149],[476714.9385,7719059.6918],[476714.6016,7719059.6467],[476714.2688,7719059.5893],[476713.9402,7719059.5198],[476713.5092,7719059.4086],[476713.0867,7719059.277],[476712.6733,7719059.1254],[476712.3697,7719058.999],[476712.1704,7719058.9087],[476711.8763,7719058.7647],[476711.5884,7719058.6103],[476711.3068,7719058.446],[476711.1227,7719058.3309],[476710.8522,7719058.1504],[476710.5886,7719057.9605],[476710.4169,7719057.8288],[476710.1656,7719057.6238],[476709.9218,7719057.41],[476709.7637,7719057.2628],[476709.6091,7719057.1119],[476709.3109,7719056.7991],[476709.1674,7719056.6375],[476709.0278,7719056.4724],[476708.8921,7719056.304],[476708.8258,7719056.2186],[476708.6328,7719055.9574],[476708.5093,7719055.7794],[476708.39,7719055.5983],[476708.275,7719055.4142],[476708.1643,7719055.2271],[476708.058,7719055.0373],[476707.9071,7719054.7473],[476707.7665,7719054.4512],[476707.6786,7719054.2507],[476707.5955,7719054.0476],[476707.5558,7719053.9451],[476707.4439,7719053.6342],[476707.3433,7719053.3182],[476707.2826,7719053.1048],[476707.227,7719052.8892],[476707.1767,7719052.6717],[476707.1535,7719052.5621],[476707.1111,7719052.3416],[476707.092,7719052.2307],[476707.0794,7719050.6957],[476707.0299,7718974.9574],[476706.9852,7718884.6272],[476706.9966,7718884.4521],[476707.0061,7718884.3382],[476707.0169,7718884.2247],[476707.0291,7718884.1115],[476707.0578,7718883.8865],[476707.0742,7718883.7747],[476707.092,7718883.6633],[476707.1111,7718883.5523],[476707.1535,7718883.3319],[476707.1767,7718883.2223],[476707.227,7718883.0048],[476707.2541,7718882.8967],[476707.2826,7718882.7892],[476707.3123,7718882.6822],[476707.3433,7718882.5758],[476707.4439,7718882.2598],[476707.5173,7718882.0519],[476707.6365,7718881.7446],[476707.722,7718881.5427],[476707.8122,7718881.3434],[476707.8591,7718881.2447],[476707.9071,7718881.1467],[476708.0066,7718880.9527],[476708.058,7718880.8567],[476708.1106,7718880.7614],[476708.1643,7718880.6668],[476708.2191,7718880.573],[476708.275,7718880.4798],[476708.39,7718880.2957],[476708.5093,7718880.1146],[476708.5705,7718880.0252],[476708.6328,7718879.9366],[476708.7604,7718879.7617],[476708.8258,7718879.6754],[476708.8921,7718879.59],[476709.0278,7718879.4216],[476709.0971,7718879.3386],[476709.1674,7718879.2565],[476709.3109,7718879.0949],[476709.384,7718879.0154],[476709.4581,7718878.9367],[476709.5332,7718878.859],[476709.6859,7718878.7062],[476709.8423,7718878.5571],[476710.0022,7718878.4117],[476710.0835,7718878.3405],[476710.1656,7718878.2702],[476710.2485,7718878.2009],[476710.3323,7718878.1325],[476710.4169,7718878.0652],[476710.5024,7718877.9988],[476710.5886,7718877.9335],[476710.7635,7718877.8059],[476710.9416,7718877.6823],[476711.0317,7718877.6222],[476711.1227,7718877.563],[476711.2143,7718877.505],[476711.3068,7718877.448],[476711.4938,7718877.3373],[476711.6837,7718877.2311],[476711.7796,7718877.1796],[476711.9737,7718877.0801],[476712.1704,7718876.9852],[476712.2697,7718876.9395],[476712.4703,7718876.8517],[476712.6733,7718876.7686],[476712.8788,7718876.6903],[476712.9825,7718876.653],[476713.1915,7718876.5822],[476713.4027,7718876.5163],[476713.5092,7718876.4853],[476713.7237,7718876.4272],[476713.8317,7718876.4001],[476714.0493,7718876.3497],[476714.1588,7718876.3265],[476714.2688,7718876.3047],[476714.4902,7718876.2651],[476714.7135,7718876.2309],[476714.8258,7718876.2158],[476715.1651,7718876.1791],[476715.2791,7718876.1697],[476715.3934,7718876.1617],[476715.698,7718876.1434],[476715.9707,7718876.1434],[476716.253,7718876.1434],[476829.9752,7718876.1434],[476830.2479,7718876.1434],[476830.5524,7718876.1617],[476831.0074,7718876.2022],[476831.3442,7718876.2473],[476831.5666,7718876.2842],[476832.0056,7718876.3742],[476832.2222,7718876.4272],[476832.3297,7718876.4556],[476832.5431,7718876.5163],[476832.7544,7718876.5822],[476832.9634,7718876.653],[476833.2725,7718876.7686],[476833.4756,7718876.8517],[476833.6762,7718876.9395],[476834.0695,7718877.1293],[476834.2622,7718877.2311],[476834.4521,7718877.3373],[476834.7315,7718877.505],[476835.0043,7718877.6823],[476835.1823,7718877.8059],[476835.4435,7718877.9988],[476835.6136,7718878.1325],[476835.7803,7718878.2702],[476835.9437,7718878.4117],[476836.1036,7718878.5571],[476836.3368,7718878.7821],[476836.5618,7718879.0154],[476836.7072,7718879.1753],[476836.8487,7718879.3386],[476836.9864,7718879.5054],[476837.1201,7718879.6754],[476837.2498,7718879.8487],[476837.4366,7718880.1146],[476837.5559,7718880.2957],[476837.6709,7718880.4798],[476837.8878,7718880.8567],[476837.9896,7718881.0494],[476838.0388,7718881.1467],[476838.1337,7718881.3434],[476838.1794,7718881.4428],[476838.2672,7718881.6433],[476838.3094,7718881.7446],[476838.3901,7718881.9489],[476838.4659,7718882.1555],[476838.5367,7718882.3645],[476838.6336,7718882.6822],[476838.6917,7718882.8967],[476838.7692,7718883.2223],[476838.8539,7718883.6633],[476838.8881,7718883.8865],[476838.929,7718884.2247],[476838.9492,7718884.4521],[476838.9642,7718884.9562],[476838.9796,7718894.2111],[476838.9937,7718925.1146],[476839.0076,7718955.7798],[476839.0206,7718984.3019],[476839.0329,7719011.2894],[476839.0451,7719038.277],[476839.0591,7719069.0746],[476839.0723,7719097.9935],[476839.0792,7719113.2865],[476839.0819,7719119.1604],[476839.0846,7719125.0986],[476839.0439,7719126.4345],[476838.6248,7719140.1971],[476838.0585,7719158.7954],[476837.3478,7719182.131],[476836.7257,7719202.5613],[476836.0306,7719225.3858],[476835.4858,7719243.276],[476835.0481,7719257.6492],[476843.0047,7719257.8915],[476843.4654,7719242.7738],[476843.9775,7719225.9722],[476844.4298,7719211.1307],[476844.9218,7719194.9867],[476845.3338,7719181.471],[476845.8226,7719165.4336],[476846.2693,7719150.7771],[476846.6518,7719138.2249],[476846.8876,7719130.489],[476846.9395,7719121.3937],[476846.9395,7719113.8289],[476846.9395,7719098.8799],[476846.9395,7719068.3205],[476846.9395,7718909.8348]],[[476690.238,7719005.9637],[476690.006,7719005.9667],[476440.1061,7719005.9667],[476437.0689,7719005.9667],[476436.7823,7719005.9637],[476436.5518,7719005.9549],[476436.2088,7719005.931],[476435.8694,7719005.8942],[476435.5339,7719005.845],[476435.3124,7719005.8054],[476435.2024,7719005.7835],[476434.9839,7719005.7358],[476434.7673,7719005.6829],[476434.5528,7719005.6247],[476434.2351,7719005.5279],[476434.0261,7719005.457],[476433.8194,7719005.3812],[476433.6151,7719005.3006],[476433.5139,7719005.2584],[476433.4133,7719005.2151],[476433.3133,7719005.1705],[476433.1153,7719005.078],[476432.5374,7719004.7727],[476432.3504,7719004.662],[476432.0754,7719004.4879],[476431.9852,7719004.4277],[476431.8071,7719004.3042],[476431.546,7719004.1112],[476431.3759,7719003.9775],[476431.2092,7719003.8399],[476431.0458,7719003.6983],[476430.8859,7719003.553],[476430.8073,7719003.4789],[476430.6527,7719003.3279],[476430.4277,7719003.0947],[476430.2823,7719002.9348],[476430.1408,7719002.7715],[476430.0031,7719002.6047],[476429.9358,7719002.5201],[476429.8041,7719002.3484],[476429.6764,7719002.1735],[476429.5529,7719001.9955],[476429.4927,7719001.9053],[476429.3186,7719001.6302],[476429.2079,7719001.4432],[476429.1542,7719001.3486],[476429.0502,7719001.1574],[476428.9999,7719001.0607],[476428.9507,7719000.9633],[476428.8558,7719000.7666],[476428.8101,7719000.6673],[476428.7656,7719000.5673],[476428.6391,7719000.2637],[476428.5609,7719000.0582],[476428.4875,7718999.8503],[476428.4192,7718999.6402],[476428.3559,7718999.4278],[476428.3262,7718999.3208],[476428.2706,7718999.1053],[476428.2203,7718998.8877],[476428.1753,7718998.6682],[476428.1548,7718998.5577],[476428.1178,7718998.3354],[476428.0864,7718998.1112],[476428.0605,7718997.8854],[476428.0403,7718997.6579],[476428.0257,7718997.4289],[476428.014,7718996.6785],[476428.014,7718996.0673],[476428.014,7718994.0068],[476428.014,7718959.6109],[476428.014,7718885.0892],[476428.0323,7718884.5665],[476428.0605,7718884.2247],[476428.1014,7718883.8865],[476428.1356,7718883.6633],[476428.1753,7718883.4419],[476428.2448,7718883.1133],[476428.2977,7718882.8967],[476428.3869,7718882.5758],[476428.5236,7718882.1555],[476428.5994,7718881.9489],[476428.6801,7718881.7446],[476428.7656,7718881.5427],[476428.9027,7718881.2447],[476428.9999,7718881.0494],[476429.1017,7718880.8567],[476429.1542,7718880.7614],[476429.2627,7718880.573],[476429.3756,7718880.3874],[476429.4927,7718880.2048],[476429.6141,7718880.0252],[476429.8041,7718879.7617],[476429.9358,7718879.59],[476430.1408,7718879.3386],[476430.2823,7718879.1753],[476430.4277,7718879.0154],[476430.5768,7718878.859],[476430.7295,7718878.7062],[476430.8859,7718878.5571],[476431.0458,7718878.4117],[476431.2092,7718878.2702],[476431.3759,7718878.1325],[476431.6322,7718877.9335],[476431.8071,7718877.8059],[476431.9852,7718877.6823],[476432.1663,7718877.563],[476432.4435,7718877.3921],[476432.632,7718877.2837],[476432.8233,7718877.1796],[476433.1153,7718877.0321],[476433.3133,7718876.9395],[476433.6151,7718876.8095],[476433.8194,7718876.7288],[476434.1303,7718876.617],[476434.3405,7718876.5486],[476434.5528,7718876.4853],[476434.7673,7718876.4272],[476434.8753,7718876.4001],[476435.0929,7718876.3497],[476435.3124,7718876.3047],[476435.4229,7718876.2842],[476435.7571,7718876.2309],[476435.8694,7718876.2158],[476436.0952,7718876.1899],[476436.5518,7718876.1551],[476437.0143,7718876.1434],[476589.2758,7718876.1455],[476690.006,7718876.1434],[476690.2958,7718876.1482],[476690.5833,7718876.1617],[476690.9251,7718876.1899],[476691.151,7718876.2158],[476691.4865,7718876.2651],[476691.7079,7718876.3047],[476692.0365,7718876.3742],[476692.4676,7718876.4853],[476692.6799,7718876.5486],[476692.9943,7718876.653],[476693.3034,7718876.7686],[476693.5065,7718876.8517],[476693.707,7718876.9395],[476694.0031,7718877.0801],[476694.1004,7718877.1293],[476694.3884,7718877.2837],[476694.8541,7718877.563],[476695.3011,7718877.8692],[476695.5598,7718878.0652],[476695.8112,7718878.2702],[476696.0549,7718878.484],[476696.2131,7718878.6312],[476696.4436,7718878.859],[476696.738,7718879.1753],[476696.9489,7718879.4216],[476697.0173,7718879.5054],[476697.0846,7718879.59],[476697.2163,7718879.7617],[476697.2806,7718879.8487],[476697.3439,7718879.9366],[476697.4675,7718880.1146],[476697.5276,7718880.2048],[476697.5867,7718880.2957],[476697.7018,7718880.4798],[476697.8124,7718880.6668],[476697.9187,7718880.8567],[476698.0205,7718881.0494],[476698.0697,7718881.1467],[476698.1177,7718881.2447],[476698.2103,7718881.4428],[476698.2981,7718881.6433],[476698.3403,7718881.7446],[476698.3812,7718881.8464],[476698.4595,7718882.0519],[476698.4968,7718882.1555],[476698.5328,7718882.2598],[476698.5676,7718882.3645],[476698.6334,7718882.5758],[476698.6645,7718882.6822],[476698.7226,7718882.8967],[476698.7497,7718883.0048],[476698.7756,7718883.1133],[476698.8233,7718883.3319],[476698.8451,7718883.4419],[476698.8847,7718883.6633],[476698.9025,7718883.7747],[476698.9189,7718883.8865],[476698.9476,7718884.1115],[476698.9801,7718884.4521],[476698.9947,7718884.6812],[476699.0064,7718885.5654],[476699.0064,7718903.1223],[476699.0064,7718937.3859],[476699.0064,7718985.8047],[476699.0064,7718995.653],[476698.9998,7718997.3138],[476698.9707,7718997.7719],[476698.9599,7718997.8854],[476698.934,7718998.1112],[476698.9025,7718998.3354],[476698.8847,7718998.4468],[476698.8656,7718998.5577],[476698.8233,7718998.7782],[476698.7756,7718998.9968],[476698.7226,7718999.2133],[476698.6645,7718999.4278],[476698.6012,7718999.6402],[476698.5676,7718999.7455],[476698.4968,7718999.9545],[476698.421,7719000.1612],[476698.3403,7719000.3655],[476698.2548,7719000.5673],[476698.1646,7719000.7666],[476698.0697,7719000.9633],[476697.9702,7719001.1574],[476697.8661,7719001.3486],[476697.7577,7719001.5371],[476697.6448,7719001.7227],[476697.5867,7719001.8143],[476697.4675,7719001.9955],[476697.4062,7719002.0849],[476697.2163,7719002.3484],[476697.0846,7719002.5201],[476697.0173,7719002.6047],[476696.8093,7719002.8536],[476696.6658,7719003.0152],[476696.4436,7719003.2511],[476696.2908,7719003.4039],[476696.1344,7719003.553],[476695.9745,7719003.6983],[476695.7282,7719003.9092],[476695.4744,7719004.1112],[476695.3011,7719004.2409],[476695.1246,7719004.3665],[476695.0352,7719004.4277],[476694.8541,7719004.547],[476694.7624,7719004.6051],[476694.483,7719004.7727],[476694.1971,7719004.9304],[476694.0031,7719005.0299],[476693.905,7719005.078],[476693.707,7719005.1705],[476693.4052,7719005.3006],[476693.2009,7719005.3812],[476692.9943,7719005.457],[476692.7853,7719005.5279],[476692.4676,7719005.6247],[476692.2531,7719005.6829],[476691.9275,7719005.7603],[476691.7079,7719005.8054],[476691.3751,7719005.8628],[476691.151,7719005.8942],[476690.8116,7719005.931],[476690.4686,7719005.9549],[476690.238,7719005.9637]],[[476411.3971,7718905.1561],[476411.0497,7718905.1627],[476369.048,7718905.1627],[476368.4708,7718905.1444],[476367.7908,7718905.0753],[476367.1266,7718904.9564],[476366.2688,7718904.7239],[476365.7507,7718904.5376],[476365.149,7718904.274],[476364.4772,7718903.914],[476364.1091,7718903.684],[476363.4942,7718903.2409],[476363.0795,7718902.8944],[476362.7632,7718902.5999],[476362.3882,7718902.2113],[476362.1051,7718901.8845],[476361.7734,7718901.4574],[476361.4673,7718901.0104],[476361.3523,7718900.8263],[476361.1879,7718900.5447],[476360.9844,7718900.1594],[476360.8438,7718899.8634],[476360.6728,7718899.4597],[476360.5212,7718899.0464],[476360.3315,7718898.4094],[476360.2308,7718897.9743],[476360.1515,7718897.5314],[476360.0942,7718897.0815],[476360.074,7718896.854],[476360.0477,7718895.4398],[476360.0477,7718892.3986],[476354.0474,7718892.3986],[476354.0474,7718895.4821],[476353.9026,7718896.9679],[476353.8659,7718897.3073],[476353.777,7718897.8643],[476353.6817,7718898.3014],[476353.5654,7718898.7303],[476353.4287,7718899.1506],[476353.2301,7718899.6628],[476353.0965,7718899.9627],[476352.8506,7718900.4494],[476352.6896,7718900.7331],[476352.3994,7718901.1915],[476352.1482,7718901.5444],[476351.7412,7718902.0496],[476351.4505,7718902.3694],[476350.9065,7718902.8944],[476350.233,7718903.437],[476349.6943,7718903.8011],[476349.3203,7718904.0225],[476348.7383,7718904.3209],[476348.2353,7718904.5376],[476347.822,7718904.6891],[476347.185,7718904.8789],[476346.7499,7718904.9796],[476346.1952,7718905.0753],[476345.2277,7718905.1579],[476345.2267,7718905.1611],[476333.1369,7718905.1603],[476321.7582,7718905.1611],[476320.3545,7718905.1364],[476319.7889,7718905.0753],[476319.1247,7718904.9564],[476318.5846,7718904.8208],[476317.8512,7718904.5773],[476317.2458,7718904.3209],[476316.7591,7718904.075],[476316.3822,7718903.8581],[476316.017,7718903.6238],[476315.6641,7718903.3726],[476315.324,7718903.1052],[476314.9177,7718902.749],[476314.6086,7718902.4471],[476314.3141,7718902.1309],[476313.9676,7718901.7161],[476313.646,7718901.2809],[476313.2945,7718900.7331],[476313.082,7718900.3534],[476312.7974,7718899.7634],[476312.671,7718899.4597],[476312.5194,7718899.0464],[476312.3296,7718898.4094],[476312.1866,7718897.7538],[476312.0815,7718896.9679],[476312.0458,7718896.1078],[476312.0458,7718892.3986],[476306.0456,7718892.3986],[476305.8899,7718897.0815],[476305.7533,7718897.9743],[476305.5945,7718898.6239],[476305.351,7718899.3573],[476304.9505,7718900.2567],[476304.4577,7718901.1013],[476304.081,7718901.6307],[476303.5228,7718902.2908],[476302.985,7718902.8222],[476302.2311,7718903.437],[476301.413,7718903.9688],[476300.8351,7718904.274],[476300.028,7718904.6158],[476298.8575,7718904.9564],[476298.081,7718905.0903],[476297.9683,7718905.1039],[476297.8552,7718905.1162],[476297.6277,7718905.1364],[476297.5134,7718905.1444],[476297.1681,7718905.1598],[476297.165,7718905.1627],[476296.9361,7718905.1627],[476290.087,7718905.1627],[476248.3517,7718905.1364],[476247.3414,7718905.0014],[476246.4754,7718904.7898],[476246.0551,7718904.6531],[476245.4423,7718904.4111],[476245.0463,7718904.226],[476244.1953,7718903.7431],[476243.4049,7718903.1736],[476242.7585,7718902.5999],[476242.1004,7718901.8845],[476241.4046,7718900.9187],[476240.9317,7718900.0614],[476240.5899,7718899.2542],[476240.2493,7718898.0838],[476240.043,7718896.1078],[476240.043,7718881.1929],[476240.043,7718874.3774],[476240.043,7718841.6177],[476240.043,7718833.0029],[476240.043,7718821.848],[476240.043,7718817.784],[476240.043,7718814.1116],[476240.043,7718813.7729],[476240.043,7718813.3708],[476240.043,7718813.0864],[476240.0496,7718812.7935],[476240.0613,7718812.5637],[476240.0693,7718812.4493],[476240.0895,7718812.2218],[476240.1154,7718811.996],[476240.1468,7718811.7719],[476240.1838,7718811.5495],[476240.2261,7718811.329],[476240.2738,7718811.1105],[476240.3849,7718810.6794],[476240.4817,7718810.3617],[476240.5899,7718810.0491],[476240.6681,7718809.8436],[476240.7946,7718809.5399],[476240.8848,7718809.3406],[476240.9797,7718809.1439],[476241.0792,7718808.9499],[476241.1832,7718808.7586],[476241.2917,7718808.5702],[476241.3476,7718808.477],[476241.4626,7718808.2929],[476241.5217,7718808.202],[476241.7054,7718807.9338],[476241.8984,7718807.6726],[476242.1004,7718807.4188],[476242.3113,7718807.1724],[476242.4567,7718807.0125],[476242.5308,7718806.9339],[476242.6817,7718806.7793],[476242.7585,7718806.7034],[476243.0748,7718806.4089],[476243.2382,7718806.2674],[476243.4049,7718806.1297],[476243.575,7718805.996],[476243.8361,7718805.803],[476244.1044,7718805.6193],[476244.4725,7718805.3893],[476244.7563,7718805.2283],[476245.0463,7718805.0773],[476245.3423,7718804.9367],[476245.6441,7718804.8067],[476245.9515,7718804.6875],[476246.1593,7718804.6142],[476246.4754,7718804.5135],[476246.7963,7718804.4244],[476247.2314,7718804.3237],[476247.4519,7718804.2814],[476247.7861,7718804.228],[476248.0111,7718804.1994],[476248.2378,7718804.1763],[476248.4661,7718804.1589],[476248.6959,7718804.1472],[476249.5325,7718804.1406],[476250.5908,7718804.1406],[476286.6739,7718804.1406],[476289.3193,7718804.1406],[476289.3196,7718804.1472],[476290.3412,7718804.2445],[476290.7841,7718804.3237],[476291.3267,7718804.4528],[476291.646,7718804.5458],[476292.1671,7718804.726],[476292.4726,7718804.8488],[476292.9692,7718805.0773],[476293.3545,7718805.2808],[476293.7285,7718805.5022],[476294.0907,7718805.7408],[476294.3542,7718805.9307],[476294.9407,7718806.4089],[476295.1792,7718806.6284],[476295.4847,7718806.9339],[476295.915,7718807.4188],[476296.1824,7718807.7589],[476296.5529,7718808.2929],[476296.8848,7718808.8539],[476297.1764,7718809.4399],[476297.4629,7718810.1527],[476297.6306,7718810.6794],[476297.7159,7718811.0019],[476297.7894,7718811.329],[476297.8317,7718811.5495],[476297.8686,7718811.7719],[476297.9137,7718812.1087],[476297.9368,7718812.3354],[476297.9608,7718812.6784],[476297.9659,7718812.7935],[476297.9725,7718813.1409],[476297.9725,7718813.5352],[476297.9725,7718823.8868],[476303.9727,7718823.8868],[476303.9727,7718813.5749],[476303.9757,7718812.9089],[476303.991,7718812.5637],[476304.0085,7718812.3354],[476304.0193,7718812.2218],[476304.0452,7718811.996],[476304.0602,7718811.8837],[476304.0944,7718811.6605],[476304.1135,7718811.5495],[476304.134,7718811.439],[476304.1559,7718811.329],[476304.1791,7718811.2195],[476304.2294,7718811.0019],[476304.3147,7718810.6794],[476304.4115,7718810.3617],[476304.5197,7718810.0491],[476304.681,7718809.6405],[476304.9095,7718809.1439],[476305.1667,7718808.664],[476305.3924,7718808.2929],[476305.6352,7718807.9338],[476305.8282,7718807.6726],[476306.0302,7718807.4188],[476306.1698,7718807.2537],[476306.3865,7718807.0125],[476306.6115,7718806.7793],[476306.8447,7718806.5543],[476307.0046,7718806.4089],[476307.168,7718806.2674],[476307.4193,7718806.0624],[476307.591,7718805.9307],[476307.8546,7718805.7408],[476308.1251,7718805.5602],[476308.4962,7718805.3345],[476308.6861,7718805.2283],[476308.9761,7718805.0773],[476309.3721,7718804.8922],[476309.7782,7718804.726],[476310.0891,7718804.6142],[476310.2992,7718804.5458],[476310.5116,7718804.4825],[476310.7261,7718804.4244],[476311.0517,7718804.3469],[476311.2712,7718804.3019],[476311.4926,7718804.2622],[476311.7159,7718804.228],[476311.9409,7718804.1994],[476312.1675,7718804.1763],[476312.3958,7718804.1589],[476312.6256,7718804.1472],[476312.7411,7718804.1435],[476312.7406,7718804.1406],[476314.9315,7718804.1406],[476326.8377,7718804.1406],[476344.938,7718804.1406],[476344.9925,7718804.1406],[476345.1714,7718804.1406],[476345.17,7718804.1435],[476345.5153,7718804.1589],[476345.8571,7718804.1871],[476346.307,7718804.2445],[476346.5294,7718804.2814],[476346.7499,7718804.3237],[476347.077,7718804.3972],[476347.2925,7718804.4528],[476347.5059,7718804.5135],[476347.7172,7718804.5794],[476347.9262,7718804.6502],[476348.1329,7718804.726],[476348.3372,7718804.8067],[476348.539,7718804.8922],[476348.7383,7718804.9824],[476348.935,7718805.0773],[476349.0324,7718805.1265],[476349.3203,7718805.2808],[476349.6019,7718805.4452],[476349.786,7718805.5602],[476350.0565,7718805.7408],[476350.3201,7718805.9307],[476350.4063,7718805.996],[476350.5764,7718806.1297],[476350.7431,7718806.2674],[476350.9065,7718806.4089],[476351.0664,7718806.5543],[476351.2996,7718806.7793],[476351.3755,7718806.8562],[476351.5978,7718807.092],[476351.7412,7718807.2537],[476351.8809,7718807.4188],[476352.0165,7718807.5872],[476352.2126,7718807.8459],[476352.3994,7718808.1118],[476352.5187,7718808.2929],[476352.6337,7718808.477],[476352.6896,7718808.5702],[476352.8506,7718808.8539],[476353.0016,7718809.1439],[476353.1422,7718809.4399],[476353.2301,7718809.6405],[476353.2722,7718809.7417],[476353.3529,7718809.946],[476353.3914,7718810.0491],[476353.4287,7718810.1527],[476353.4996,7718810.3617],[476353.5654,7718810.573],[476353.6261,7718810.7864],[476353.7075,7718811.1105],[476353.7552,7718811.329],[476353.777,7718811.439],[476353.7975,7718811.5495],[476353.8167,7718811.6605],[476353.8345,7718811.7719],[476353.8659,7718811.996],[476353.8918,7718812.2218],[476353.912,7718812.4493],[476353.9317,7718812.7935],[476353.9383,7718813.2309],[476353.9383,7718813.6542],[476353.9383,7718814.2032],[476353.9383,7718853.3971],[476360.0477,7718853.3425],[476360.0477,7718814.0329],[476360.0477,7718813.218],[476360.0486,7718813.0125],[476360.0512,7718812.8842],[476360.0556,7718812.7562],[476360.0655,7718812.5647],[476360.0743,7718812.4374],[476360.0849,7718812.3104],[476360.0972,7718812.1838],[476360.104,7718812.1206],[476360.1112,7718812.0575],[476360.1269,7718811.9315],[476360.1354,7718811.8687],[476360.1538,7718811.7434],[476360.1636,7718811.6808],[476360.1845,7718811.5561],[476360.207,7718811.4318],[476360.2313,7718811.308],[476360.2573,7718811.1846],[476360.2709,7718811.1231],[476360.2995,7718811.0006],[476360.3143,7718810.9395],[476360.3297,7718810.8785],[476360.3615,7718810.757],[476360.3951,7718810.636],[476360.4124,7718810.5757],[476360.4302,7718810.5156],[476360.4671,7718810.3958],[476360.5056,7718810.2767],[476360.5255,7718810.2173],[476360.5458,7718810.1582],[476360.5875,7718810.0403],[476360.609,7718809.9816],[476360.6533,7718809.8647],[476360.676,7718809.8066],[476360.7227,7718809.6908],[476360.771,7718809.5757],[476360.7957,7718809.5185],[476360.8464,7718809.4046],[476360.8724,7718809.3479],[476360.9255,7718809.2351],[476360.9802,7718809.1232],[476361.0365,7718809.0121],[476361.0944,7718808.9018],[476361.1539,7718808.7924],[476361.1842,7718808.738],[476361.246,7718808.6299],[476361.2775,7718808.5762],[476361.3743,7718808.4164],[476361.4074,7718808.3636],[476361.4747,7718808.2588],[476361.5435,7718808.1549],[476361.6138,7718808.0521],[476361.6857,7718807.9502],[476361.7591,7718807.8494],[476361.8341,7718807.7496],[476361.8721,7718807.7001],[476361.9493,7718807.6019],[476362.028,7718807.5048],[476362.068,7718807.4567],[476362.19,7718807.314],[476362.2732,7718807.2203],[476362.3153,7718807.1739],[476362.4008,7718807.082],[476362.4441,7718807.0364],[476362.5317,7718806.9463],[476362.6208,7718806.8574],[476362.666,7718806.8134],[476362.7571,7718806.7235],[476362.8031,7718806.6791],[476362.8494,7718806.635],[476362.9428,7718806.5478],[476363.0373,7718806.462],[476363.085,7718806.4196],[476363.1811,7718806.336],[476363.2295,7718806.2946],[476363.3272,7718806.2131],[476363.3765,7718806.1728],[476363.426,7718806.1329],[476363.5257,7718806.0542],[476363.6264,7718805.9769],[476363.6772,7718805.9388],[476363.8308,7718805.8267],[476363.9345,7718805.7538],[476363.9866,7718805.7179],[476364.0916,7718805.6472],[476364.1976,7718805.5781],[476364.3044,7718805.5104],[476364.412,7718805.4442],[476364.5206,7718805.3795],[476364.63,7718805.3164],[476364.7401,7718805.2548],[476364.8511,7718805.1948],[476365.0191,7718805.1076],[476365.132,7718805.0515],[476365.1888,7718805.024],[476365.3601,7718804.944],[476365.4753,7718804.8926],[476365.5911,7718804.8429],[476365.7076,7718804.7947],[476365.7661,7718804.7713],[476365.8835,7718804.7256],[476366.0017,7718804.6815],[476366.1204,7718804.6391],[476366.2397,7718804.5984],[476366.4198,7718804.5404],[476366.5406,7718804.5039],[476366.6619,7718804.469],[476366.8449,7718804.4199],[476366.9675,7718804.3893],[476367.2141,7718804.3333],[476367.4626,7718804.2843],[476367.5874,7718804.2624],[476367.7127,7718804.2423],[476367.8384,7718804.224],[476368.0275,7718804.1999],[476368.2175,7718804.1798],[476368.3445,7718804.1687],[476368.4081,7718804.1639],[476368.5356,7718804.1555],[476368.7273,7718804.1464],[476368.9194,7718804.1408],[476369.048,7718804.1406],[476374.6205,7718804.1446],[476411.7982,7718804.1716],[476411.9688,7718804.1871],[476412.0819,7718804.1994],[476412.1946,7718804.213],[476412.3069,7718804.228],[476412.5301,7718804.2622],[476412.7516,7718804.3019],[476412.8616,7718804.3237],[476413.0801,7718804.3714],[476413.2967,7718804.4244],[476413.4042,7718804.4528],[476413.5112,7718804.4825],[476413.6176,7718804.5135],[476413.7235,7718804.5458],[476413.8289,7718804.5794],[476413.9337,7718804.6142],[476414.0379,7718804.6502],[476414.193,7718804.7068],[476414.2446,7718804.726],[476414.347,7718804.7657],[476414.4489,7718804.8067],[476414.5501,7718804.8488],[476414.6507,7718804.8922],[476414.7507,7718804.9367],[476414.85,7718804.9824],[476414.9487,7718805.0293],[476415.0467,7718805.0773],[476415.144,7718805.1265],[476415.2407,7718805.1768],[476415.3367,7718805.2283],[476415.432,7718805.2808],[476415.5266,7718805.3345],[476415.6204,7718805.3893],[476415.806,7718805.5022],[476415.8977,7718805.5602],[476416.0788,7718805.6795],[476416.2568,7718805.803],[476416.3447,7718805.8663],[476416.4317,7718805.9307],[476416.6034,7718806.0624],[476416.6881,7718806.1297],[476416.9369,7718806.3377],[476417.0182,7718806.4089],[476417.1781,7718806.5543],[476417.3344,7718806.7034],[476417.4872,7718806.8562],[476417.6363,7718807.0125],[476417.7817,7718807.1724],[476417.9232,7718807.3358],[476418.1946,7718807.6726],[476418.3876,7718807.9338],[476418.6304,7718808.2929],[476418.9098,7718808.7586],[476419.2082,7718809.3406],[476419.3418,7718809.6405],[476419.5031,7718810.0491],[476419.6112,7718810.3617],[476419.7378,7718810.7864],[476419.8192,7718811.1105],[476419.8887,7718811.439],[476419.9284,7718811.6605],[476419.9626,7718811.8837],[476420.0035,7718812.2218],[476420.0383,7718812.6784],[476420.05,7718813.6039],[476420.05,7718829.4357],[476420.05,7718872.2983],[476420.05,7718896.1624],[476420.0383,7718896.6249],[476420.0035,7718897.0815],[476419.9776,7718897.3073],[476419.9626,7718897.4196],[476419.9461,7718897.5314],[476419.9092,7718897.7538],[476419.8437,7718898.0838],[476419.8192,7718898.1928],[476419.7662,7718898.4094],[476419.7378,7718898.5169],[476419.6771,7718898.7303],[476419.6448,7718898.8362],[476419.5764,7718899.0464],[476419.5031,7718899.2542],[476419.4646,7718899.3573],[476419.3839,7718899.5616],[476419.3418,7718899.6628],[476419.2539,7718899.8634],[476419.2082,7718899.9627],[476419.1133,7718900.1594],[476419.0138,7718900.3534],[476418.9098,7718900.5447],[476418.8013,7718900.7331],[476418.6884,7718900.9187],[476418.6008,7718901.0559],[476418.4498,7718901.2809],[476418.3243,7718901.4574],[476418.1282,7718901.7161],[476417.9232,7718901.9675],[476417.7817,7718902.1309],[476417.6363,7718902.2908],[476417.4872,7718902.4471],[476417.2567,7718902.6749],[476417.0985,7718902.8222],[476416.9369,7718902.9656],[476416.7718,7718903.1052],[476416.518,7718903.3073],[476416.2568,7718903.5003],[476415.9886,7718903.684],[476415.7136,7718903.8581],[476415.432,7718904.0225],[476415.144,7718904.1768],[476414.85,7718904.3209],[476414.5501,7718904.4545],[476414.2958,7718904.5574],[476413.8289,7718904.7239],[476413.6176,7718904.7898],[476413.4042,7718904.8505],[476413.0801,7718904.9319],[476412.7516,7718905.0014],[476412.4187,7718905.0588],[476412.0819,7718905.1039],[476411.7413,7718905.1364],[476411.3971,7718905.1561]],[[476690.006,7718868.834],[476557.9491,7718868.8337],[476542.7275,7718868.834],[476542.6695,7718868.8331],[476541.8085,7718868.7875],[476541.0257,7718868.6727],[476540.4805,7718868.5502],[476540.0537,7718868.4288],[476539.7393,7718868.3244],[476539.1265,7718868.0824],[476538.7305,7718867.8973],[476538.5365,7718867.7978],[476538.2506,7718867.6401],[476537.9712,7718867.4724],[476537.7886,7718867.3553],[476537.5204,7718867.1716],[476537.1738,7718866.9122],[476536.8403,7718866.6369],[476536.5205,7718866.3462],[476536.3659,7718866.1953],[476536.1409,7718865.9621],[476535.854,7718865.6388],[476535.649,7718865.3874],[476535.453,7718865.1287],[476535.206,7718864.7726],[476534.9759,7718864.4045],[476534.8675,7718864.216],[476534.7131,7718863.928],[476534.5233,7718863.5347],[476534.3933,7718863.2329],[476534.2741,7718862.9255],[476534.166,7718862.6129],[476534.1001,7718862.4016],[476534.011,7718862.0807],[476533.9335,7718861.7551],[476533.868,7718861.4251],[476533.8147,7718861.0909],[476533.7737,7718860.7528],[476533.7535,7718860.5253],[476533.7338,7718860.1811],[476533.7272,7718859.8337],[476533.7272,7718772.357],[476533.7272,7718770.1574],[476533.7389,7718769.6949],[476533.7535,7718769.4658],[476533.7737,7718769.2383],[476533.7996,7718769.0125],[476533.8311,7718768.7884],[476533.8885,7718768.4555],[476533.958,7718768.127],[476533.9838,7718768.0184],[476534.0394,7718767.8029],[476534.1001,7718767.5895],[476534.166,7718767.3782],[476534.2368,7718767.1692],[476534.2741,7718767.0656],[476534.3126,7718766.9625],[476534.3933,7718766.7582],[476534.5233,7718766.4564],[476534.6159,7718766.2584],[476534.7131,7718766.0631],[476534.8149,7718765.8704],[476534.9211,7718765.6805],[476534.9759,7718765.5866],[476535.0318,7718765.4935],[476535.206,7718765.2185],[476535.3274,7718765.0389],[476535.453,7718764.8624],[476535.5826,7718764.6891],[476535.7163,7718764.519],[476535.9955,7718764.1889],[476536.1409,7718764.029],[476536.29,7718763.8727],[476536.5205,7718763.6449],[476536.8403,7718763.3542],[476537.1738,7718763.0789],[476537.5204,7718762.8195],[476537.8795,7718762.5767],[476538.4405,7718762.2448],[476538.8285,7718762.0458],[476539.4302,7718761.7822],[476540.0537,7718761.5623],[476540.4805,7718761.4409],[476540.9157,7718761.3402],[476541.3585,7718761.2609],[476541.922,7718761.1928],[476549.4364,7718761.0969],[476605.9466,7718761.1571],[476676.6434,7718761.1571],[476690.4471,7718761.1571],[476690.4686,7718761.1688],[476690.9251,7718761.2036],[476691.4865,7718761.2787],[476691.9275,7718761.3634],[476692.3606,7718761.4693],[476692.6799,7718761.5623],[476693.0979,7718761.704],[476693.707,7718761.9532],[476694.0031,7718762.0938],[476694.3884,7718762.2973],[476694.7624,7718762.5187],[476695.2132,7718762.8195],[476695.5598,7718763.0789],[476695.8933,7718763.3542],[476696.0549,7718763.4976],[476696.2908,7718763.7199],[476696.5186,7718763.9504],[476696.738,7718764.1889],[476696.8796,7718764.3523],[476696.9489,7718764.4352],[476697.0846,7718764.6037],[476697.2163,7718764.7754],[476697.3439,7718764.9503],[476697.4062,7718765.0389],[476697.5867,7718765.3094],[476697.7577,7718765.5866],[476697.8661,7718765.7751],[476698.0205,7718766.0631],[476698.1646,7718766.3571],[476698.2548,7718766.5564],[476698.3403,7718766.7582],[476698.4595,7718767.0656],[476698.5676,7718767.3782],[476698.6942,7718767.8029],[476698.7756,7718768.127],[476698.8451,7718768.4555],[476698.9025,7718768.7884],[476698.934,7718769.0125],[476698.9599,7718769.2383],[476698.9801,7718769.4658],[476698.9947,7718769.6949],[476699.0064,7718770.1574],[476699.0064,7718774.5345],[476699.0064,7718836.4471],[476699.0064,7718860.1859],[476698.9998,7718860.1811],[476698.9707,7718860.6392],[476698.9476,7718860.8659],[476698.9025,7718861.2027],[476698.8656,7718861.4251],[476698.8233,7718861.6456],[476698.7756,7718861.8641],[476698.7497,7718861.9727],[476698.7226,7718862.0807],[476698.6645,7718862.2952],[476698.6012,7718862.5075],[476698.5328,7718862.7177],[476698.4595,7718862.9255],[476698.3812,7718863.131],[476698.2981,7718863.3341],[476698.2103,7718863.5347],[476698.1177,7718863.7327],[476698.0205,7718863.928],[476697.9187,7718864.1207],[476697.8124,7718864.3106],[476697.7018,7718864.4976],[476697.5867,7718864.6817],[476697.4675,7718864.8628],[476697.3439,7718865.0408],[476697.2163,7718865.2157],[476697.0846,7718865.3874],[476697.0173,7718865.4721],[476696.9489,7718865.5559],[476696.8796,7718865.6388],[476696.8093,7718865.7209],[476696.738,7718865.8022],[476696.5927,7718865.9621],[476696.5186,7718866.0407],[476696.3677,7718866.1953],[476696.2131,7718866.3462],[476696.1344,7718866.4203],[476696.0549,7718866.4935],[476695.8933,7718866.6369],[476695.8112,7718866.7072],[476695.6444,7718866.8449],[476695.4744,7718866.9786],[476695.3881,7718867.0439],[476695.2132,7718867.1716],[476695.0352,7718867.2951],[476694.8541,7718867.4144],[476694.67,7718867.5294],[476694.3884,7718867.6938],[476694.1971,7718867.7978],[476694.0031,7718867.8973],[476693.8064,7718867.9922],[476693.6071,7718868.0824],[476693.4052,7718868.1679],[476693.2009,7718868.2486],[476692.9943,7718868.3244],[476692.7853,7718868.3952],[476692.574,7718868.4611],[476692.3606,7718868.5218],[476692.2531,7718868.5502],[476692.0365,7718868.6032],[476691.7079,7718868.6727],[476691.4865,7718868.7124],[476691.2633,7718868.7466],[476691.0383,7718868.7752],[476690.9251,7718868.7875],[476690.6976,7718868.8077],[476690.5833,7718868.8157],[476690.238,7718868.8311],[476690.006,7718868.834]],[[476716.0545,7718868.1795],[476715.9707,7718868.1793],[476715.8545,7718868.1787],[476715.698,7718868.1795],[476715.5081,7718868.1677],[476715.3934,7718868.1612],[476715.2791,7718868.1532],[476715.1651,7718868.1437],[476715.0516,7718868.1329],[476714.8258,7718868.107],[476714.7135,7718868.092],[476714.6016,7718868.0756],[476714.4902,7718868.0578],[476714.3793,7718868.0387],[476714.2688,7718868.0182],[476714.1588,7718867.9963],[476714.0493,7718867.9731],[476713.9402,7718867.9486],[476713.8317,7718867.9228],[476713.7237,7718867.8957],[476713.6162,7718867.8672],[476713.5092,7718867.8375],[476713.2968,7718867.7742],[476713.1915,7718867.7407],[476713.0867,7718867.7059],[476712.9825,7718867.6698],[476712.8788,7718867.6325],[476712.6733,7718867.5543],[476712.5715,7718867.5133],[476712.4703,7718867.4712],[476712.2697,7718867.3833],[476712.0717,7718867.2907],[476711.9737,7718867.2427],[476711.7796,7718867.1432],[476711.6837,7718867.0918],[476711.5884,7718867.0392],[476711.3999,7718866.9307],[476711.3068,7718866.8748],[476711.2143,7718866.8179],[476711.1227,7718866.7598],[476711.0317,7718866.7007],[476710.9416,7718866.6405],[476710.8522,7718866.5793],[476710.7635,7718866.517],[476710.6757,7718866.4537],[476710.5886,7718866.3894],[476710.5024,7718866.324],[476710.4169,7718866.2577],[476710.3323,7718866.1903],[476710.2485,7718866.122],[476710.1656,7718866.0527],[476710.0022,7718865.9111],[476709.9218,7718865.8389],[476709.8423,7718865.7657],[476709.7637,7718865.6917],[476709.6859,7718865.6166],[476709.6091,7718865.5407],[476709.5332,7718865.4639],[476709.4581,7718865.3861],[476709.384,7718865.3075],[476709.3109,7718865.228],[476709.2387,7718865.1476],[476709.1674,7718865.0663],[476709.0278,7718864.9013],[476708.9595,7718864.8175],[476708.8921,7718864.7329],[476708.8258,7718864.6474],[476708.6961,7718864.4741],[476708.6328,7718864.3863],[476708.5705,7718864.2976],[476708.5093,7718864.2082],[476708.4491,7718864.1181],[476708.39,7718864.0271],[476708.3319,7718863.9355],[476708.2191,7718863.7499],[476708.1643,7718863.656],[476708.1106,7718863.5614],[476708.058,7718863.4661],[476708.0066,7718863.3701],[476707.9563,7718863.2735],[476707.9071,7718863.1761],[476707.8591,7718863.0781],[476707.8122,7718862.9794],[476707.7665,7718862.8801],[476707.722,7718862.7801],[476707.6786,7718862.6795],[476707.6365,7718862.5783],[476707.5955,7718862.4764],[476707.5558,7718862.374],[476707.48,7718862.1673],[476707.4439,7718862.0631],[476707.4091,7718861.9583],[476707.3756,7718861.853],[476707.3433,7718861.7471],[476707.3123,7718861.6406],[476707.2826,7718861.5336],[476707.2541,7718861.4261],[476707.227,7718861.3181],[476707.2012,7718861.2096],[476707.1767,7718861.1005],[476707.1535,7718860.991],[476707.1316,7718860.881],[476707.1111,7718860.7705],[476707.092,7718860.6596],[476707.0742,7718860.5482],[476707.0578,7718860.4363],[476707.0428,7718860.324],[476707.023,7718860.1548],[476707.0169,7718860.0982],[476707.0061,7718859.9847],[476706.9886,7718859.7564],[476706.977,7718859.5266],[476706.9727,7718859.5176],[476706.9703,7718854.7034],[476706.9703,7718775.7251],[476706.9703,7718770.6206],[476706.9703,7718770.4301],[476706.9703,7718770.1574],[476706.977,7718769.81],[476706.9886,7718769.5802],[476707.0061,7718769.3519],[476707.0169,7718769.2383],[476707.0428,7718769.0125],[476707.0578,7718768.9002],[476707.0742,7718768.7884],[476707.1111,7718768.566],[476707.1316,7718768.4555],[476707.1767,7718768.236],[476707.227,7718768.0184],[476707.2541,7718767.9104],[476707.3123,7718767.6959],[476707.3433,7718767.5895],[476707.4091,7718767.3782],[476707.48,7718767.1692],[476707.5173,7718767.0656],[476707.6365,7718766.7582],[476707.722,7718766.5564],[476707.8122,7718766.3571],[476707.9071,7718766.1604],[476707.9729,7718766.031],[476708.1106,7718765.7751],[476708.2191,7718765.5866],[476708.275,7718765.4935],[476708.4491,7718765.2185],[476708.5705,7718765.0389],[476708.6961,7718764.8624],[476708.8258,7718764.6891],[476709.0278,7718764.4352],[476709.1674,7718764.2702],[476709.3109,7718764.1085],[476709.384,7718764.029],[476709.5332,7718763.8727],[476709.6859,7718763.7199],[476709.8423,7718763.5708],[476710.0022,7718763.4254],[476710.1656,7718763.2839],[476710.2485,7718763.2146],[476710.4515,7718763.052],[476710.5886,7718762.9472],[476710.7635,7718762.8195],[476710.9416,7718762.696],[476711.0317,7718762.6358],[476711.2143,7718762.5187],[476711.3068,7718762.4617],[476711.5884,7718762.2973],[476711.6837,7718762.2448],[476711.8763,7718762.143],[476712.0717,7718762.0458],[476712.2697,7718761.9532],[476712.3697,7718761.9087],[476712.5715,7718761.8232],[476712.7758,7718761.7425],[476712.9825,7718761.6667],[476713.0867,7718761.6307],[476713.1915,7718761.5959],[476713.2968,7718761.5623],[476713.5092,7718761.499],[476713.7237,7718761.4409],[476713.9402,7718761.3879],[476714.1588,7718761.3402],[476714.2688,7718761.3184],[476714.4902,7718761.2787],[476714.7135,7718761.2445],[476714.9385,7718761.2159],[476715.0516,7718761.2036],[476715.2791,7718761.1834],[476715.5081,7718761.1688],[476715.7387,7718761.16],[476716.9346,7718761.1571],[476719.5949,7718761.1571],[476722.8133,7718761.1571],[476723.4218,7718761.1571],[476829.9752,7718761.1571],[476830.5524,7718761.1754],[476830.8943,7718761.2036],[476831.4556,7718761.2787],[476831.677,7718761.3184],[476832.0056,7718761.3879],[476832.4367,7718761.499],[476832.8592,7718761.6307],[476833.1701,7718761.7425],[476833.4756,7718761.8653],[476833.7755,7718761.9989],[476834.0695,7718762.143],[476834.3575,7718762.2973],[476834.6391,7718762.4617],[476834.9141,7718762.6358],[476835.3572,7718762.9472],[476835.4943,7718763.052],[476835.8624,7718763.3542],[476836.024,7718763.4976],[476836.3368,7718763.7958],[476836.5618,7718764.029],[476836.8487,7718764.3523],[476836.9864,7718764.519],[476837.1201,7718764.6891],[476837.3131,7718764.9503],[476837.4967,7718765.2185],[476837.6709,7718765.4935],[476837.8353,7718765.7751],[476837.9729,7718766.031],[476838.1794,7718766.4564],[476838.2672,7718766.657],[476838.3901,7718766.9625],[476838.4659,7718767.1692],[476838.5367,7718767.3782],[476838.6336,7718767.6959],[476838.6917,7718767.9104],[476838.7447,7718768.127],[476838.8142,7718768.4555],[476838.8539,7718768.677],[476838.8881,7718768.9002],[476838.9398,7718769.3519],[476838.9572,7718769.5802],[476838.9755,7718770.1574],[476838.9755,7718771.0687],[476838.9755,7718804.7817],[476838.9755,7718814.6683],[476838.9755,7718857.4868],[476838.9751,7718859.1791],[476838.9689,7718859.5266],[476838.9031,7718860.324],[476838.8142,7718860.881],[476838.7447,7718861.2096],[476838.6336,7718861.6406],[476838.5367,7718861.9583],[476838.4659,7718862.1673],[476838.4286,7718862.2709],[476838.3094,7718862.5783],[476838.1794,7718862.8801],[476838.0388,7718863.1761],[476837.9393,7718863.3701],[476837.7268,7718863.7499],[476837.4967,7718864.1181],[476837.3131,7718864.3863],[476837.1201,7718864.6474],[476836.7784,7718865.0663],[476836.3368,7718865.5407],[476836.1036,7718865.7657],[476835.7803,7718866.0527],[476835.2702,7718866.4537],[476834.8232,7718866.7598],[476834.5459,7718866.9307],[476834.1662,7718867.1432],[476833.8742,7718867.2907],[476833.5762,7718867.4278],[476833.2725,7718867.5543],[476832.8592,7718867.7059],[476832.5431,7718867.8065],[476832.1142,7718867.9228],[476831.7871,7718867.9963],[476831.5666,7718868.0387],[476831.2324,7718868.092],[476830.8943,7718868.1329],[476830.6668,7718868.1532],[476830.4377,7718868.1677],[476830.2479,7718868.1795],[476716.0545,7718868.1795]],[[476517.2311,7718868.1612],[476515.9715,7718868.1795],[476437.0689,7718868.1795],[476436.7823,7718868.1765],[476436.5518,7718868.1677],[476436.2088,7718868.1437],[476435.9821,7718868.1207],[476435.6453,7718868.0756],[476435.3124,7718868.0182],[476434.9839,7718867.9486],[476434.5528,7718867.8375],[476434.2351,7718867.7407],[476433.8194,7718867.594],[476433.5139,7718867.4712],[476433.1153,7718867.2907],[476432.7273,7718867.0918],[476432.3504,7718866.8748],[476431.9852,7718866.6405],[476431.6322,7718866.3894],[476431.3759,7718866.1903],[476431.1271,7718865.9824],[476430.9654,7718865.8389],[476430.6527,7718865.5407],[476430.5768,7718865.4639],[476430.4277,7718865.3075],[476430.2111,7718865.0663],[476430.0714,7718864.9013],[476429.9358,7718864.7329],[476429.8694,7718864.6474],[476429.7397,7718864.4741],[476429.4927,7718864.1181],[476429.3756,7718863.9355],[476429.2627,7718863.7499],[476429.1017,7718863.4661],[476428.9999,7718863.2735],[476428.8558,7718862.9794],[476428.7656,7718862.7801],[476428.6391,7718862.4764],[476428.5609,7718862.2709],[476428.4875,7718862.0631],[476428.4192,7718861.853],[476428.3262,7718861.5336],[476428.2448,7718861.2096],[476428.1753,7718860.881],[476428.1178,7718860.5482],[476428.0605,7718860.0982],[476428.014,7718859.1791],[476428.014,7718859.1246],[476428.014,7718770.1574],[476428.014,7718769.8847],[476428.0403,7718769.4658],[476428.0605,7718769.2383],[476428.0864,7718769.0125],[476428.1356,7718768.677],[476428.1971,7718768.3455],[476428.2448,7718768.127],[476428.2977,7718767.9104],[476428.3559,7718767.6959],[476428.4192,7718767.4836],[476428.5236,7718767.1692],[476428.5994,7718766.9625],[476428.6801,7718766.7582],[476428.8101,7718766.4564],[476428.9507,7718766.1604],[476429.0502,7718765.9664],[476429.2079,7718765.6805],[476429.3186,7718765.4935],[476429.4336,7718765.3094],[476429.5529,7718765.1283],[476429.7397,7718764.8624],[476429.8694,7718764.6891],[476430.0714,7718764.4352],[476430.2111,7718764.2702],[476430.4277,7718764.029],[476430.6527,7718763.7958],[476430.8859,7718763.5708],[476431.0458,7718763.4254],[476431.2092,7718763.2839],[476431.4605,7718763.0789],[476431.6322,7718762.9472],[476431.9852,7718762.696],[476432.1663,7718762.5767],[476432.5374,7718762.351],[476432.8233,7718762.1933],[476433.1153,7718762.0458],[476433.4133,7718761.9087],[476433.717,7718761.7822],[476433.9225,7718761.704],[476434.2351,7718761.5959],[476434.7673,7718761.4409],[476435.2024,7718761.3402],[476435.5339,7718761.2787],[476435.8694,7718761.2295],[476436.0952,7718761.2036],[476436.3227,7718761.1834],[476436.6669,7718761.1637],[476437.0143,7718761.1571],[476438.2993,7718761.0653],[476462.013,7718761.048],[476503.4997,7718761.048],[476513.9801,7718761.0591],[476516.6538,7718761.1571],[476517.3454,7718761.1834],[476517.911,7718761.2445],[476518.4657,7718761.3402],[476519.0083,7718761.4693],[476519.433,7718761.5959],[476519.7456,7718761.704],[476520.1542,7718761.8653],[476520.3548,7718761.9532],[476520.5528,7718762.0458],[476520.9408,7718762.2448],[476521.3177,7718762.4617],[476521.5928,7718762.6358],[476521.7723,7718762.7573],[476521.9488,7718762.8828],[476522.2076,7718763.0789],[476522.541,7718763.3542],[476522.8608,7718763.6449],[476523.1664,7718763.9504],[476523.3136,7718764.1085],[476523.3858,7718764.1889],[476523.5274,7718764.3523],[476523.665,7718764.519],[476523.7324,7718764.6037],[476523.7987,7718764.6891],[476523.8641,7718764.7754],[476523.9284,7718764.8624],[476523.9917,7718764.9503],[476524.054,7718765.0389],[476524.1152,7718765.1283],[476524.1754,7718765.2185],[476524.2345,7718765.3094],[476524.2926,7718765.4011],[476524.3495,7718765.4935],[476524.4054,7718765.5866],[476524.4602,7718765.6805],[476524.5139,7718765.7751],[476524.5665,7718765.8704],[476524.6179,7718765.9664],[476524.6682,7718766.0631],[476524.7174,7718766.1604],[476524.7654,7718766.2584],[476524.858,7718766.4564],[476524.9459,7718766.657],[476524.988,7718766.7582],[476525.029,7718766.8601],[476525.0687,7718766.9625],[476525.1072,7718767.0656],[476525.1806,7718767.2734],[476525.2154,7718767.3782],[476525.2812,7718767.5895],[476525.3122,7718767.6959],[476525.3704,7718767.9104],[476525.3975,7718768.0184],[476525.4233,7718768.127],[476525.4478,7718768.236],[476525.471,7718768.3455],[476525.4929,7718768.4555],[476525.5325,7718768.677],[476525.5817,7718769.0125],[476525.5954,7718769.1252],[476525.6184,7718769.3519],[476525.6424,7718769.6949],[476525.6475,7718769.81],[476525.6532,7718772.992],[476525.6537,7718773.6011],[476525.6542,7718859.1791],[476525.6521,7718859.2932],[476525.6184,7718859.9847],[476525.6076,7718860.0982],[476525.5817,7718860.324],[476525.5503,7718860.5482],[476525.5134,7718860.7705],[476525.4929,7718860.881],[476525.471,7718860.991],[476525.4233,7718861.2096],[476525.3704,7718861.4261],[476525.3122,7718861.6406],[476525.2489,7718861.853],[476525.1806,7718862.0631],[476525.1072,7718862.2709],[476525.029,7718862.4764],[476524.9025,7718862.7801],[476524.8123,7718862.9794],[476524.6682,7718863.2735],[476524.5665,7718863.4661],[476524.4054,7718863.7499],[476524.3495,7718863.843],[476524.2345,7718864.0271],[476524.1152,7718864.2082],[476523.9917,7718864.3863],[476523.8641,7718864.5612],[476523.7324,7718864.7329],[476523.5967,7718864.9013],[476523.4571,7718865.0663],[476523.3136,7718865.228],[476523.0913,7718865.4639],[476522.8608,7718865.6917],[476522.7027,7718865.8389],[476522.541,7718865.9824],[476522.376,7718866.122],[476522.1221,7718866.324],[476521.861,7718866.517],[476521.6829,7718866.6405],[476521.3177,7718866.8748],[476521.1307,7718866.9855],[476520.8448,7718867.1432],[476520.5528,7718867.2907],[476520.2548,7718867.4278],[476520.053,7718867.5133],[476519.5378,7718867.7059],[476519.1153,7718867.8375],[476518.6843,7718867.9486],[476518.2452,7718868.0387],[476517.7987,7718868.107],[476517.2311,7718868.1612]],[[476297.97,7718761.0843],[476354.6988,7718761.1265],[476404.9139,7718761.0898],[476407.6285,7718761.1659],[476408.1523,7718761.1663],[476408.7079,7718761.1667],[476409.3112,7718761.1672],[476409.9302,7718761.1676],[476410.1684,7718761.1678],[476410.5652,7718761.1681],[476411.0497,7718761.1571],[476411.5122,7718761.1688],[476411.9688,7718761.2036],[476412.3069,7718761.2445],[476412.5301,7718761.2787],[476412.8616,7718761.3402],[476413.1887,7718761.4137],[476413.4042,7718761.4693],[476413.7235,7718761.5623],[476413.8289,7718761.5959],[476414.0379,7718761.6667],[476414.2446,7718761.7425],[476414.7507,7718761.9532],[476415.2407,7718762.1933],[476415.6204,7718762.4058],[476415.9886,7718762.6358],[476416.3447,7718762.8828],[476416.518,7718763.0125],[476416.7718,7718763.2146],[476417.0182,7718763.4254],[476417.2567,7718763.6449],[476417.5622,7718763.9504],[476417.7095,7718764.1085],[476417.9232,7718764.3523],[476418.1946,7718764.6891],[476418.3243,7718764.8624],[476418.5111,7718765.1283],[476418.6884,7718765.4011],[476418.8561,7718765.6805],[476418.9623,7718765.8704],[476419.0641,7718766.0631],[476419.1133,7718766.1604],[476419.2082,7718766.3571],[476419.2984,7718766.5564],[476419.3839,7718766.7582],[476419.4646,7718766.9625],[476419.5764,7718767.2734],[476419.6448,7718767.4836],[476419.7081,7718767.6959],[476419.7662,7718767.9104],[476419.8437,7718768.236],[476419.8887,7718768.4555],[476419.9284,7718768.677],[476419.9461,7718768.7884],[476419.9776,7718769.0125],[476420.0143,7718769.3519],[476420.0237,7718769.4658],[476420.05,7718769.8847],[476420.05,7718770.1574],[476420.0498,7718787.2924],[476420.0447,7718787.4816],[476420.0432,7718787.5237],[476420.0237,7718787.8679],[476420.0035,7718788.0954],[476419.9912,7718788.2085],[476419.9776,7718788.3212],[476419.9461,7718788.5453],[476419.9284,7718788.6567],[476419.9092,7718788.7677],[476419.8887,7718788.8782],[476419.8669,7718788.9882],[476419.8437,7718789.0977],[476419.8192,7718789.2067],[476419.7934,7718789.3153],[476419.7662,7718789.4233],[476419.7378,7718789.5308],[476419.7081,7718789.6378],[476419.6771,7718789.7442],[476419.6448,7718789.8501],[476419.6112,7718789.9555],[476419.5764,7718790.0603],[476419.5404,7718790.1645],[476419.4646,7718790.3712],[476419.4248,7718790.4736],[476419.3839,7718790.5755],[476419.3418,7718790.6767],[476419.2984,7718790.7773],[476419.2539,7718790.8773],[476419.2082,7718790.9766],[476419.1613,7718791.0753],[476419.1133,7718791.1733],[476419.0641,7718791.2707],[476419.0138,7718791.3673],[476418.9623,7718791.4633],[476418.9098,7718791.5586],[476418.8561,7718791.6532],[476418.8013,7718791.7471],[476418.7454,7718791.8402],[476418.6884,7718791.9326],[476418.5713,7718792.1152],[476418.5111,7718792.2054],[476418.4498,7718792.2948],[476418.3876,7718792.3835],[476418.3243,7718792.4713],[476418.2599,7718792.5584],[476418.1946,7718792.6446],[476418.1282,7718792.7301],[476418.0609,7718792.8147],[476417.9232,7718792.9814],[476417.7817,7718793.1448],[476417.7095,7718793.2252],[476417.6363,7718793.3047],[476417.5622,7718793.3833],[476417.4113,7718793.5379],[476417.3344,7718793.6138],[476417.2567,7718793.6888],[476417.0985,7718793.8361],[476417.0182,7718793.9083],[476416.9369,7718793.9795],[476416.7718,7718794.1192],[476416.6881,7718794.1875],[476416.518,7718794.3212],[476416.3447,7718794.4509],[476416.1682,7718794.5765],[476415.9886,7718794.6979],[476415.806,7718794.815],[476415.7136,7718794.872],[476415.5266,7718794.9827],[476415.432,7718795.0364],[476415.3367,7718795.0889],[476415.2407,7718795.1404],[476415.144,7718795.1907],[476415.0467,7718795.2399],[476414.85,7718795.3348],[476414.6507,7718795.425],[476414.5501,7718795.4684],[476414.4489,7718795.5105],[476414.347,7718795.5515],[476414.2446,7718795.5912],[476414.1415,7718795.6297],[476414.0379,7718795.667],[476413.9337,7718795.7031],[476413.8289,7718795.7379],[476413.6176,7718795.8037],[476413.5112,7718795.8347],[476413.2967,7718795.8929],[476413.0801,7718795.9458],[476412.8616,7718795.9935],[476412.6411,7718796.0358],[476412.5301,7718796.055],[476412.4187,7718796.0728],[476412.3069,7718796.0892],[476412.0819,7718796.1178],[476411.8552,7718796.1409],[476411.7413,7718796.1503],[476411.4547,7718796.1675],[476411.2817,7718796.1737],[476411.0497,7718796.1766],[476346.0467,7718796.1272],[476250.6896,7718796.0685],[476249.2397,7718796.0676],[476247.6743,7718796.0728],[476247.2314,7718795.9935],[476246.9043,7718795.92],[476246.5818,7718795.8347],[476246.3695,7718795.7714],[476246.0551,7718795.667],[476245.8484,7718795.5912],[476245.5429,7718795.4684],[476245.3423,7718795.3805],[476245.1443,7718795.2879],[476244.8523,7718795.1404],[476244.661,7718795.0364],[476244.287,7718794.815],[476243.9248,7718794.5765],[476243.4895,7718794.2548],[476242.8363,7718793.6888],[476242.3113,7718793.1448],[476242.0321,7718792.8147],[476241.7054,7718792.3835],[476241.2917,7718791.7471],[476241.0289,7718791.2707],[476240.8391,7718790.8773],[476240.5899,7718790.2681],[476240.4482,7718789.8501],[476240.2996,7718789.3153],[476240.1646,7718788.6567],[476240.1018,7718788.2085],[476240.0693,7718787.8679],[476240.043,7718787.1763],[476240.043,7718787.1217],[476240.043,7718786.3713],[476240.043,7718785.313],[476240.043,7718783.7784],[476240.043,7718782.5613],[476240.043,7718781.3442],[476240.043,7718780.2859],[476240.043,7718779.0159],[476240.043,7718777.5871],[476240.043,7718776.37],[476240.043,7718774.9413],[476240.043,7718773.0892],[476240.043,7718771.6605],[476240.043,7718770.1574],[476240.0787,7718769.3519],[476240.1646,7718768.677],[476240.3268,7718767.9104],[476240.4482,7718767.4836],[476240.5899,7718767.0656],[476240.8391,7718766.4564],[476241.1307,7718765.8704],[476241.4046,7718765.4011],[476241.6431,7718765.0389],[476242.0321,7718764.519],[476242.4567,7718764.029],[476242.8363,7718763.6449],[476243.575,7718763.0125],[476244.7563,7718762.2448],[476245.746,7718761.7822],[476245.953,7718761.7121],[476249.0433,7718761.1571],[476249.4463,7718761.1438],[476297.97,7718761.0843]],[[476231.4936,7718795.7637],[476231.7371,7718796.4971],[476231.9574,7718797.4781],[476232.0202,7718797.9263],[476232.0786,7718798.8976],[476232.0788,7718798.904],[476232.079,7718800.489],[476232.079,7718801.9707],[476232.079,7718804.4049],[476232.079,7718813.3478],[476232.079,7718824.3545],[476232.079,7718852.4004],[476232.079,7718881.1929],[476232.079,7718923.6587],[476232.079,7718987.075],[476232.079,7719057.0177],[476232.079,7719119.8829],[476231.9585,7719137.8054],[476231.9522,7719137.8054],[476231.9522,7719138.7438],[476231.9522,7719139.6822],[476231.9503,7719139.7503],[476231.9519,7719139.7601],[476231.9506,7719139.8537],[476231.9472,7719139.9838],[476231.9373,7719140.1991],[476231.9324,7719140.2788],[476231.9223,7719140.4152],[476231.9082,7719140.5707],[476231.895,7719140.6951],[476231.8824,7719140.8006],[476231.8466,7719141.0519],[476231.8434,7719141.0762],[476231.8376,7719141.1128],[476231.8126,7719141.2604],[476231.7797,7719141.4349],[476231.7087,7719141.7604],[476231.6632,7719141.9431],[476231.6068,7719142.1455],[476231.6017,7719142.1658],[476231.5963,7719142.183],[476231.5719,7719142.269],[476231.5369,7719142.3828],[476231.491,7719142.5245],[476231.4399,7719142.6735],[476231.4181,7719142.7344],[476231.3752,7719142.8508],[476231.333,7719142.9605],[476231.2767,7719143.1009],[476231.2068,7719143.2662],[476231.172,7719143.3451],[476231.1381,7719143.4202],[476231.0838,7719143.5367],[476231.0317,7719143.6422],[476231.0179,7719143.6714],[476230.9595,7719143.7884],[476230.8616,7719143.9736],[476230.795,7719144.093],[476230.7869,7719144.108],[476230.766,7719144.145],[476230.7076,7719144.2456],[476230.6773,7719144.2966],[476230.6425,7719144.3544],[476230.6,7719144.4235],[476230.5457,7719144.5098],[476230.4516,7719144.6546],[476230.3936,7719144.7396],[476230.3843,7719144.7538],[476230.3707,7719144.7732],[476230.2956,7719144.8818],[476230.2317,7719144.9644],[476230.1728,7719145.0508],[476230.0937,7719145.1543],[476230.0785,7719145.1746],[476230.0353,7719145.2306],[476229.9944,7719145.2824],[476229.9471,7719145.3413],[476229.8617,7719145.445],[476229.7439,7719145.5813],[476229.7162,7719145.6141],[476229.6618,7719145.6763],[476229.5898,7719145.7557],[476229.4533,7719145.9014],[476229.3359,7719146.0206],[476229.3193,7719146.0378],[476229.2801,7719146.0772],[476229.2054,7719146.1501],[476229.1136,7719146.2375],[476229.0164,7719146.3273],[476228.8977,7719146.4335],[476228.7387,7719146.57],[476228.584,7719146.6959],[476228.5739,7719146.7045],[476228.5331,7719146.7373],[476228.4332,7719146.815],[476228.2927,7719146.9206],[476228.1342,7719147.0346],[476228.0533,7719147.0909],[476227.8789,7719147.2077],[476227.6856,7719147.3305],[476227.6068,7719147.3786],[476227.4648,7719147.4625],[476227.3955,7719147.5022],[476227.2928,7719147.5595],[476227.1909,7719147.6146],[476227.0209,7719147.7029],[476226.8496,7719147.7867],[476226.8405,7719147.7914],[476226.8037,7719147.8092],[476226.6432,7719147.883],[476226.3996,7719147.9881],[476226.222,7719148.0589],[476226.2121,7719148.063],[476226.1869,7719148.0729],[476225.9632,7719148.1554],[476225.7134,7719148.2397],[476225.5209,7719148.2992],[476225.2437,7719148.3767],[476225.0971,7719148.4138],[476224.9937,7719148.4384],[476224.8288,7719148.475],[476224.6603,7719148.5091],[476224.469,7719148.5437],[476224.1447,7719148.5927],[476223.9676,7719148.6106],[476223.9153,7719148.6201],[476223.8244,7719148.625],[476223.5821,7719148.6494],[476223.0588,7719148.6656],[476222.9638,7719148.6706],[476222.8964,7719148.6706],[476193.422,7719148.6706],[476155.4211,7719148.6706],[476153.0535,7719148.6706],[476152.4819,7719148.6525],[476151.7747,7719148.5792],[476151.177,7719148.4726],[476150.7144,7719148.361],[476150.1208,7719148.1788],[476149.6324,7719147.9942],[476149.0791,7719147.7442],[476148.4566,7719147.4063],[476148.062,7719147.1573],[476147.6397,7719146.8574],[476147.1074,7719146.4229],[476146.6977,7719146.038],[476146.2726,7719145.5824],[476145.9555,7719145.1968],[476145.5949,7719144.6984],[476145.235,7719144.1167],[476145.0489,7719143.7711],[476144.798,7719143.2373],[476144.5517,7719142.5999],[476144.2035,7719141.2542],[476144.0818,7719140.2321],[476144.0616,7719139.4722],[476144.0489,7719138.6835],[476144.065,7719138.6835],[476144.0766,7719047.918],[476144.0983,7718976.3044],[476144.1117,7718932.2841],[476144.127,7718882.1454],[476144.1444,7718824.9955],[476144.1477,7718814.0154],[476144.0704,7718811.405],[476144.1221,7718810.9316],[476144.1627,7718810.6638],[476144.2111,7718810.398],[476144.2382,7718810.2659],[476144.2673,7718810.1345],[476144.2983,7718810.0036],[476144.3484,7718809.8085],[476144.3842,7718809.6792],[476144.4218,7718809.5506],[476144.5685,7718809.1059],[476144.7121,7718808.7321],[476144.9004,7718808.3051],[476145.0792,7718807.9476],[476145.4122,7718807.3706],[476145.7092,7718806.9273],[476146.161,7718806.3467],[476147.1058,7718805.3861],[476152.9538,7718800.6278],[476158.1109,7718796.3185],[476161.11,7718793.8124],[476162.7803,7718792.4166],[476163.5804,7718791.748],[476163.8945,7718791.4855],[476164.2961,7718791.2704],[476164.7099,7718791.0385],[476165.3299,7718790.7384],[476165.8477,7718790.5282],[476166.3767,7718790.3493],[476167.1671,7718790.1462],[476167.8459,7718790.0311],[476168.4475,7718789.9739],[476170.2984,7718789.9582],[476175.2019,7718789.9582],[476223.7703,7718789.9845],[476224.6701,7718790.099],[476225.4332,7718790.2704],[476225.9627,7718790.4318],[476226.5791,7718790.6665],[476226.9777,7718790.8469],[476227.5556,7718791.1522],[476227.9267,7718791.3779],[476228.2858,7718791.6207],[476228.8838,7718792.085],[476229.3634,7718792.521],[476229.7385,7718792.9097],[476230.1572,7718793.4048],[476230.4788,7718793.84],[476230.8851,7718794.4817],[476231.1903,7718795.0596],[476231.4936,7718795.7637]],[[476320.127,7719014.4295],[476320.0705,7719014.4234],[476320.0139,7719014.4173],[476319.9576,7719014.4105],[476319.9012,7719014.4037],[476319.8451,7719014.3961],[476319.7889,7719014.3886],[476319.733,7719014.3804],[476319.6771,7719014.3722],[476319.6214,7719014.3633],[476319.5657,7719014.3544],[476319.5102,7719014.3449],[476319.4547,7719014.3353],[476319.3995,7719014.325],[476319.3443,7719014.3148],[476319.2892,7719014.3039],[476319.2342,7719014.293],[476319.1795,7719014.2814],[476319.1247,7719014.2698],[476319.0702,7719014.2575],[476319.0157,7719014.2453],[476318.9614,7719014.2324],[476318.8531,7719014.2059],[476318.7991,7719014.1923],[476318.6916,7719014.1639],[476318.5846,7719014.1341],[476318.4782,7719014.1031],[476318.3723,7719014.0709],[476318.2669,7719014.0373],[476318.1621,7719014.0025],[476318.0579,7719013.9665],[476317.9543,7719013.9292],[476317.8512,7719013.8907],[476317.8,7719013.8708],[476317.7488,7719013.8509],[476317.6979,7719013.8304],[476317.6469,7719013.81],[476317.5457,7719013.7678],[476317.4954,7719013.7462],[476317.4451,7719013.7245],[476317.3951,7719013.7022],[476317.3451,7719013.68],[476317.2458,7719013.6342],[476317.1471,7719013.5874],[476317.0491,7719013.5393],[476317.0004,7719013.5148],[476316.9518,7719013.4902],[476316.9034,7719013.465],[476316.8551,7719013.4399],[476316.8071,7719013.4141],[476316.7591,7719013.3884],[476316.7115,7719013.3621],[476316.6638,7719013.3358],[476316.6165,7719013.309],[476316.5437,7719013.2673],[476316.4754,7719013.2274],[476316.3822,7719013.1715],[476316.2898,7719013.1145],[476316.1981,7719013.0564],[476316.1072,7719012.9973],[476316.017,7719012.9371],[476315.9276,7719012.8759],[476315.839,7719012.8136],[476315.7076,7719012.7182],[476315.6209,7719012.6533],[476315.5778,7719012.6207],[476315.4924,7719012.5543],[476315.4077,7719012.487],[476315.324,7719012.4186],[476315.2825,7719012.3839],[476315.241,7719012.3493],[476315.1589,7719012.279],[476315.0776,7719012.2077],[476314.9973,7719012.1355],[476314.9575,7719012.099],[476314.9177,7719012.0624],[476314.8391,7719011.9883],[476314.7614,7719011.9133],[476314.6845,7719011.8374],[476314.6086,7719011.7605],[476314.5336,7719011.6828],[476314.4595,7719011.6041],[476314.4229,7719011.5644],[476314.3502,7719011.4844],[476314.2785,7719011.4036],[476314.2429,7719011.363],[476314.1726,7719011.2809],[476314.1033,7719011.1979],[476314.0349,7719011.1141],[476313.9676,7719011.0295],[476313.9012,7719010.9441],[476313.8359,7719010.8578],[476313.7715,7719010.7708],[476313.7082,7719010.6829],[476313.646,7719010.5943],[476313.5847,7719010.5049],[476313.5246,7719010.4147],[476313.4654,7719010.3238],[476313.4074,7719010.2321],[476313.3504,7719010.1397],[476313.2945,7719010.0465],[476313.2671,7719009.9996],[476313.2397,7719009.9526],[476313.2129,7719009.9054],[476313.186,7719009.8581],[476313.1598,7719009.8104],[476313.1335,7719009.7628],[476313.082,7719009.6668],[476313.0317,7719009.5701],[476312.9825,7719009.4728],[476312.9345,7719009.3747],[476312.8876,7719009.2761],[476312.8419,7719009.1767],[476312.7974,7719009.0768],[476312.7541,7719008.9762],[476312.7119,7719008.8749],[476312.671,7719008.7731],[476312.6511,7719008.7219],[476312.6312,7719008.6706],[476312.5927,7719008.5676],[476312.5374,7719008.4118],[476312.502,7719008.3073],[476312.451,7719008.1496],[476312.4187,7719008.0437],[476312.3877,7719007.9372],[476312.358,7719007.8303],[476312.3296,7719007.7228],[476312.3024,7719007.6147],[476312.2766,7719007.5062],[476312.2521,7719007.3972],[476312.2289,7719007.2876],[476312.2071,7719007.1776],[476312.1866,7719007.0671],[476312.1674,7719006.9562],[476312.1415,7719006.7889],[476312.1332,7719006.733],[476312.1182,7719006.6207],[476312.1114,7719006.5643],[476312.1046,7719006.508],[476312.0923,7719006.3948],[476312.0815,7719006.2813],[476312.0721,7719006.1673],[476312.0641,7719006.053],[476312.0575,7719005.9383],[476312.0506,7719005.7655],[476312.0458,7719005.4212],[476312.0458,7719001.712],[476306.0456,7719001.712],[476306.0456,7719004.6542],[476306.0456,7719005.4212],[476305.9007,7719006.2813],[476305.8899,7719006.3948],[476305.8777,7719006.508],[476305.864,7719006.6207],[476305.849,7719006.733],[476305.8326,7719006.8448],[476305.8148,7719006.9562],[476305.7957,7719007.0671],[476305.7752,7719007.1776],[476305.7533,7719007.2876],[476305.7301,7719007.3972],[476305.7056,7719007.5062],[476305.6798,7719007.6147],[476305.6527,7719007.7228],[476305.6242,7719007.8303],[476305.5945,7719007.9372],[476305.5635,7719008.0437],[476305.5312,7719008.1496],[476305.4977,7719008.2549],[476305.4629,7719008.3597],[476305.4268,7719008.4639],[476305.3895,7719008.5676],[476305.351,7719008.6706],[476305.3113,7719008.7731],[476305.2703,7719008.8749],[476305.2282,7719008.9762],[476305.1848,7719009.0768],[476305.1403,7719009.1767],[476305.0946,7719009.2761],[476305.0477,7719009.3747],[476304.9997,7719009.4728],[476304.9505,7719009.5701],[476304.9002,7719009.6668],[476304.8488,7719009.7628],[476304.7962,7719009.8581],[476304.7425,7719009.9526],[476304.6877,7719010.0465],[476304.6318,7719010.1397],[476304.5749,7719010.2321],[476304.5168,7719010.3238],[476304.4577,7719010.4147],[476304.3975,7719010.5049],[476304.3363,7719010.5943],[476304.274,7719010.6829],[476304.2107,7719010.7708],[476304.1464,7719010.8578],[476304.081,7719010.9441],[476304.0147,7719011.0295],[476303.9473,7719011.1141],[476303.879,7719011.1979],[476303.8097,7719011.2809],[476303.7394,7719011.363],[476303.6681,7719011.4442],[476303.5959,7719011.5246],[476303.5228,7719011.6041],[476303.4487,7719011.6828],[476303.3736,7719011.7605],[476303.2977,7719011.8374],[476303.2209,7719011.9133],[476303.1431,7719011.9883],[476302.985,7719012.1355],[476302.8234,7719012.279],[476302.7412,7719012.3493],[476302.6583,7719012.4186],[476302.6164,7719012.4528],[476302.5322,7719012.5206],[476302.4899,7719012.5543],[476302.4044,7719012.6207],[476302.3182,7719012.686],[476302.2311,7719012.7503],[476302.1433,7719012.8136],[476301.9652,7719012.9371],[476301.8751,7719012.9973],[476301.7841,7719013.0564],[476301.6925,7719013.1145],[476301.5069,7719013.2274],[476301.413,7719013.2821],[476301.3184,7719013.3358],[476301.2231,7719013.3884],[476301.1272,7719013.4399],[476300.9331,7719013.5393],[476300.7858,7719013.6108],[476300.6371,7719013.68],[476300.5371,7719013.7245],[476300.4365,7719013.7678],[476300.3353,7719013.81],[476300.1822,7719013.8708],[476300.028,7719013.9292],[476299.9243,7719013.9665],[476299.7677,7719014.0199],[476299.7153,7719014.0373],[476299.61,7719014.0709],[476299.5041,7719014.1031],[476299.3976,7719014.1341],[476299.2906,7719014.1639],[476299.1831,7719014.1923],[476299.0208,7719014.2324],[476298.8575,7719014.2698],[476298.638,7719014.3148],[476298.3052,7719014.3722],[476298.0247,7719014.4105],[476297.8917,7719014.4256],[476254.8453,7719014.3714],[476254.8456,7719014.367],[476251.3742,7719014.367],[476248.0111,7719014.4173],[476247.3414,7719014.3148],[476246.5818,7719014.1341],[476245.6441,7719013.81],[476245.0463,7719013.5393],[476244.4725,7719013.2274],[476244.1953,7719013.0564],[476243.8361,7719012.8136],[476243.3211,7719012.4186],[476242.9149,7719012.0624],[476242.6058,7719011.7605],[476242.3113,7719011.4442],[476242.1004,7719011.1979],[476241.7687,7719010.7708],[476241.5819,7719010.5049],[476241.3476,7719010.1397],[476241.2369,7719009.9526],[476241.0289,7719009.5701],[476240.7512,7719008.9762],[476240.5165,7719008.3597],[476240.2996,7719007.6147],[476240.2261,7719007.2876],[476240.1018,7719006.508],[476240.043,7719005.4757],[476240.043,7718986.9162],[476240.043,7718924.2937],[476240.043,7718922.9046],[476240.0547,7718921.6645],[476240.1468,7718920.758],[476240.3552,7718919.7725],[476240.5899,7718919.0352],[476240.9317,7718918.228],[476241.3476,7718917.4631],[476241.7054,7718916.9198],[476242.1004,7718916.4048],[476242.6058,7718915.8422],[476243.1561,7718915.3238],[476243.575,7718914.9821],[476244.3794,7718914.4313],[476245.0463,7718914.0634],[476245.6441,7718913.7928],[476246.2641,7718913.5654],[476246.7963,7718913.4105],[476247.2314,7718913.3098],[476247.8984,7718913.1991],[476248.4661,7718913.145],[476282.1495,7718913.1273],[476289.054,7718913.1272],[476289.5494,7718913.145],[476290.2294,7718913.2141],[476290.7841,7718913.3098],[476291.2192,7718913.4105],[476291.9604,7718913.6363],[476292.4726,7718913.8349],[476293.1632,7718914.1629],[476293.5429,7718914.3754],[476293.9111,7718914.6054],[476294.1793,7718914.7891],[476294.5259,7718915.0485],[476295.021,7718915.4672],[476295.4097,7718915.8422],[476295.7754,7718916.2398],[476296.1171,7718916.6587],[476296.3723,7718917.0085],[476296.6679,7718917.4631],[476296.9363,7718917.936],[476297.1764,7718918.426],[476297.3473,7718918.8297],[476297.5673,7718919.4532],[476297.7159,7718919.988],[476297.8112,7718920.4251],[476297.9137,7718921.0948],[476297.9462,7718921.4354],[476297.9725,7718922.4895],[476297.9725,7718933.2547],[476303.9727,7718933.2547],[476303.9727,7718922.5318],[476303.9794,7718921.7796],[476303.999,7718921.4354],[476304.0315,7718921.0948],[476304.0602,7718920.8698],[476304.0944,7718920.6466],[476304.134,7718920.4251],[476304.1791,7718920.2056],[476304.2294,7718919.988],[476304.285,7718919.7725],[476304.378,7718919.4532],[476304.4824,7718919.1388],[476304.5582,7718918.9321],[476304.681,7718918.6266],[476304.7689,7718918.426],[476304.9587,7718918.0326],[476305.1667,7718917.6501],[476305.3343,7718917.3707],[476305.4515,7718917.1881],[476305.6985,7718916.832],[476305.9619,7718916.4886],[476306.1698,7718916.2398],[476306.3865,7718915.9986],[476306.6883,7718915.6895],[476307.0859,7718915.3238],[476307.3347,7718915.1158],[476307.5048,7718914.9821],[476307.6781,7718914.8524],[476307.944,7718914.6656],[476308.2167,7718914.4883],[476308.4023,7718914.3754],[476308.5908,7718914.2669],[476308.8787,7718914.1126],[476309.1728,7718913.9685],[476309.4727,7718913.8349],[476309.8812,7718913.6736],[476310.2992,7718913.5319],[476310.7261,7718913.4105],[476311.0517,7718913.333],[476311.3817,7718913.2675],[476311.8282,7718913.1991],[476312.2815,7718913.153],[476312.9402,7718913.1269],[476329.0101,7718913.1267],[476345.1662,7718913.1267],[476345.17,7718913.1296],[476345.5153,7718913.145],[476346.0829,7718913.1991],[476346.5294,7718913.2675],[476346.8594,7718913.333],[476347.185,7718913.4105],[476347.6118,7718913.5319],[476347.9262,7718913.6363],[476348.3372,7718913.7928],[476348.7383,7718913.9685],[476349.0324,7718914.1126],[476349.4149,7718914.3206],[476349.6943,7718914.4883],[476349.9671,7718914.6656],[476350.233,7718914.8524],[476350.4063,7718914.9821],[476350.7431,7718915.2535],[476350.9869,7718915.4672],[476351.2228,7718915.6895],[476351.4505,7718915.92],[476351.7412,7718916.2398],[476351.9492,7718916.4886],[476352.0829,7718916.6587],[476352.3382,7718917.0085],[476352.6337,7718917.4631],[476352.7981,7718917.7447],[476353.0016,7718918.13],[476353.2301,7718918.6266],[476353.4648,7718919.243],[476353.6817,7718919.988],[476353.7975,7718920.5356],[476353.8659,7718920.9821],[476353.912,7718921.4354],[476353.9383,7718922.127],[476353.9383,7718923.4658],[476353.9383,7718929.6835],[476353.9383,7718938.7786],[476353.9383,7718951.4786],[476353.9383,7718960.8713],[476353.9383,7718962.6559],[476360.0477,7718962.6559],[476360.0477,7718950.6518],[476360.0477,7718929.4851],[476360.0477,7718926.4754],[476360.0477,7718924.3811],[476360.0477,7718922.4761],[476360.0532,7718921.8063],[476360.0585,7718921.6784],[476360.0655,7718921.5508],[476360.0697,7718921.4871],[476360.0849,7718921.2965],[476360.104,7718921.1067],[476360.1354,7718920.8548],[476360.2995,7718919.9866],[476360.4302,7718919.5017],[476360.5875,7718919.0264],[476360.7466,7718918.6193],[476360.9802,7718918.1093],[476361.1539,7718917.7784],[476361.4747,7718917.2449],[476361.7591,7718916.8355],[476362.1083,7718916.3949],[476362.3153,7718916.16],[476362.5317,7718915.9324],[476362.7114,7718915.7544],[476363.0373,7718915.4481],[476363.3765,7718915.1589],[476363.6772,7718914.9249],[476363.9866,7718914.704],[476364.412,7718914.4303],[476364.7401,7718914.2409],[476365.132,7718914.0376],[476365.5911,7718913.829],[476366.1204,7718913.6252],[476366.7228,7718913.4383],[476367.2141,7718913.3194],[476367.9644,7718913.1936],[476368.4081,7718913.15],[476368.7273,7718913.1325],[476369.1026,7718913.1267],[476375.5476,7718913.1267],[476411.0497,7718913.1267],[476411.3971,7718913.1333],[476411.8552,7718913.1624],[476412.0819,7718913.1855],[476412.5301,7718913.2483],[476412.7516,7718913.288],[476413.0801,7718913.3575],[476413.5112,7718913.4686],[476413.9337,7718913.6002],[476414.4489,7718913.7928],[476414.85,7718913.9685],[476415.3367,7718914.2144],[476415.9886,7718914.6054],[476416.6881,7718915.1158],[476417.2567,7718915.6145],[476417.5622,7718915.92],[476417.9232,7718916.3219],[476418.2599,7718916.7449],[476418.6304,7718917.279],[476418.9098,7718917.7447],[476419.2539,7718918.426],[476419.4646,7718918.9321],[476419.6448,7718919.4532],[476419.7934,7718919.988],[476419.9092,7718920.5356],[476419.9912,7718921.0948],[476420.0237,7718921.4354],[476420.0471,7718921.895],[476420.05,7718922.3791],[476420.05,7718938.9734],[476420.05,7718942.9421],[476420.05,7718995.8589],[476420.0471,7719005.7077],[476420.0383,7719005.9383],[476420.0317,7719006.053],[476420.0237,7719006.1673],[476420.0143,7719006.2813],[476420.0035,7719006.3948],[476419.9912,7719006.508],[476419.9776,7719006.6207],[476419.9626,7719006.733],[476419.9461,7719006.8448],[476419.9284,7719006.9562],[476419.9092,7719007.0671],[476419.8887,7719007.1776],[476419.8669,7719007.2876],[476419.8314,7719007.4517],[476419.7934,7719007.6147],[476419.7378,7719007.8303],[476419.7081,7719007.9372],[476419.6771,7719008.0437],[476419.6448,7719008.1496],[476419.6112,7719008.2549],[476419.5764,7719008.3597],[476419.5404,7719008.4639],[476419.5031,7719008.5676],[476419.4646,7719008.6706],[476419.3839,7719008.8749],[476419.2984,7719009.0768],[476419.2539,7719009.1767],[476419.2082,7719009.2761],[476419.1133,7719009.4728],[476419.0138,7719009.6668],[476418.9098,7719009.8581],[476418.8013,7719010.0465],[476418.7454,7719010.1397],[476418.6304,7719010.3238],[476418.5713,7719010.4147],[476418.4498,7719010.5943],[476418.3876,7719010.6829],[476418.2599,7719010.8578],[476418.1282,7719011.0295],[476417.9925,7719011.1979],[476417.9232,7719011.2809],[476417.8529,7719011.363],[476417.7817,7719011.4442],[476417.6363,7719011.6041],[476417.4872,7719011.7605],[476417.3344,7719011.9133],[476417.2567,7719011.9883],[476417.1781,7719012.0624],[476417.0182,7719012.2077],[476416.8548,7719012.3493],[476416.6881,7719012.487],[476416.3447,7719012.7503],[476416.1682,7719012.8759],[476415.9886,7719012.9973],[476415.806,7719013.1145],[476415.6204,7719013.2274],[476415.432,7719013.3358],[476415.2407,7719013.4399],[476415.0467,7719013.5393],[476414.9487,7719013.5874],[476414.85,7719013.6342],[476414.6507,7719013.7245],[476414.4489,7719013.81],[476414.1415,7719013.9292],[476413.8289,7719014.0373],[476413.5112,7719014.1341],[476413.1887,7719014.2194],[476412.7516,7719014.3148],[476412.4187,7719014.3722],[476412.0819,7719014.4173],[476411.7413,7719014.4498],[476411.4547,7719014.4669],[476381.3686,7719014.4734],[476368.9095,7719014.4742],[476368.7583,7719014.4713],[476368.643,7719014.4669],[476368.5281,7719014.4611],[476368.3564,7719014.4498],[476368.1857,7719014.435],[476368.0724,7719014.4234],[476367.9031,7719014.4037],[476367.7908,7719014.3886],[476367.5676,7719014.3544],[476367.5121,7719014.3449],[476367.3461,7719014.3148],[476367.2361,7719014.293],[476367.1266,7719014.2698],[476367.0176,7719014.2453],[476366.909,7719014.2194],[476366.801,7719014.1923],[476366.6935,7719014.1639],[476366.5865,7719014.1341],[476366.4801,7719014.1031],[476366.3742,7719014.0709],[476366.2688,7719014.0373],[476366.164,7719014.0025],[476366.0598,7719013.9665],[476365.9562,7719013.9292],[476365.7507,7719013.8509],[476365.6488,7719013.81],[476365.5476,7719013.7678],[476365.447,7719013.7245],[476365.347,7719013.68],[476365.2477,7719013.6342],[476365.149,7719013.5874],[476365.051,7719013.5393],[476364.9536,7719013.4902],[476364.857,7719013.4399],[476364.761,7719013.3884],[476364.6657,7719013.3358],[476364.5711,7719013.2821],[476364.4772,7719013.2274],[476364.3841,7719013.1715],[476364.2917,7719013.1145],[476364.2,7719013.0564],[476364.1091,7719012.9973],[476364.0189,7719012.9371],[476363.9295,7719012.8759],[476363.8408,7719012.8136],[476363.753,7719012.7503],[476363.6659,7719012.686],[476363.5797,7719012.6207],[476363.4942,7719012.5543],[476363.4096,7719012.487],[476363.3258,7719012.4186],[476363.1608,7719012.279],[476362.9991,7719012.1355],[476362.9196,7719012.0624],[476362.841,7719011.9883],[476362.6864,7719011.8374],[476362.6105,7719011.7605],[476362.5355,7719011.6828],[476362.4614,7719011.6041],[476362.4248,7719011.5644],[476362.316,7719011.4442],[476362.2448,7719011.363],[476362.1745,7719011.2809],[476362.1051,7719011.1979],[476362.0368,7719011.1141],[476361.9695,7719011.0295],[476361.9031,7719010.9441],[476361.8378,7719010.8578],[476361.7734,7719010.7708],[476361.7101,7719010.6829],[476361.6478,7719010.5943],[476361.5866,7719010.5049],[476361.5264,7719010.4147],[476361.4673,7719010.3238],[476361.4093,7719010.2321],[476361.3523,7719010.1397],[476361.2964,7719010.0465],[476361.2416,7719009.9526],[476361.1879,7719009.8581],[476361.1354,7719009.7628],[476361.0839,7719009.6668],[476361.0336,7719009.5701],[476360.9844,7719009.4728],[476360.9364,7719009.3747],[476360.8895,7719009.2761],[476360.8438,7719009.1767],[476360.7993,7719009.0768],[476360.7559,7719008.9762],[476360.7138,7719008.8749],[476360.653,7719008.7219],[476360.5946,7719008.5676],[476360.5573,7719008.4639],[476360.5212,7719008.3597],[476360.4864,7719008.2549],[476360.4529,7719008.1496],[476360.4206,7719008.0437],[476360.3896,7719007.9372],[476360.3599,7719007.8303],[476360.3315,7719007.7228],[476360.3043,7719007.6147],[476360.2785,7719007.5062],[476360.2583,7719007.4163],[476360.2308,7719007.2876],[476360.209,7719007.1776],[476360.1885,7719007.0671],[476360.1693,7719006.9562],[476360.1515,7719006.8448],[476360.1351,7719006.733],[476360.1201,7719006.6207],[476360.1065,7719006.508],[476360.0942,7719006.3948],[476360.0834,7719006.2813],[476360.074,7719006.1673],[476360.066,7719006.053],[476360.0627,7719005.9956],[476360.0583,7719005.9131],[476360.0575,7719005.8952],[476360.0556,7719005.8538],[476360.0536,7719005.8007],[476360.0501,7719005.6822],[476360.0489,7719005.6187],[476360.0477,7719005.4212],[476360.0477,7719001.712],[476354.0474,7719001.712],[476354.0474,7719003.1818],[476354.0474,7719005.235],[476353.9317,7719005.8232],[476353.9266,7719005.9383],[476353.92,7719006.053],[476353.91,7719006.1917],[476353.9026,7719006.2813],[476353.8972,7719006.3381],[476353.8857,7719006.4514],[476353.8754,7719006.5426],[476353.8659,7719006.6207],[476353.8509,7719006.733],[476353.8345,7719006.8448],[476353.8167,7719006.9562],[476353.7975,7719007.0671],[476353.777,7719007.1776],[476353.7552,7719007.2876],[476353.7436,7719007.3424],[476353.732,7719007.3972],[476353.7075,7719007.5062],[476353.6817,7719007.6147],[476353.6546,7719007.7228],[476353.6261,7719007.8303],[476353.5964,7719007.9372],[476353.5654,7719008.0437],[476353.5331,7719008.1496],[476353.4996,7719008.2549],[476353.4648,7719008.3597],[476353.4287,7719008.4639],[476353.3914,7719008.5676],[476353.3529,7719008.6706],[476353.3132,7719008.7731],[476353.2722,7719008.8749],[476353.2301,7719008.9762],[476353.1867,7719009.0768],[476353.1422,7719009.1767],[476353.0965,7719009.2761],[476353.0496,7719009.3747],[476353.0016,7719009.4728],[476352.9524,7719009.5701],[476352.9021,7719009.6668],[476352.8506,7719009.7628],[476352.7981,7719009.8581],[476352.7444,7719009.9526],[476352.6896,7719010.0465],[476352.6337,7719010.1397],[476352.5767,7719010.2321],[476352.5187,7719010.3238],[476352.4596,7719010.4147],[476352.3994,7719010.5049],[476352.3382,7719010.5943],[476352.2759,7719010.6829],[476352.2126,7719010.7708],[476352.1482,7719010.8578],[476352.0829,7719010.9441],[476352.0165,7719011.0295],[476351.9492,7719011.1141],[476351.8809,7719011.1979],[476351.8115,7719011.2809],[476351.7412,7719011.363],[476351.67,7719011.4442],[476351.5978,7719011.5246],[476351.5246,7719011.6041],[476351.4505,7719011.6828],[476351.3755,7719011.7605],[476351.2996,7719011.8374],[476351.2228,7719011.9133],[476351.145,7719011.9883],[476351.0664,7719012.0624],[476350.9869,7719012.1355],[476350.9065,7719012.2077],[476350.8252,7719012.279],[476350.7431,7719012.3493],[476350.6602,7719012.4186],[476350.5764,7719012.487],[476350.4918,7719012.5543],[476350.4063,7719012.6207],[476350.3201,7719012.686],[476350.233,7719012.7503],[476350.1452,7719012.8136],[476350.0565,7719012.8759],[476349.9671,7719012.9371],[476349.877,7719012.9973],[476349.786,7719013.0564],[476349.6943,7719013.1145],[476349.6019,7719013.1715],[476349.5088,7719013.2274],[476349.4149,7719013.2821],[476349.3203,7719013.3358],[476349.225,7719013.3884],[476349.129,7719013.4399],[476349.0324,7719013.4902],[476348.935,7719013.5393],[476348.837,7719013.5874],[476348.7383,7719013.6342],[476348.639,7719013.68],[476348.539,7719013.7245],[476348.4384,7719013.7678],[476348.3372,7719013.81],[476348.2353,7719013.8509],[476348.1329,7719013.8907],[476348.0298,7719013.9292],[476347.9262,7719013.9665],[476347.822,7719014.0025],[476347.7172,7719014.0373],[476347.6118,7719014.0709],[476347.5059,7719014.1031],[476347.3995,7719014.1341],[476347.2925,7719014.1639],[476347.185,7719014.1923],[476347.077,7719014.2194],[476346.9684,7719014.2453],[476346.8594,7719014.2698],[476346.7499,7719014.293],[476346.5294,7719014.3353],[476346.4184,7719014.3544],[476346.307,7719014.3722],[476346.1952,7719014.3886],[476346.0829,7719014.4037],[476345.9702,7719014.4173],[476345.8571,7719014.4295],[476345.7435,7719014.4404],[476345.6296,7719014.4498],[476345.5153,7719014.4578],[476345.4005,7719014.4644],[476345.2277,7719014.4713],[476345.2134,7719014.4756],[476337.9767,7719014.4761],[476320.4141,7719014.454],[476320.3545,7719014.4498],[476320.2406,7719014.4404],[476320.1838,7719014.435],[476320.127,7719014.4295]]]},"properties":{"OBJECTID":116,"Layer":"INTERNAL ROADS","RefName":" ","Area_ha":3.3923632291659596,"Shape__Area":33923.63330078125,"Shape__Length":8157.540045543813}},{"type":"Feature","id":117,"geometry":{"type":"Polygon","coordinates":[[[476715.973,7718753.0892],[476715.2791,7718753.0577],[476714.8258,7718753.0116],[476714.3793,7718752.9432],[476714.1588,7718752.9009],[476714.0493,7718752.8777],[476713.7237,7718752.8003],[476713.2968,7718752.6788],[476712.7758,7718752.4986],[476712.3697,7718752.3324],[476711.8763,7718752.0981],[476711.5884,7718751.9438],[476711.2143,7718751.7224],[476710.9416,7718751.5451],[476710.6757,7718751.3583],[476710.3323,7718751.0949],[476710.0835,7718750.8869],[476709.7637,7718750.5962],[476709.384,7718750.2121],[476709.0971,7718749.8888],[476708.7604,7718749.4658],[476708.4967,7718749.094],[476708.3319,7718748.84],[476708.1643,7718748.5606],[476708.0066,7718748.2747],[476707.9071,7718748.0807],[476707.7665,7718747.7847],[476707.6786,7718747.5841],[476707.6365,7718747.4829],[476707.48,7718747.0719],[476707.4091,7718746.8629],[476707.3433,7718746.6516],[476707.3123,7718746.5452],[476707.2012,7718746.1141],[476707.1535,7718745.8956],[476707.1111,7718745.6751],[476707.0742,7718745.4527],[476707.0291,7718745.1159],[476706.9966,7718744.7753],[476706.9795,7718744.4887],[476707.0324,7718743.5928],[476706.9822,7718735.6905],[476706.9976,7718685.1021],[476707.0352,7718561.2769],[476707.0483,7718518.3085],[476707.0762,7718426.6072],[476707.0794,7718415.9799],[476707.0796,7718415.9427],[476707.0814,7718415.7939],[476707.0856,7718415.6455],[476707.0963,7718415.4235],[476707.1092,7718415.2392],[476707.1189,7718415.129],[476707.1297,7718415.019],[476707.142,7718414.9093],[476707.1555,7718414.7999],[476707.1704,7718414.6908],[476707.181,7718414.6182],[476707.1979,7718414.5096],[476707.2226,7718414.3653],[476707.2454,7718414.2436],[476707.2568,7718414.1858],[476707.2714,7718414.1143],[476707.2944,7718414.0072],[476707.3231,7718413.882],[476707.3531,7718413.759],[476707.3803,7718413.6533],[476707.3898,7718413.6182],[476707.4187,7718413.513],[476707.4698,7718413.3387],[476707.5021,7718413.2347],[476707.5243,7718413.1656],[476707.5704,7718413.028],[476707.6066,7718412.9254],[476707.6824,7718412.7217],[476707.7176,7718412.6319],[476707.7631,7718412.52],[476707.8197,7718412.3867],[476707.8488,7718412.3204],[476707.8934,7718412.2214],[476707.9312,7718412.1402],[476707.9705,7718412.0578],[476708.0023,7718411.9928],[476708.0346,7718411.928],[476708.0625,7718411.8732],[476708.1177,7718411.7673],[476708.1866,7718411.6399],[476708.2397,7718411.5452],[476708.3023,7718411.4366],[476708.3386,7718411.3753],[476708.368,7718411.3265],[476708.4442,7718411.2032],[476708.4831,7718411.142],[476708.5225,7718411.0811],[476708.6029,7718410.9603],[476708.6442,7718410.9],[476708.6535,7718410.8864],[476708.7138,7718410.8004],[476708.7698,7718410.7224],[476708.7913,7718410.6931],[476708.8128,7718410.6637],[476708.8563,7718410.6054],[476708.9226,7718410.5186],[476709.0355,7718410.3755],[476709.1048,7718410.2908],[476709.1889,7718410.1907],[476709.2707,7718410.096],[476709.3438,7718410.014],[476709.4178,7718409.9327],[476709.4931,7718409.8523],[476709.5528,7718409.79],[476709.7784,7718409.5648],[476709.9402,7718409.4131],[476709.9958,7718409.3629],[476710.0228,7718409.3386],[476710.1345,7718409.2407],[476710.2084,7718409.1778],[476710.2769,7718409.1207],[476710.3812,7718409.036],[476710.4812,7718408.9572],[476710.5998,7718408.8662],[476710.7176,7718408.7772],[476710.8366,7718408.6903],[476710.9569,7718408.6054],[476711.0783,7718408.5227],[476711.17,7718408.462],[476711.2625,7718408.4026],[476711.4179,7718408.3061],[476711.6243,7718408.1847],[476711.7657,7718408.1056],[476711.9262,7718408.0198],[476712.0376,7718407.9628],[476712.0563,7718407.9534],[476712.0884,7718407.9374],[476712.1536,7718407.9054],[476712.2191,7718407.8739],[476712.3177,7718407.8276],[476712.3838,7718407.7975],[476712.4833,7718407.7534],[476712.5832,7718407.7103],[476712.6501,7718407.6824],[476712.7172,7718407.6549],[476712.7845,7718407.6281],[476712.852,7718407.6017],[476712.9197,7718407.5759],[476712.9876,7718407.5507],[476713.069,7718407.5213],[476713.1581,7718407.4901],[476713.2954,7718407.444],[476713.3643,7718407.4218],[476713.4334,7718407.4002],[476713.5191,7718407.3741],[476713.5478,7718407.3656],[476713.6205,7718407.3445],[476713.6764,7718407.3286],[476713.8161,7718407.2909],[476713.8512,7718407.2819],[476713.8862,7718407.2729],[476713.9213,7718407.2641],[476713.9564,7718407.2553],[476714.0621,7718407.2302],[476714.168,7718407.2062],[476714.3097,7718407.1763],[476714.3808,7718407.1621],[476714.5233,7718407.1355],[476714.6662,7718407.1112],[476714.8455,7718407.0841],[476715.0255,7718407.0603],[476715.2422,7718407.0366],[476715.4597,7718407.018],[476715.605,7718407.0084],[476715.7871,7718406.9998],[476715.8601,7718406.9974],[476716.0061,7718406.9942],[476716.2622,7718406.9944],[476716.2669,7718406.9947],[476716.2988,7718406.9947],[476716.3354,7718406.9954],[476716.4454,7718406.9985],[476716.6655,7718407.0085],[476716.8491,7718407.0207],[476717.0694,7718407.0404],[476717.2164,7718407.0564],[476717.2899,7718407.0653],[476717.4575,7718407.0879],[476717.7304,7718407.1312],[476718.0602,7718407.1947],[476718.3162,7718407.2523],[476722.0741,7718408.2107],[476692.2652,7718400.5004],[476692.4587,7718400.6022],[476692.6579,7718400.6618],[476692.7944,7718400.7054],[476692.9297,7718400.7512],[476693.0194,7718400.7828],[476693.1086,7718400.8153],[476693.153,7718400.8318],[476693.2415,7718400.8656],[476693.2855,7718400.883],[476693.3295,7718400.9003],[476693.417,7718400.9359],[476693.5039,7718400.9723],[476693.5904,7718401.0096],[476693.6764,7718401.0477],[476693.7619,7718401.0867],[476693.8468,7718401.1265],[476693.9312,7718401.1672],[476694.0568,7718401.2298],[476694.1813,7718401.294],[476694.2636,7718401.3379],[476694.386,7718401.4054],[476694.4669,7718401.4513],[476694.5473,7718401.498],[476694.6271,7718401.5455],[476694.7063,7718401.5938],[476694.785,7718401.6428],[476694.8631,7718401.6926],[476694.9792,7718401.7686],[476695.0559,7718401.8202],[476695.132,7718401.8727],[476695.2074,7718401.9258],[476695.2823,7718401.9797],[476695.3195,7718402.007],[476695.3566,7718402.0343],[476695.3934,7718402.062],[476695.4303,7718402.0896],[476695.5564,7718402.1873],[476695.6832,7718402.2889],[476695.7182,7718402.3178],[476695.754,7718402.3474],[476695.8243,7718402.4066],[476695.8939,7718402.4665],[476695.9629,7718402.527],[476696.0652,7718402.619],[476696.1325,7718402.6812],[476696.2322,7718402.7758],[476696.3306,7718402.8717],[476696.3751,7718402.9162],[476696.4273,7718402.9692],[476696.4678,7718403.0107],[476696.5227,7718403.0679],[476696.554,7718403.1012],[476696.5853,7718403.1345],[476696.6473,7718403.2018],[476696.7086,7718403.2697],[476696.7691,7718403.3381],[476696.829,7718403.4072],[476696.8882,7718403.4769],[476696.9466,7718403.5471],[476697.0044,7718403.6179],[476697.0614,7718403.6893],[476697.1177,7718403.7613],[476697.1733,7718403.8338],[476697.2551,7718403.9436],[476697.3355,7718404.0546],[476697.4141,7718404.1669],[476697.5163,7718404.3184],[476697.5414,7718404.3565],[476697.5662,7718404.3949],[476697.6049,7718404.4553],[476697.6398,7718404.5106],[476697.6878,7718404.5884],[476697.7351,7718404.6666],[476697.7583,7718404.706],[476697.7815,7718404.7454],[476697.8044,7718404.785],[476697.8272,7718404.8246],[476697.8497,7718404.8645],[476697.8721,7718404.9043],[476697.8941,7718404.9444],[476697.9162,7718404.9845],[476697.9378,7718405.0249],[476697.9595,7718405.0652],[476697.9807,7718405.1057],[476698.002,7718405.1463],[476698.0228,7718405.1871],[476698.0641,7718405.2689],[476698.1045,7718405.3511],[476698.1245,7718405.3923],[476698.1637,7718405.4752],[476698.2021,7718405.5585],[476698.2397,7718405.6423],[476698.2943,7718405.7687],[476698.3297,7718405.8535],[476698.3814,7718405.9813],[476698.4147,7718406.0671],[476698.4472,7718406.1533],[476698.463,7718406.1965],[476698.4941,7718406.2833],[476698.5393,7718406.414],[476698.5683,7718406.5016],[476698.5964,7718406.5896],[476698.6367,7718406.7223],[476698.6495,7718406.766],[476698.6626,7718406.8112],[476698.6753,7718406.8557],[476698.6998,7718406.9451],[476698.7234,7718407.0348],[476698.7461,7718407.1248],[476698.7783,7718407.2605],[476698.8087,7718407.3967],[476698.8367,7718407.5338],[476698.8629,7718407.6714],[476698.8791,7718407.7635],[476698.8943,7718407.8559],[476698.9086,7718407.9485],[476698.9401,7718408.1813],[476698.9609,7718408.3687],[476698.9817,7718408.6041],[476699.0001,7718408.9361],[476699.0029,7718409.1921],[476699.0064,7718409.216],[476699.0064,7718409.5056],[476699.0064,7718414.7717],[476699.0064,7718425.9723],[476699.0064,7718607.3357],[476699.0064,7718741.9504],[476698.9228,7718743.5928],[476698.9599,7718745.0028],[476698.9189,7718745.3409],[476698.8847,7718745.5641],[476698.8451,7718745.7856],[476698.7756,7718746.1141],[476698.7226,7718746.3307],[476698.6334,7718746.6516],[476698.6012,7718746.7575],[476698.5676,7718746.8629],[476698.5328,7718746.9677],[476698.4968,7718747.0719],[476698.421,7718747.2786],[476698.3812,7718747.381],[476698.3403,7718747.4829],[476698.2548,7718747.6847],[476698.1646,7718747.884],[476698.1177,7718747.9827],[476697.9702,7718748.2747],[476697.9187,7718748.3707],[476697.8124,7718748.5606],[476697.6448,7718748.84],[476697.4776,7718749.0976],[476697.3439,7718749.2909],[476697.0846,7718749.6375],[476696.9489,7718749.8059],[476696.738,7718750.0522],[476696.5186,7718750.2907],[476696.4436,7718750.3685],[476696.2131,7718750.5962],[476695.9745,7718750.8157],[476695.7282,7718751.0266],[476695.3881,7718751.2939],[476695.1246,7718751.4839],[476694.7624,7718751.7224],[476694.5768,7718751.8353],[476694.3884,7718751.9438],[476694.1971,7718752.0478],[476693.905,7718752.1953],[476693.707,7718752.2879],[476693.4052,7718752.4179],[476693.0979,7718752.5371],[476692.89,7718752.6105],[476692.6799,7718752.6788],[476692.2531,7718752.8003],[476691.8179,7718752.9009],[476691.4865,7718752.9624],[476691.151,7718753.0116],[476690.6976,7718753.0577],[476690.4686,7718753.0723],[476689.8463,7718753.0843],[476690.006,7718753.084],[476715.973,7718753.0892]]]},"properties":{"OBJECTID":117,"Layer":"CAUSEWAY","RefName":" ","Area_ha":0.2882732446437309,"Shape__Area":2882.729248046875,"Shape__Length":780.4038520254751}},{"type":"Feature","id":118,"geometry":{"type":"Polygon","coordinates":[[[476198.1982,7718235.5283],[476155.7384,7718214.8069],[476134.5077,7718211.3361],[476121.2859,7718209.1746],[476102.1605,7718206.0481],[476093.0087,7718204.5519],[476089.7358,7718204.3337],[476031.2785,7718214.9225],[476029.6938,7718215.0876],[475953.7772,7718248.6279],[475953.788,7718248.7272],[475953.7227,7718248.6825],[475953.2254,7718248.7938],[475952.3211,7718249.0229],[475951.6075,7718249.2306],[475951.0397,7718249.4147],[475950.2516,7718249.7003],[475949.4134,7718250.0462],[475947.3846,7718250.9253],[475943.4381,7718252.6354],[475934.2294,7718256.6259],[475890.6024,7718275.5309],[475861.0463,7718288.3386],[475860.2553,7718288.6259],[475859.5699,7718288.8129],[475859.0645,7718288.9158],[475858.3627,7718289.0114],[475857.9136,7718289.0441],[475857.3994,7718289.0543],[475857.0781,7718289.0458],[475856.6933,7718289.0204],[475855.9281,7718288.9191],[475854.9863,7718288.6964],[475854.1901,7718288.4152],[475853.6541,7718288.1816],[475853.1358,7718287.9174],[475852.5827,7718287.5851],[475852.211,7718287.3294],[475851.7531,7718286.9741],[475851.4133,7718286.6783],[475851.1342,7718286.4117],[475850.78,7718286.0386],[475850.4476,7718285.6463],[475850.1379,7718285.2361],[475849.7844,7718284.6999],[475849.4702,7718284.1399],[475849.1004,7718283.3202],[475859.9554,7718311.2486],[475859.7035,7718310.5099],[475859.5195,7718309.7643],[475859.402,7718309.0152],[475859.3459,7718308.0531],[475859.3598,7718307.5217],[475859.4474,7718306.6803],[475859.5646,7718306.0591],[475859.8209,7718305.1488],[475860.1708,7718304.2713],[475860.5056,7718303.6165],[475860.8348,7718303.0776],[475861.1383,7718302.6461],[475861.5365,7718302.1513],[475861.9709,7718301.6839],[475862.5223,7718301.1763],[475863.12,7718300.7128],[475863.7627,7718300.2972],[475864.7555,7718299.7936],[475865.5814,7718299.435],[475895.9768,7718286.2389],[475955.0864,7718260.6284],[476031.2785,7718226.923],[476091.154,7718216.4433],[476153.4415,7718226.6437],[476195.2847,7718247.1845],[476244.2139,7718274.0414],[476294.6702,7718292.9368],[476448.9964,7718338.0125],[476670.2861,7718394.8491],[476688.8926,7718399.628],[476692.2425,7718400.4884],[476692.2652,7718400.5004],[476722.0741,7718408.2107],[476728.89,7718409.949],[476735.2902,7718411.5812],[476749.6661,7718417.7437],[476806.5043,7718442.1081],[476885.0844,7718475.7925],[476885.1438,7718463.9382],[476811.1408,7718431.6353],[476778.0731,7718417.201],[476760.4549,7718409.5105],[476751.5583,7718405.627],[476742.5354,7718401.6885],[476742.2037,7718401.5741],[476742.0191,7718401.4979],[476741.6295,7718401.3438],[476741.2385,7718401.1963],[476740.8209,7718401.0473],[476740.4498,7718400.9232],[476740.0257,7718400.7916],[476739.5821,7718400.6701],[476739.3716,7718400.5975],[476738.4356,7718400.3535],[476729.2503,7718397.959],[476719.6081,7718395.4455],[476716.4716,7718394.6278],[476713.9312,7718393.9656],[476713.2358,7718393.7874],[476698.7705,7718390.0639],[476689.0021,7718387.5604],[476687.8236,7718387.262],[476685.055,7718386.5879],[476674.3084,7718383.817],[476563.6017,7718355.2715],[476503.9137,7718339.9094],[476449.8741,7718326.0099],[476393.6403,7718311.5294],[476297.0249,7718281.2151],[476249.7305,7718263.6864],[476198.1982,7718235.5283]]]},"properties":{"OBJECTID":118,"Layer":"HEARSON COVE ROAD PROPOSED REALIGNMENT","RefName":" ","Area_ha":1.2741367538796644,"Shape__Area":12711.76806640625,"Shape__Length":2236.7979434316453}},{"type":"Feature","id":120,"geometry":{"type":"Polygon","coordinates":[[[473907.7407,7719997.1577],[473916.6882,7719994.0768],[473898.254,7719940.9938],[474053.9164,7719853.3524],[474512.0922,7720384.0473],[475944.4893,7719535.8203],[475939.5499,7719532.2519],[474519.8301,7720368.6519],[474058.7127,7719840.6402],[473886.3749,7719938.5989],[473907.7407,7719997.1577]]]},"properties":{"OBJECTID":120,"Layer":"CONVEYOR","RefName":null,"Area_ha":3.9727553882678084,"Shape__Area":24275.958251953125,"Shape__Length":5225.572543810383}},{"type":"Feature","id":121,"geometry":{"type":"Polygon","coordinates":[[[473827.7226,7720414.9146],[473845.6191,7720414.9446],[473845.6186,7720230.6607],[473974.243,7720235.4804],[473971.3891,7720215.3217],[473946.8554,7720223.7693],[473846.132,7720216.9593],[473846.132,7720213.1306],[473827.9411,7720213.1306],[473827.7226,7720414.9146]]]},"properties":{"OBJECTID":121,"Layer":"SHIP LOADER - FEED CONVEYOR","RefName":null,"Area_ha":0.523315744218377,"Shape__Area":5233.157470703125,"Shape__Length":701.9592162228331}},{"type":"Feature","id":122,"geometry":{"type":"Polygon","coordinates":[[[473946.8554,7720223.7693],[474025.3335,7720196.7471],[473951.4294,7719982.1145],[473872.9514,7720009.1366],[473946.8554,7720223.7693]]]},"properties":{"OBJECTID":122,"Layer":"PORT - STORAGE SHED","RefName":null,"Area_ha":1.8840998163023428,"Shape__Area":18840.998291015625,"Shape__Length":619.9999364545671}},{"type":"Feature","id":123,"geometry":{"type":"Polygon","coordinates":[[[474877.7047,7720319.14],[474894.9458,7720306.9698],[474834.8537,7720229.5816],[474799.9443,7720202.2563],[474736.9318,7720122.9288],[474719.6933,7720133.3566],[474779.0772,7720214.6381],[474811.3851,7720243.4338],[474851.5533,7720289.2872],[474877.7047,7720319.14]]]},"properties":{"OBJECTID":123,"Layer":"EXISTING INFRASTRUCTURE","RefName":null,"Area_ha":0.5671353837255718,"Shape__Area":5671.354248046875,"Shape__Length":529.4591605777898}},{"type":"Feature","id":126,"geometry":{"type":"Polygon","coordinates":[[[476842.5304,7718737.2848],[476847.2099,7718737.2911],[476847.2538,7718732.6393],[476842.5744,7718732.6112],[476842.5304,7718737.2848]]]},"properties":{"OBJECTID":126,"Layer":"MUBRL TIE-IN","RefName":null,"Area_ha":0.00218196274546521,"Shape__Area":21.8193359375,"Shape__Length":18.68480286913147}},{"type":"Feature","id":130,"geometry":{"type":"Polygon","coordinates":[[[476162.761,7718781.1296],[476172.8161,7718781.1289],[476172.8155,7718773.1253],[476162.7605,7718773.1259],[476162.761,7718781.1296]]]},"properties":{"OBJECTID":130,"Layer":null,"RefName":null,"Area_ha":null,"Shape__Area":80.477294921875,"Shape__Length":36.117400079315516}},{"type":"Feature","id":132,"geometry":{"type":"Polygon","coordinates":[[[476637.8554,7718276.1821],[476587.8553,7718276.1821],[476586.7211,7718276.2714],[476585.6149,7718276.5369],[476584.5639,7718276.9723],[476583.5939,7718277.5667],[476582.7288,7718278.3056],[476581.9899,7718279.1707],[476581.3955,7718280.1407],[476580.9601,7718281.1917],[476580.6946,7718282.2979],[476580.6053,7718283.4321],[476580.6054,7718302.9311],[476580.6054,7718303.9311],[476580.6054,7718323.4307],[476580.7156,7718324.6896],[476581.0426,7718325.9103],[476581.5767,7718327.0557],[476582.3016,7718328.0909],[476583.1952,7718328.9845],[476584.2304,7718329.7093],[476585.3758,7718330.2434],[476586.5965,7718330.5705],[476587.8554,7718330.6806],[476637.8555,7718330.6806],[476638.9897,7718330.5913],[476640.0959,7718330.3258],[476641.1469,7718329.8904],[476642.1169,7718329.296],[476642.982,7718328.5571],[476643.7209,7718327.692],[476644.3153,7718326.722],[476644.7507,7718325.671],[476645.0162,7718324.5648],[476645.1055,7718323.4306],[476645.1054,7718304.3265],[476645.1054,7718303.9311],[476645.1054,7718302.9311],[476645.1054,7718283.4321],[476644.9953,7718282.1732],[476644.6682,7718280.9525],[476644.1341,7718279.8071],[476643.4092,7718278.7719],[476642.5156,7718277.8783],[476641.4804,7718277.1534],[476640.335,7718276.6193],[476639.1143,7718276.2922],[476637.8554,7718276.1821]]]},"properties":{"OBJECTID":132,"Layer":null,"RefName":null,"Area_ha":null,"Shape__Area":3469.2802734375,"Shape__Length":225.49802573791067}},{"type":"Feature","id":140,"geometry":{"type":"Polygon","coordinates":[[[476706.9928,7718229.9995],[476707.2064,7718227.3132],[476707.8417,7718224.6943],[476708.883,7718222.2088],[476710.3039,7718219.919],[476712.0363,7718217.9143],[476714.0593,7718216.2031],[476716.3235,7718214.827],[476718.774,7718213.8195],[476721.3514,7718213.205],[476723.9929,7718212.9985],[476851.5349,7718212.9993],[476854.1943,7718212.79],[476856.7882,7718212.1673],[476859.2528,7718211.1464],[476861.5273,7718209.7526],[476863.5558,7718208.0202],[476865.2883,7718205.9917],[476866.6821,7718203.7172],[476867.703,7718201.2526],[476868.3257,7718198.6587],[476868.535,7718195.9993],[476868.5349,7718159.6918],[476868.5348,7718081.4553],[476868.5348,7718061.2258],[476868.5348,7718026.5692],[476868.2765,7718023.6172],[476867.7027,7718021.3159],[476866.8143,7718019.1169],[476865.9516,7718017.5606],[476864.5575,7718015.6418],[476862.2332,7718013.3577],[476860.2904,7718011.9974],[476858.4493,7718011.039],[476855.9347,7718010.1485],[476854.1942,7718009.7785],[476851.8315,7718009.5718],[476796.4506,7718009.5693],[476793.7551,7718009.797],[476789.7842,7718010.9645],[476787.7904,7718011.9872],[476785.2533,7718013.8471],[476783.1507,7718016.0806],[476781.7061,7718018.2463],[476780.8728,7718019.9457],[476779.9868,7718022.6523],[476779.6992,7718024.1721],[476779.5395,7718026.5693],[476779.5395,7718061.4703],[476779.5395,7718077.7444],[476779.5395,7718090.5116],[476779.2867,7718092.6301],[476778.8631,7718093.9349],[476778.1499,7718095.316],[476777.1359,7718096.6344],[476776.2336,7718097.4813],[476774.159,7718098.7517],[476772.5036,7718099.2946],[476770.5399,7718099.5116],[476767.7758,7718099.5116],[476716.0015,7718099.5116],[476714.5292,7718099.5754],[476713.4248,7718099.7079],[476711.9433,7718100.003],[476710.443,7718100.4459],[476708.3978,7718101.3067],[476707.3308,7718101.8889],[476705.643,7718103.0317],[476704.0875,7718104.3847],[476703.2137,7718105.3098],[476702.1642,7718106.6356],[476701.1183,7718108.2958],[476700.1839,7718110.2817],[476699.4995,7718112.4259],[476699.2732,7718113.4829],[476699.0012,7718116.5115],[476699.001,7718160.5779],[476699.0007,7718219.8445],[476699.0002,7718325.344],[476698.9999,7718378.5292],[476698.9995,7718378.6862],[476698.9954,7718378.8433],[476698.9886,7718379.0002],[476698.979,7718379.157],[476698.9666,7718379.3136],[476698.9516,7718379.4699],[476698.9338,7718379.626],[476698.9133,7718379.7817],[476698.8901,7718379.9371],[476698.8642,7718380.092],[476698.8355,7718380.2464],[476698.8042,7718380.4004],[476698.7702,7718380.5537],[476698.7336,7718380.7065],[476698.6942,7718380.8585],[476698.6522,7718381.0099],[476698.6076,7718381.1605],[476698.5604,7718381.3103],[476698.5106,7718381.4593],[476698.4581,7718381.6073],[476698.4031,7718381.7545],[476698.3455,7718381.9006],[476698.2854,7718382.0457],[476698.2228,7718382.1898],[476698.1577,7718382.3327],[476698.09,7718382.4745],[476698.0199,7718382.6151],[476697.9474,7718382.7544],[476697.8725,7718382.8924],[476697.7951,7718383.0292],[476697.7154,7718383.1645],[476697.6333,7718383.2984],[476697.5489,7718383.4309],[476697.4622,7718383.5619],[476697.3733,7718383.6914],[476697.282,7718383.8192],[476697.1886,7718383.9455],[476697.093,7718384.0701],[476696.9952,7718384.193],[476696.8953,7718384.3143],[476696.7933,7718384.4337],[476696.6892,7718384.5513],[476696.5831,7718384.6671],[476696.4749,7718384.7811],[476696.3649,7718384.8931],[476696.2528,7718385.0032],[476696.1389,7718385.1113],[476696.0231,7718385.2175],[476695.9054,7718385.3215],[476695.786,7718385.4236],[476695.6648,7718385.5235],[476695.5418,7718385.6213],[476695.4172,7718385.7169],[476695.291,7718385.8103],[476695.1631,7718385.9015],[476695.0336,7718385.9905],[476694.9026,7718386.0772],[476694.7702,7718386.1616],[476694.6362,7718386.2437],[476694.5009,7718386.3234],[476694.3642,7718386.4007],[476694.2261,7718386.4757],[476694.0868,7718386.5482],[476693.9462,7718386.6183],[476693.8045,7718386.6859],[476693.6615,7718386.7511],[476693.5175,7718386.8137],[476693.3724,7718386.8738],[476693.2262,7718386.9314],[476693.0791,7718386.9864],[476692.931,7718387.0388],[476692.782,7718387.0887],[476692.6322,7718387.1359],[476692.4816,7718387.1805],[476692.3303,7718387.2225],[476692.1782,7718387.2618],[476692.0255,7718387.2985],[476691.8721,7718387.3325],[476691.7182,7718387.3638],[476691.5637,7718387.3924],[476691.4088,7718387.4184],[476691.2534,7718387.4416],[476691.0977,7718387.4621],[476690.9416,7718387.4799],[476690.7853,7718387.4949],[476690.6287,7718387.5072],[476690.4719,7718387.5168],[476690.315,7718387.5237],[476690.158,7718387.5278],[476690.0009,7718387.5292],[476689.8438,7718387.5278],[476689.6868,7718387.5237],[476689.5299,7718387.5168],[476689.3731,7718387.5072],[476689.2165,7718387.4949],[476689.0601,7718387.4799],[476688.9041,7718387.4621],[476688.7483,7718387.4416],[476688.593,7718387.4184],[476688.4381,7718387.3924],[476688.2836,7718387.3638],[476688.1297,7718387.3325],[476687.9763,7718387.2985],[476687.8236,7718387.262],[476698.7669,7718390.0791],[476713.6014,7718393.898],[476713.4505,7718393.854],[476713.3003,7718393.8082],[476713.2358,7718393.7874],[476713.1508,7718393.7599],[476713.0023,7718393.7089],[476712.8546,7718393.6553],[476712.7079,7718393.5992],[476712.5622,7718393.5405],[476712.4175,7718393.4793],[476712.274,7718393.4156],[476712.1315,7718393.3493],[476711.9903,7718393.2806],[476711.8502,7718393.2095],[476711.7115,7718393.1359],[476711.574,7718393.0599],[476711.4379,7718392.9815],[476711.3031,7718392.9008],[476711.1698,7718392.8177],[476711.038,7718392.7323],[476710.9077,7718392.6446],[476710.7789,7718392.5546],[476710.6517,7718392.4624],[476710.5262,7718392.368],[476710.4023,7718392.2715],[476710.2801,7718392.1727],[476710.1597,7718392.0719],[476710.041,7718391.969],[476709.9242,7718391.864],[476709.8092,7718391.757],[476709.6961,7718391.648],[476709.5849,7718391.5371],[476709.4756,7718391.4242],[476709.3684,7718391.3094],[476709.2632,7718391.1928],[476709.16,7718391.0744],[476709.0589,7718390.9542],[476708.9599,7718390.8322],[476708.863,7718390.7085],[476708.7684,7718390.5832],[476708.6759,7718390.4562],[476708.5857,7718390.3276],[476708.4977,7718390.1975],[476708.412,7718390.0659],[476708.3286,7718389.9327],[476708.2476,7718389.7982],[476708.1689,7718389.6622],[476708.0926,7718389.5249],[476708.0187,7718389.3863],[476707.9472,7718389.2465],[476707.8782,7718389.1053],[476707.8117,7718388.9631],[476707.7476,7718388.8196],[476707.6861,7718388.6751],[476707.6271,7718388.5295],[476707.5706,7718388.3829],[476707.5167,7718388.2354],[476707.4654,7718388.0869],[476707.4167,7718387.9376],[476707.3706,7718387.7874],[476707.3272,7718387.6365],[476707.2864,7718387.4848],[476707.2482,7718387.3324],[476707.2127,7718387.1794],[476707.1799,7718387.0258],[476707.1497,7718386.8717],[476707.1223,7718386.717],[476707.0975,7718386.5619],[476707.0755,7718386.4064],[476707.0562,7718386.2505],[476707.0396,7718386.0943],[476707.0257,7718385.9378],[476707.0146,7718385.7811],[476707.0062,7718385.6243],[476707.0006,7718385.4673],[476706.9976,7718385.3102],[476706.9962,7718385.2219],[476706.9951,7718376.6143],[476707.032,7718376.145],[476707.1419,7718375.6872],[476707.3221,7718375.2523],[476707.568,7718374.8509],[476707.8738,7718374.493],[476708.2317,7718374.1872],[476708.6331,7718373.9413],[476709.068,7718373.7611],[476709.5258,7718373.6512],[476709.9951,7718373.6143],[476729.995,7718373.6143],[476729.995,7718359.979],[476729.9949,7718342.5999],[476729.9949,7718337.5999],[476711.9951,7718337.5999],[476711.9951,7718342.5999],[476711.995,7718359.979],[476711.995,7718366.1143],[476711.9722,7718366.3748],[476711.9045,7718366.6273],[476711.794,7718366.8643],[476711.6441,7718367.0785],[476711.4592,7718367.2634],[476711.245,7718367.4133],[476711.008,7718367.5238],[476710.7555,7718367.5915],[476710.495,7718367.6143],[476709.9951,7718367.6143],[476709.4742,7718367.5687],[476708.969,7718367.4334],[476708.4951,7718367.2124],[476708.0667,7718366.9124],[476707.697,7718366.5427],[476707.397,7718366.1143],[476707.176,7718365.6404],[476707.0407,7718365.1352],[476706.9951,7718364.6143],[476707.0197,7718364.3014],[476707.093,7718363.9963],[476707.2131,7718363.7063],[476707.3771,7718363.4387],[476707.5809,7718363.2001],[476709.4093,7718361.3717],[476709.6106,7718361.1365],[476709.7732,7718360.8731],[476709.8932,7718360.5878],[476709.9677,7718360.2873],[476709.995,7718359.979],[476709.9951,7718359.9575],[476709.9952,7718334.9801],[476709.9951,7718334.9575],[476709.9677,7718334.6494],[476709.8931,7718334.3492],[476709.7731,7718334.0641],[476709.6106,7718333.8009],[476709.4095,7718333.5659],[476707.5811,7718331.7375],[476707.3773,7718331.4989],[476707.2133,7718331.2313],[476707.0932,7718330.9413],[476707.0199,7718330.6362],[476706.9953,7718330.3233],[476706.9952,7718325.6086],[476706.9952,7718323.2735],[476707.0691,7718322.3349],[476707.2888,7718321.4194],[476707.6491,7718320.5495],[476708.1411,7718319.7467],[476708.7525,7718319.0308],[476709.4685,7718318.4193],[476710.2712,7718317.9274],[476711.1411,7718317.5671],[476712.0566,7718317.3473],[476712.9952,7718317.2734],[476753.1091,7718317.2736],[476753.5784,7718317.3105],[476754.0362,7718317.4204],[476754.4711,7718317.6006],[476754.8725,7718317.8465],[476755.2305,7718318.1523],[476755.5362,7718318.5102],[476755.7822,7718318.9116],[476755.9624,7718319.3465],[476756.0723,7718319.8043],[476756.1092,7718320.2736],[476756.1092,7718326.2668],[476778.8792,7718326.2668],[476778.8792,7718309.2785],[476712.995,7718309.2785],[476712.8903,7718309.2776],[476712.7856,7718309.2748],[476712.681,7718309.2703],[476712.5765,7718309.2639],[476712.4721,7718309.2557],[476712.3678,7718309.2456],[476712.2638,7718309.2338],[476712.16,7718309.2201],[476712.0564,7718309.2046],[476711.9531,7718309.1873],[476711.8501,7718309.1683],[476711.7475,7718309.1474],[476711.6453,7718309.1247],[476711.5435,7718309.1003],[476711.4421,7718309.0741],[476711.3412,7718309.0461],[476711.2408,7718309.0163],[476711.1409,7718308.9848],[476711.0416,7718308.9516],[476710.9429,7718308.9167],[476710.8448,7718308.88],[476710.7474,7718308.8416],[476710.6506,7718308.8015],[476710.5546,7718308.7598],[476710.4593,7718308.7163],[476710.3648,7718308.6713],[476710.2711,7718308.6245],[476710.1782,7718308.5762],[476710.0861,7718308.5262],[476709.995,7718308.4747],[476709.9048,7718308.4215],[476709.8155,7718308.3668],[476709.7272,7718308.3105],[476709.6398,7718308.2527],[476709.5535,7718308.1934],[476709.4683,7718308.1326],[476709.3841,7718308.0703],[476709.301,7718308.0066],[476709.2191,7718307.9414],[476709.1383,7718307.8748],[476709.0586,7718307.8068],[476708.9802,7718307.7374],[476708.903,7718307.6666],[476708.827,7718307.5945],[476708.7524,7718307.5211],[476708.679,7718307.4465],[476708.6069,7718307.3705],[476708.5361,7718307.2933],[476708.4667,7718307.2149],[476708.3987,7718307.1352],[476708.3321,7718307.0544],[476708.2669,7718306.9725],[476708.2032,7718306.8894],[476708.1409,7718306.8052],[476708.0801,7718306.72],[476708.0208,7718306.6337],[476707.963,7718306.5463],[476707.9067,7718306.458],[476707.852,7718306.3687],[476707.7988,7718306.2785],[476707.7473,7718306.1874],[476707.6973,7718306.0953],[476707.649,7718306.0024],[476707.6022,7718305.9087],[476707.5571,7718305.8142],[476707.5137,7718305.7189],[476707.472,7718305.6229],[476707.4319,7718305.5261],[476707.3935,7718305.4287],[476707.3568,7718305.3306],[476707.3219,7718305.2319],[476707.2887,7718305.1326],[476707.2572,7718305.0327],[476707.2274,7718304.9323],[476707.1994,7718304.8314],[476707.1732,7718304.73],[476707.1488,7718304.6282],[476707.1261,7718304.526],[476707.1052,7718304.4234],[476707.0861,7718304.3204],[476707.0689,7718304.2171],[476707.0534,7718304.1135],[476707.0397,7718304.0097],[476707.0279,7718303.9057],[476707.0178,7718303.8014],[476707.0096,7718303.697],[476707.0032,7718303.5925],[476706.9986,7718303.4879],[476706.9959,7718303.3832],[476706.995,7718303.2786],[476707.0319,7718302.8093],[476707.1418,7718302.3515],[476707.322,7718301.9166],[476707.5679,7718301.5152],[476707.8737,7718301.1572],[476708.2316,7718300.8515],[476708.633,7718300.6055],[476709.0679,7718300.4253],[476709.5257,7718300.3154],[476709.995,7718300.2785],[476715.9881,7718300.2785],[476715.9858,7718232.9993],[476709.9928,7718232.9993],[476709.4719,7718232.9537],[476708.9668,7718232.8184],[476708.4929,7718232.5974],[476708.0645,7718232.2975],[476707.6947,7718231.9278],[476707.3948,7718231.4994],[476707.1738,7718231.0255],[476707.0384,7718230.5204],[476706.9928,7718229.9995]],[[476798.5354,7718205.0035],[476796.6253,7718204.8364],[476794.7732,7718204.3401],[476793.0354,7718203.5298],[476791.4648,7718202.43],[476790.1089,7718201.0742],[476789.0091,7718199.5036],[476788.1988,7718197.7658],[476787.7025,7718195.9137],[476787.5354,7718194.0036],[476787.5351,7718160.1152],[476787.5348,7718116.5116],[476787.5567,7718115.8837],[476787.6456,7718115.1036],[476787.8415,7718114.1822],[476787.9753,7718113.7304],[476788.2503,7718112.995],[476788.4457,7718112.5662],[476788.7406,7718112.0115],[476789.0735,7718111.4788],[476789.4427,7718110.9706],[476789.7424,7718110.607],[476790.2829,7718110.0375],[476791.1185,7718109.3238],[476791.5021,7718109.0502],[476792.3096,7718108.565],[476792.8742,7718108.2896],[476793.9035,7718107.9048],[476794.3575,7718107.7789],[476795.2822,7718107.5991],[476796.3777,7718107.5129],[476851.5396,7718107.5116],[476852.9475,7718107.6224],[476854.1709,7718107.9048],[476855.3431,7718108.3548],[476856.4413,7718108.9635],[476857.5617,7718109.8233],[476858.2279,7718110.4894],[476859.0009,7718111.4788],[476859.6963,7718112.708],[476860.1463,7718113.8802],[476860.452,7718115.259],[476860.5395,7718116.5116],[476860.5395,7718159.7336],[476860.5394,7718194.0036],[476860.3723,7718195.9137],[476859.876,7718197.7658],[476859.0657,7718199.5036],[476857.9659,7718201.0742],[476856.61,7718202.43],[476855.0394,7718203.5298],[476853.3016,7718204.3401],[476851.4495,7718204.8364],[476849.5394,7718205.0035],[476798.5354,7718205.0035]],[[476768.5395,7718205.0035],[476768.0186,7718204.9579],[476767.5135,7718204.8225],[476767.0396,7718204.6015],[476766.6112,7718204.3016],[476766.2415,7718203.9318],[476765.9416,7718203.5034],[476765.7206,7718203.0295],[476765.5853,7718202.5244],[476765.5397,7718202.0035],[476765.5398,7718196.0105],[476742.7698,7718196.0102],[476742.7697,7718202.0034],[476742.7328,7718202.4727],[476742.6229,7718202.9305],[476742.4427,7718203.3654],[476742.1968,7718203.7668],[476741.891,7718204.1247],[476741.5331,7718204.4305],[476741.1317,7718204.6764],[476740.6968,7718204.8566],[476740.239,7718204.9665],[476739.7697,7718205.0034],[476717.9983,7718205.0035],[476716.0882,7718204.8364],[476714.2361,7718204.3401],[476712.4983,7718203.5298],[476710.9277,7718202.43],[476709.5718,7718201.0742],[476708.472,7718199.5036],[476707.6617,7718197.7658],[476707.1654,7718195.9137],[476706.9983,7718194.0036],[476706.9983,7718193.4993],[476706.998,7718160.5362],[476706.989,7718160.5362],[476706.9976,7718116.5116],[476707.0195,7718115.8837],[476707.0852,7718115.259],[476707.1943,7718114.6404],[476707.3462,7718114.0308],[476707.5954,7718113.2862],[476707.9785,7718112.4256],[476708.3652,7718111.7423],[476708.9055,7718110.9706],[476709.6336,7718110.1476],[476710.3337,7718109.5172],[476710.9649,7718109.0502],[476711.6343,7718108.64],[476712.481,7718108.227],[476713.0675,7718108.0019],[476713.5168,7718107.8602],[476714.1865,7718107.6599],[476714.5897,7718107.6224],[476715.3698,7718107.5335],[476715.9976,7718107.5116],[476716.8535,7718107.5116],[476770.5395,7718107.5116],[476771.1674,7718107.5335],[476771.9475,7718107.6224],[476772.5641,7718107.7422],[476773.1709,7718107.9048],[476773.7649,7718108.1093],[476774.3431,7718108.3548],[476774.9028,7718108.64],[476775.3088,7718108.8791],[476775.9559,7718109.3238],[476776.3246,7718109.6172],[476776.7915,7718110.0375],[476777.3319,7718110.607],[476777.7273,7718111.0952],[476778.172,7718111.7423],[476778.4111,7718112.1483],[476778.6963,7718112.708],[476778.8241,7718112.995],[476778.9418,7718113.2862],[476779.0492,7718113.5814],[476779.1909,7718114.0308],[476779.3089,7718114.487],[476779.3742,7718114.7943],[476779.4725,7718115.4147],[476779.5176,7718115.8837],[476779.5395,7718116.6588],[476779.5395,7718160.157],[476779.5395,7718194.0035],[476779.3724,7718195.9136],[476778.8761,7718197.7657],[476778.0658,7718199.5035],[476776.966,7718201.0742],[476775.6102,7718202.43],[476774.0395,7718203.5298],[476772.3017,7718204.3401],[476770.4496,7718204.8364],[476768.5395,7718205.0035]],[[476796.5345,7718099.5116],[476794.1336,7718099.1853],[476792.4946,7718098.5537],[476791.1363,7718097.7127],[476789.9276,7718096.6226],[476789.0688,7718095.5374],[476788.1471,7718093.7746],[476787.7465,7718092.4523],[476787.535,7718090.5741],[476787.5348,7718089.2525],[476787.5348,7718087.1888],[476787.5348,7718084.9663],[476787.5348,7718083.3788],[476787.5348,7718077.6419],[476787.5348,7718061.4483],[476787.5348,7718026.5693],[476787.7002,7718024.852],[476788.1902,7718023.1978],[476789.2537,7718021.2792],[476790.5126,7718019.8809],[476793.0182,7718018.2847],[476794.2054,7718017.8759],[476796.5348,7718017.5693],[476851.5396,7718017.5693],[476854.3207,7718018.0097],[476856.3088,7718018.9368],[476858.2279,7718020.5471],[476859.172,7718021.8],[476859.9418,7718023.3439],[476860.4902,7718025.6285],[476860.5395,7718061.2478],[476860.5395,7718081.4553],[476860.5395,7718090.5116],[476860.472,7718091.6124],[476860.174,7718093.0506],[476859.548,7718094.6183],[476858.6133,7718096.0759],[476857.4424,7718097.3054],[476856.3606,7718098.1114],[476854.8523,7718098.8797],[476853.8176,7718099.2893],[476851.5396,7718099.5116],[476849.3735,7718099.5116],[476796.5345,7718099.5116]]]},"properties":{"OBJECTID":140,"Layer":null,"RefName":null,"Area_ha":null,"Shape__Area":11000.706787109375,"Shape__Length":2321.862882221063}},{"type":"Feature","id":145,"geometry":{"type":"Polygon","coordinates":[[[476670.2909,7718315.5702],[476693.7876,7718315.5702],[476693.7876,7718302.5702],[476670.2909,7718302.5702],[476670.2909,7718315.5702]]]},"properties":{"OBJECTID":145,"Layer":null,"RefName":null,"Area_ha":null,"Shape__Area":305.45703125,"Shape__Length":72.99340000003576}},{"type":"Feature","id":146,"geometry":{"type":"Polygon","coordinates":[[[476707.9944,7718232.2363],[476710.4943,7718232.2888],[476710.4945,7718229.7888],[476710.7797,7718227.2301],[476711.7525,7718224.3043],[476712.9579,7718222.2215],[476714.6488,7718220.2548],[476716.55,7718218.7355],[476719.4104,7718217.3],[476721.7844,7718216.6804],[476723.9929,7718216.4985],[476850.1179,7718216.4993],[476852.2345,7718216.4873],[476853.962,7718216.3551],[476855.6451,7718216.083],[476857.3619,7718215.6537],[476859.2781,7718214.9807],[476860.6865,7718214.3432],[476862.339,7718213.4212],[476864.0876,7718212.2067],[476865.692,7718210.8259],[476867.0766,7718209.3675],[476867.8781,7718208.3748],[476868.8448,7718206.9821],[476870.0117,7718204.8796],[476870.8231,7718202.9434],[476871.349,7718201.2579],[476871.7435,7718199.4442],[476871.9535,7718197.8252],[476872.035,7718195.9993],[476872.0348,7718026.5692],[476871.9355,7718024.5536],[476871.7059,7718022.9116],[476871.3489,7718021.3106],[476870.8881,7718019.809],[476870.2976,7718018.3104],[476869.6749,7718017.02],[476868.8382,7718015.5764],[476867.6658,7718013.9185],[476866.1946,7718012.2395],[476865.0056,7718011.1165],[476862.7875,7718009.4337],[476860.768,7718008.2663],[476858.4594,7718007.2742],[476856.6123,7718006.708],[476853.5133,7718006.165],[476851.5348,7718006.0693],[476849.7766,7718006.0693],[476797.2302,7718006.0693],[476795.6645,7718006.0872],[476794.0944,7718006.2139],[476791.592,7718006.6719],[476789.4884,7718007.3154],[476787.7098,7718008.0623],[476785.7435,7718009.1347],[476784.2044,7718010.1865],[476782.5735,7718011.5515],[476781.4202,7718012.7123],[476780.3466,7718013.9828],[476779.4523,7718015.2259],[476778.6688,7718016.5047],[476778.0844,7718017.6209],[476777.3406,7718019.3531],[476776.8466,7718020.8363],[476776.4914,7718022.239],[476776.1795,7718024.09],[476776.0465,7718025.7302],[476776.0427,7718028.1902],[476776.0365,7718032.238],[476776.0309,7718035.8846],[476776.0387,7718085.4941],[476776.0391,7718087.7431],[476776.0394,7718089.3306],[476776.0395,7718090.5116],[476775.9671,7718091.4014],[476775.4857,7718092.9168],[476774.736,7718094.0668],[476773.9181,7718094.8515],[476772.7969,7718095.527],[476771.6339,7718095.9016],[476770.5395,7718096.0116],[476719.0959,7718096.0116],[476716.6485,7718096.0116],[476714.4247,7718096.0723],[476712.7761,7718096.2669],[476710.6549,7718096.7211],[476708.2153,7718097.5478],[476706.5032,7718098.3447],[476704.6781,7718099.4226],[476703.0956,7718100.584],[476701.5616,7718101.9602],[476700.4884,7718103.1103],[476699.5397,7718104.2944],[476698.6813,7718105.5451],[476697.8582,7718106.9685],[476696.9649,7718108.9051],[476696.2222,7718111.1235],[476695.7768,7718113.1631],[476695.5631,7718114.9226],[476695.5014,7718117.4966],[476695.5014,7718125.4341],[476695.5013,7718134.6019],[476695.5002,7718239.1125],[476695.4997,7718290.241],[476645.1054,7718290.2404],[476645.1054,7718292.7404],[476695.4997,7718292.741],[476695.4989,7718373.2184],[476697.9989,7718373.2184],[476697.9997,7718290.1276],[476698.0002,7718239.774],[476698.0013,7718134.6019],[476698.0014,7718116.5115],[476698.0738,7718114.8992],[476698.3803,7718112.8383],[476699.0126,7718110.5635],[476699.4788,7718109.3699],[476700.1817,7718107.9247],[476700.949,7718106.6413],[476702.0016,7718105.1977],[476703.4277,7718103.6314],[476704.9214,7718102.326],[476706.0805,7718101.4924],[476708.277,7718100.2533],[476710.9293,7718099.241],[476713.006,7718098.7626],[476716.0014,7718098.5116],[476719.0959,7718098.5116],[476770.5395,7718098.5116],[476771.986,7718098.3797],[476773.4105,7718097.9786],[476774.4618,7718097.4841],[476775.9325,7718096.4206],[476777.0421,7718095.1717],[476777.7482,7718093.9808],[476778.2829,7718092.5217],[476778.5082,7718091.219],[476778.5387,7718085.2956],[476778.5309,7718035.9507],[476778.5301,7718030.6511],[476778.5296,7718027.5555],[476778.5652,7718025.4317],[476778.9548,7718022.6764],[476779.2713,7718021.4523],[476779.8566,7718019.7833],[476780.6636,7718018.0655],[476781.7372,7718016.311],[476782.73,7718015.0098],[476783.7382,7718013.9031],[476785.0505,7718012.7027],[476786.1666,7718011.85],[476787.869,7718010.7883],[476789.2025,7718010.1268],[476790.9076,7718009.4687],[476792.8017,7718008.9588],[476795.2754,7718008.6126],[476797.0715,7718008.5693],[476849.7766,7718008.5693],[476853.2256,7718008.6488],[476855.9153,7718009.1104],[476857.4094,7718009.5549],[476859.0612,7718010.2183],[476860.4296,7718010.9205],[476861.5804,7718011.6332],[476862.9594,7718012.6595],[476864.3503,7718013.9295],[476865.9831,7718015.8339],[476867.3064,7718017.8942],[476868.476,7718020.4867],[476868.9189,7718021.9009],[476869.3077,7718023.7192],[476869.491,7718025.3143],[476869.5348,7718026.5691],[476869.535,7718195.9993],[476869.4174,7718198.0536],[476869.1128,7718199.8747],[476868.6392,7718201.6068],[476868.1555,7718203.117],[476867.3399,7718204.6136],[476866.3464,7718206.2278],[476865.3803,7718207.5017],[476864.2892,7718208.7009],[476863.0817,7718209.8078],[476862.0046,7718210.6413],[476860.2449,7718211.7517],[476858.7595,7718212.4858],[476857.2859,7718213.0559],[476856.1548,7718213.3963],[476854.7767,7718213.705],[476853.4476,7718213.8974],[476852.1552,7718213.9886],[476850.1179,7718213.9993],[476723.9929,7718213.9985],[476722.2488,7718214.0938],[476720.7927,7718214.3218],[476718.8166,7718214.8589],[476716.9307,7718215.6414],[476715.4103,7718216.4952],[476713.8746,7718217.6041],[476712.9971,7718218.3755],[476711.9015,7718219.5199],[476711.1068,7718220.5143],[476710.3369,7718221.6609],[476709.6759,7718222.8552],[476709.2618,7718223.7538],[476708.8142,7718224.9379],[476708.4708,7718226.1171],[476708.2335,7718227.234],[476708.0644,7718228.487],[476707.9942,7718229.7888],[476707.9944,7718232.2363]]]},"properties":{"OBJECTID":146,"Layer":null,"RefName":null,"Area_ha":null,"Shape__Area":2336.670166015625,"Shape__Length":1873.915298531755}},{"type":"Feature","id":147,"geometry":{"type":"Polygon","coordinates":[[[476756.9382,7718351.6424],[476776.9382,7718351.6424],[476776.9382,7718331.8924],[476756.9382,7718331.8924],[476756.9382,7718351.6424]]]},"properties":{"OBJECTID":147,"Layer":null,"RefName":null,"Area_ha":null,"Shape__Area":395.00048828125,"Shape__Length":79.5}},{"type":"Feature","id":148,"geometry":{"type":"Polygon","coordinates":[[[476714.5078,7718332.9929],[476718.7078,7718332.9929],[476718.7078,7718325.893],[476715.8078,7718325.893],[476715.8078,7718327.476],[476715.4578,7718327.493],[476715.4578,7718326.3811],[476714.5078,7718326.3811],[476714.5078,7718332.9929]]]},"properties":{"OBJECTID":148,"Layer":null,"RefName":null,"Area_ha":null,"Shape__Area":28.79931640625,"Shape__Length":24.80701261370626}},{"type":"Feature","id":149,"geometry":{"type":"Polygon","coordinates":[[[476742.2779,7718359.5642],[476742.2642,7718359.4079],[476742.2236,7718359.2564],[476742.1573,7718359.1142],[476742.0673,7718358.9857],[476741.9564,7718358.8748],[476741.8279,7718358.7848],[476741.6857,7718358.7185],[476741.5342,7718358.6779],[476741.3779,7718358.6642],[476741.2216,7718358.6779],[476741.0701,7718358.7185],[476740.9279,7718358.7848],[476740.7994,7718358.8748],[476740.6885,7718358.9857],[476740.5985,7718359.1142],[476740.5322,7718359.2564],[476740.4916,7718359.4079],[476740.4779,7718359.5642],[476740.4916,7718359.7205],[476740.5322,7718359.872],[476740.5985,7718360.0142],[476740.6885,7718360.1427],[476740.7994,7718360.2536],[476740.9279,7718360.3436],[476741.0701,7718360.4099],[476741.2216,7718360.4505],[476741.3779,7718360.4642],[476741.5342,7718360.4505],[476741.6857,7718360.4099],[476741.8279,7718360.3436],[476741.9564,7718360.2536],[476742.0673,7718360.1427],[476742.1573,7718360.0142],[476742.2236,7718359.872],[476742.2642,7718359.7205],[476742.2779,7718359.5642]]]},"properties":{"OBJECTID":149,"Layer":null,"RefName":null,"Area_ha":null,"Shape__Area":2.531005859375,"Shape__Length":5.647541612189299}},{"type":"Feature","id":150,"geometry":{"type":"Polygon","coordinates":[[[476742.9779,7718361.6201],[476739.7779,7718361.6201],[476739.7779,7718369.1201],[476742.9779,7718369.1201],[476742.9779,7718361.6201]]]},"properties":{"OBJECTID":150,"Layer":null,"RefName":null,"Area_ha":null,"Shape__Area":23.99951171875,"Shape__Length":21.40000000037253}},{"type":"Feature","id":151,"geometry":{"type":"Polygon","coordinates":[[[476720.7134,7718288.5594],[476773.1134,7718288.5594],[476773.1142,7718235.3594],[476720.7142,7718235.3594],[476720.7134,7718288.5594]]]},"properties":{"OBJECTID":151,"Layer":null,"RefName":null,"Area_ha":null,"Shape__Area":2787.679931640625,"Shape__Length":211.2000000103537}},{"type":"Feature","id":152,"geometry":{"type":"Polygon","coordinates":[[[476720.3142,7718192.0001],[476763.1142,7718192.0001],[476763.1142,7718161.7001],[476720.3142,7718161.7001],[476720.3142,7718192.0001]]]},"properties":{"OBJECTID":152,"Layer":null,"RefName":null,"Area_ha":null,"Shape__Area":1296.84033203125,"Shape__Length":146.19999999925494}},{"type":"Feature","id":153,"geometry":{"type":"Polygon","coordinates":[[[476807.7927,7718086.9933],[476807.7927,7718083.9933],[476807.7927,7718076.7933],[476796.9427,7718076.7933],[476796.9427,7718087.6433],[476807.7927,7718087.6433],[476807.7927,7718086.9933]]]},"properties":{"OBJECTID":153,"Layer":null,"RefName":null,"Area_ha":null,"Shape__Area":117.72265625,"Shape__Length":43.40000000037253}},{"type":"Feature","id":154,"geometry":{"type":"Polygon","coordinates":[[[476807.7927,7718086.9933],[476809.236,7718086.9933],[476809.236,7718083.9933],[476807.7927,7718083.9933],[476807.7927,7718086.9933]]]},"properties":{"OBJECTID":154,"Layer":null,"RefName":null,"Area_ha":null,"Shape__Area":4.330078125,"Shape__Length":8.886599998921156}},{"type":"Feature","id":155,"geometry":{"type":"Polygon","coordinates":[[[476796.4168,7718191.9962],[476838.4668,7718191.9962],[476838.4668,7718122.6962],[476796.4168,7718122.6962],[476796.4168,7718191.9962]]]},"properties":{"OBJECTID":155,"Layer":null,"RefName":null,"Area_ha":null,"Shape__Area":2914.064453125,"Shape__Length":222.69999999925494}},{"type":"Feature","id":156,"geometry":{"type":"Polygon","coordinates":[[[476685.9769,7718320.0673],[476685.975,7718342.0672],[476693.2909,7718342.0673],[476693.2919,7718320.0673],[476685.9769,7718320.0673]]]},"properties":{"OBJECTID":156,"Layer":null,"RefName":null,"Area_ha":null,"Shape__Area":160.939453125,"Shape__Length":58.63080010584845}},{"type":"Feature","id":157,"geometry":{"type":"Polygon","coordinates":[[[476675.1714,7718329.1096],[476680.9717,7718329.1096],[476680.9717,7718324.4096],[476675.1714,7718324.4096],[476675.1714,7718329.1096]]]},"properties":{"OBJECTID":157,"Layer":null,"RefName":null,"Area_ha":null,"Shape__Area":27.26123046875,"Shape__Length":21.00059999898076}},{"type":"Feature","id":158,"geometry":{"type":"Polygon","coordinates":[[[476680.9717,7718326.6096],[476685.9763,7718326.6101],[476685.9764,7718326.1103],[476680.9717,7718326.1098],[476680.9717,7718326.6096]]]},"properties":{"OBJECTID":158,"Layer":null,"RefName":null,"Area_ha":null,"Shape__Area":2.501220703125,"Shape__Length":11.008900061602615}},{"type":"Feature","id":159,"geometry":{"type":"Polygon","coordinates":[[[476671.7725,7718322.5849],[476673.9725,7718322.5849],[476673.9725,7718320.3849],[476671.7725,7718320.3849],[476671.7725,7718322.5849]]]},"properties":{"OBJECTID":159,"Layer":null,"RefName":null,"Area_ha":null,"Shape__Area":4.84033203125,"Shape__Length":8.800000000745058}},{"type":"Feature","id":175,"geometry":{"type":"Polygon","coordinates":[[[476712.5509,7718308.2835],[476712.5509,7718308.2587],[476778.8792,7718308.2785],[476778.8792,7718305.7785],[476712.5461,7718305.7379],[476711.8052,7718305.4772],[476711.2519,7718305.0706],[476710.9358,7718304.6962],[476710.6758,7718304.2118],[476710.5455,7718303.7785],[476710.5195,7718301.3406],[476708.0195,7718301.3406],[476708.0267,7718303.8406],[476708.2097,7718304.7281],[476708.4737,7718305.4134],[476708.8781,7718306.116],[476709.3713,7718306.7236],[476709.8611,7718307.1745],[476710.3838,7718307.5425],[476710.9252,7718307.83],[476711.5516,7718308.0656],[476712.5509,7718308.2835]]]},"properties":{"OBJECTID":175,"Layer":null,"RefName":null,"Area_ha":null,"Shape__Area":184.967041015625,"Shape__Length":152.432378705087}},{"type":"Feature","id":177,"geometry":{"type":"Polygon","coordinates":[[[476739.2697,7718200.0976],[476741.7697,7718200.0976],[476741.7698,7718197.5976],[476739.2698,7718197.5976],[476739.2697,7718200.0976]]]},"properties":{"OBJECTID":177,"Layer":null,"RefName":null,"Area_ha":null,"Shape__Area":6.25048828125,"Shape__Length":10.000000003999986}},{"type":"Feature","id":178,"geometry":{"type":"Polygon","coordinates":[[[476766.5397,7718200.098],[476769.0398,7718200.098],[476769.0398,7718197.598],[476766.5398,7718197.5979],[476766.5397,7718200.098]]]},"properties":{"OBJECTID":178,"Layer":null,"RefName":null,"Area_ha":null,"Shape__Area":6.250244140625,"Shape__Length":10.00020000459152}},{"type":"Feature","id":179,"geometry":{"type":"Polygon","coordinates":[[[476741.7697,7718200.0976],[476739.2697,7718200.0976],[476739.2697,7718201.5035],[476717.9983,7718201.5035],[476716.6959,7718201.3896],[476715.4332,7718201.0512],[476714.2483,7718200.4987],[476713.1774,7718199.7489],[476712.253,7718198.8245],[476711.5031,7718197.7536],[476710.9506,7718196.5687],[476710.6123,7718195.306],[476710.4983,7718194.0036],[476710.498,7718116.4373],[476710.5658,7718115.5821],[476710.7676,7718114.7482],[476711.0983,7718113.9566],[476711.5496,7718113.227],[476712.1102,7718112.5777],[476712.7662,7718112.0248],[476713.5012,7718111.5822],[476714.2967,7718111.261],[476715.1328,7718111.0692],[476715.9888,7718111.0116],[476770.5395,7718111.0116],[476771.4946,7718111.0952],[476772.4206,7718111.3433],[476773.2895,7718111.7485],[476774.0748,7718112.2984],[476774.7527,7718112.9763],[476775.3026,7718113.7616],[476775.7078,7718114.6305],[476775.9559,7718115.5565],[476776.0395,7718116.5116],[476776.0395,7718194.0035],[476775.935,7718195.251],[476775.6245,7718196.4638],[476775.1165,7718197.6081],[476774.4253,7718198.6519],[476773.5701,7718199.5661],[476772.5748,7718200.3254],[476771.467,7718200.9086],[476770.2776,7718201.2993],[476769.0398,7718201.4868],[476769.0398,7718200.098],[476766.5397,7718200.098],[476766.5397,7718202.0036],[476766.5643,7718202.3165],[476766.6375,7718202.6216],[476766.7576,7718202.9115],[476766.9216,7718203.1791],[476767.1254,7718203.4177],[476767.364,7718203.6216],[476767.6316,7718203.7855],[476767.9215,7718203.9056],[476768.2267,7718203.9789],[476768.5395,7718204.0035],[476770.1038,7718203.8804],[476771.6297,7718203.5141],[476773.0794,7718202.9136],[476774.4174,7718202.0937],[476775.6106,7718201.0746],[476776.6297,7718199.8814],[476777.4496,7718198.5434],[476778.0501,7718197.0937],[476778.4164,7718195.5678],[476778.5395,7718194.0035],[476778.5395,7718116.5116],[476778.418,7718115.1224],[476778.057,7718113.7754],[476777.4677,7718112.5116],[476776.6679,7718111.3693],[476775.6818,7718110.3832],[476774.5395,7718109.5834],[476773.2757,7718108.9941],[476771.9287,7718108.6331],[476770.5395,7718108.5116],[476716.0023,7718108.5116],[476714.7538,7718108.5981],[476713.5344,7718108.8801],[476712.3746,7718109.3504],[476711.3033,7718109.9975],[476710.3472,7718110.8051],[476709.5302,7718111.7532],[476708.8726,7718112.818],[476708.3908,7718113.9731],[476708.0968,7718115.1897],[476707.998,7718116.4373],[476707.9983,7718194.0036],[476708.1502,7718195.7401],[476708.6014,7718197.4238],[476709.3381,7718199.0036],[476710.3379,7718200.4314],[476711.5705,7718201.664],[476712.9983,7718202.6638],[476714.5781,7718203.4004],[476716.2618,7718203.8516],[476717.9983,7718204.0035],[476739.7696,7718204.0035],[476740.1169,7718203.9731],[476740.4537,7718203.8829],[476740.7696,7718203.7355],[476741.0552,7718203.5355],[476741.3017,7718203.289],[476741.5017,7718203.0034],[476741.6491,7718202.6875],[476741.7393,7718202.3507],[476741.7697,7718202.0034],[476741.7697,7718200.0976]]]},"properties":{"OBJECTID":179,"Layer":null,"RefName":null,"Area_ha":null,"Shape__Area":714.795166015625,"Shape__Length":576.8153051643593}},{"type":"Feature","id":181,"geometry":{"type":"Polygon","coordinates":[[[476859.5395,7718090.5411],[476859.5395,7718026.5713],[476859.4413,7718025.3196],[476859.1485,7718024.0987],[476858.6682,7718022.9386],[476858.0124,7718021.868],[476857.1971,7718020.9132],[476856.2425,7718020.0976],[476855.172,7718019.4415],[476854.0121,7718018.961],[476852.7913,7718018.6678],[476851.5396,7718018.5693],[476796.5348,7718018.5693],[476795.2833,7718018.6678],[476794.0627,7718018.9608],[476792.9029,7718019.4412],[476791.8325,7718020.0972],[476790.8779,7718020.9124],[476790.0627,7718021.867],[476789.4067,7718022.9374],[476788.9263,7718024.0972],[476788.6333,7718025.3178],[476788.5348,7718026.5693],[476788.535,7718090.5741],[476788.6336,7718091.8215],[476788.9271,7718093.038],[476789.4081,7718094.1932],[476790.0646,7718095.2585],[476790.8804,7718096.2073],[476791.8352,7718097.0162],[476792.9052,7718097.665],[476794.0639,7718098.1375],[476795.2825,7718098.4221],[476796.5306,7718098.5116],[476851.5348,7718098.5116],[476852.9211,7718098.3906],[476854.2654,7718098.0315],[476855.5273,7718097.4449],[476856.6685,7718096.6486],[476857.6546,7718095.6668],[476858.4557,7718094.529],[476859.0477,7718093.2697],[476859.4126,7718091.9268],[476859.5395,7718090.5411]],[[476857.0395,7718090.5304],[476856.9522,7718091.4833],[476856.7013,7718092.4068],[476856.2942,7718093.2728],[476855.7433,7718094.0552],[476855.0652,7718094.7304],[476854.2804,7718095.278],[476853.4126,7718095.6814],[476852.4881,7718095.9284],[476851.5348,7718096.0116],[476796.5206,7718096.0116],[476795.6647,7718095.9514],[476794.8288,7718095.7574],[476794.034,7718095.4343],[476793.2998,7718094.9901],[476792.6446,7718094.436],[476792.0848,7718093.7858],[476791.6342,7718093.0556],[476791.3041,7718092.2636],[476791.1027,7718091.4295],[476791.035,7718090.5741],[476791.0348,7718026.5693],[476791.1025,7718025.7089],[476791.304,7718024.8697],[476791.6343,7718024.0723],[476792.0852,7718023.3365],[476792.6457,7718022.6802],[476793.302,7718022.1197],[476794.0378,7718021.6688],[476794.8352,7718021.3385],[476795.6744,7718021.137],[476796.5348,7718021.0693],[476851.5396,7718021.0693],[476852.4006,7718021.1371],[476853.2404,7718021.3389],[476854.0383,7718021.6697],[476854.7745,7718022.1212],[476855.4309,7718022.6825],[476855.9914,7718023.3396],[476856.4421,7718024.0764],[476856.7719,7718024.8747],[476856.9727,7718025.7147],[476857.0395,7718026.5758],[476857.0395,7718090.5304]]]},"properties":{"OBJECTID":181,"Layer":null,"RefName":null,"Area_ha":null,"Shape__Area":700.366943359375,"Shape__Length":560.5683968285696}},{"type":"Feature","id":183,"geometry":{"type":"Polygon","coordinates":[[[476859.5394,7718194.0035],[476859.5395,7718116.5116],[476859.441,7718115.2597],[476859.1477,7718114.0387],[476858.667,7718112.8786],[476858.0107,7718111.808],[476857.1949,7718110.8533],[476856.2398,7718110.038],[476855.1689,7718109.3822],[476854.0085,7718108.9021],[476852.7873,7718108.6095],[476851.5354,7718108.5116],[476796.5348,7718108.5116],[476795.2833,7718108.6101],[476794.0627,7718108.9031],[476792.9029,7718109.3835],[476791.8325,7718110.0395],[476790.8779,7718110.8547],[476790.0627,7718111.8093],[476789.4067,7718112.8797],[476788.9263,7718114.0395],[476788.6333,7718115.2601],[476788.5348,7718116.5116],[476788.5354,7718194.0036],[476788.6873,7718195.7401],[476789.1385,7718197.4238],[476789.8752,7718199.0036],[476790.875,7718200.4314],[476792.1076,7718201.664],[476793.5354,7718202.6638],[476795.1152,7718203.4004],[476796.7989,7718203.8516],[476798.5354,7718204.0035],[476849.5394,7718204.0035],[476851.2759,7718203.8516],[476852.9596,7718203.4004],[476854.5394,7718202.6638],[476855.9673,7718201.6639],[476857.1998,7718200.4314],[476858.1997,7718199.0035],[476858.9363,7718197.4237],[476859.3875,7718195.74],[476859.5394,7718194.0035]],[[476857.0394,7718194.0035],[476856.9255,7718195.3059],[476856.5871,7718196.5687],[476856.0346,7718197.7535],[476855.2847,7718198.8244],[476854.3603,7718199.7488],[476853.2894,7718200.4987],[476852.1046,7718201.0512],[476850.8418,7718201.3896],[476849.5394,7718201.5035],[476798.5354,7718201.5035],[476797.233,7718201.3896],[476795.9703,7718201.0512],[476794.7854,7718200.4987],[476793.7145,7718199.7489],[476792.7901,7718198.8245],[476792.0402,7718197.7536],[476791.4877,7718196.5687],[476791.1494,7718195.3059],[476791.0354,7718194.0036],[476791.0348,7718116.5116],[476791.1025,7718115.6512],[476791.304,7718114.812],[476791.6343,7718114.0146],[476792.0852,7718113.2788],[476792.6457,7718112.6225],[476793.302,7718112.062],[476794.0378,7718111.6111],[476794.8352,7718111.2808],[476795.6744,7718111.0793],[476796.5348,7718111.0116],[476851.5367,7718111.0116],[476852.3974,7718111.0789],[476853.237,7718111.2801],[476854.0347,7718111.6102],[476854.771,7718112.061],[476855.4276,7718112.6215],[476855.9884,7718113.2779],[476856.4397,7718114.0139],[476856.7701,7718114.8115],[476856.9717,7718115.6509],[476857.0395,7718116.5116],[476857.0394,7718194.0035]]]},"properties":{"OBJECTID":183,"Layer":null,"RefName":null,"Area_ha":null,"Shape__Area":773.65234375,"Shape__Length":619.2611227911141}},{"type":"Feature","id":184,"geometry":{"type":"Polygon","coordinates":[[[476227.528,7719135.8814],[476087.9368,7719135.8814],[476087.5173,7719137.2818],[476227.528,7719137.2814],[476227.528,7719135.8814]]]},"properties":{"OBJECTID":184,"Layer":null,"RefName":null,"Area_ha":null,"Shape__Area":195.74951171875,"Shape__Length":282.4637824873049}},{"type":"Feature","id":185,"geometry":{"type":"Polygon","coordinates":[[[476087.2671,7719133.9352],[475974.7282,7719509.6384],[475975.8844,7719509.9607],[476088.4199,7719134.2685],[476087.2671,7719133.9352]]]},"properties":{"OBJECTID":185,"Layer":null,"RefName":null,"Area_ha":null,"Shape__Area":470.632568359375,"Shape__Length":786.7812837668737}},{"type":"Feature","id":187,"geometry":{"type":"Polygon","coordinates":[[[475975.8844,7719509.9607],[475974.7282,7719509.6384],[475941.9169,7719533.9619],[475942.6935,7719534.5229],[475975.8844,7719509.9607]]]},"properties":{"OBJECTID":187,"Layer":null,"RefName":null,"Area_ha":null,"Shape__Area":38.19677734375,"Shape__Length":84.29298045281104}},{"type":"Feature","id":188,"geometry":{"type":"Polygon","coordinates":[[[476208.7332,7719124.2258],[476208.7424,7719135.8814],[476210.1314,7719135.8814],[476210.1332,7719124.2258],[476208.7332,7719124.2258]]]},"properties":{"OBJECTID":188,"Layer":null,"RefName":null,"Area_ha":null,"Shape__Area":16.25390625,"Shape__Length":26.10020377101162}},{"type":"Feature","id":189,"geometry":{"type":"Polygon","coordinates":[[[476225.6351,7719135.8814],[476225.6399,7718966.3105],[476224.8399,7718966.3105],[476224.8414,7719135.8814],[476225.6351,7719135.8814]]]},"properties":{"OBJECTID":189,"Layer":null,"RefName":null,"Area_ha":null,"Shape__Area":135.1220703125,"Shape__Length":340.73550007498784}},{"type":"Feature","id":190,"geometry":{"type":"Polygon","coordinates":[[[476223.4909,7718970.6523],[476279.7393,7718970.6523],[476279.7393,7718969.8523],[476223.4909,7718969.8523],[476223.4909,7718970.6523]]]},"properties":{"OBJECTID":190,"Layer":null,"RefName":null,"Area_ha":null,"Shape__Area":44.9990234375,"Shape__Length":114.09679999947548}},{"type":"Feature","id":191,"geometry":{"type":"Polygon","coordinates":[[[476224.1399,7718968.1835],[476224.1399,7718861.3519],[476267.0986,7718861.3521],[476267.0986,7718860.5521],[476223.3399,7718860.5588],[476223.3399,7718968.1835],[476224.1399,7718968.1835]]]},"properties":{"OBJECTID":191,"Layer":null,"RefName":null,"Area_ha":null,"Shape__Area":120.32080078125,"Shape__Length":302.7737005141103}},{"type":"Feature","id":192,"geometry":{"type":"Polygon","coordinates":[[[476352.7513,7718261.709],[476386.0889,7718270.7048],[476455.4098,7718184.9797],[476352.7513,7718185.5088],[476352.7513,7718261.709]]]},"properties":{"OBJECTID":192,"Layer":"Waste Management (0.57ha)","RefName":null,"Area_ha":0.5652032138863584,"Shape__Area":5652.03173828125,"Shape__Length":323.6360477388585}},{"type":"Feature","id":193,"geometry":{"type":"Polygon","coordinates":[[[476541.9732,7718332.2871],[476574.4695,7718274.6771],[476485.3175,7718210.0184],[476413.1501,7718297.1911],[476541.9732,7718332.2871]]]},"properties":{"OBJECTID":193,"Layer":"Concrete Batching Plant (1.05ha)","RefName":null,"Area_ha":1.0499929876260758,"Shape__Area":10499.929931640625,"Shape__Length":422.961340701838}}]}